10-stone swing	十星石回转
10-tonze slash	十吨挥打
10-tonze smash	十吨挥打
10-tonze stomp	十吨重踏
10-tonze swing	十吨回转
10-tonze swipe	十吨横扫
10-tonze wave	十吨波动
10-trolley tap	十车横扫
10-trolley torque	十车回转
10-trolley wallop	十车挥打
100 needles	百针刺
100-kuponze swipe	百库啵横扫
100-megatonze shock	亿万吨震荡
100-stone smash	百星石挥打
100-stone swing	百星石回转
100-stone swipe	百星石重击
100-tonze slash	百吨挥打
100-tonze swing	百吨回转
100-tonze swipe	百吨横扫
1000 barbs	千针棘
1000 needles	千针刺
1000 spines	万水千针
1000-kuponze charge	千库啵冲锋
1000-kuponze swipe	千库啵横扫
1000-stone swing	千星石回转
1000-tonze swing	千吨回转
1000-tonze swipe	千吨横扫
11-tonze cyclone	十一吨旋风
11-tonze swipe	十一吨横扫
111-tonze swing	百十一吨回转
1111-tonze swing	千百十一吨回转
128-tonze swing	百廿八吨回转
129th order priest	第129团祭司
12th legion armored weapon	第十二军团武装重甲
12th legion avenger	第十二军团魔导复仇者
12th legion bit	第十二军团浮游炮
12th legion canis pugnax	第十二军团军犬
12th legion centurion	第十二军团百夫长
12th legion colossus	第十二军团魔导巨兵
12th legion death claw	第十二军团魔导死亡爪
12th legion eques	第十二军团骑士
12th legion gunship	第十二军团魔导炮艇
12th legion hastatus	第十二军团青年兵
12th legion hexadrone	第十二军团魔导六轮装甲
12th legion hoplomachus	第十二军团剑斗士
12th legion laquearius	第十二军团绳斗士
12th legion optio	第十二军团副官
12th legion packer	第十二军团包装爪
12th legion predator	第十二军团魔导猎手
12th legion princeps	第十二军团首领
12th legion reaper	第十二军团魔导死神
12th legion rearguard	第十二军团魔导后卫
12th legion roader	第十二军团魔导机车大魔
12th legion secutor	第十二军团拳斗士
12th legion signifer	第十二军团旗手
12th legion slasher	第十二军团魔导螳螂
12th legion tesserarius	第十二军团传令官
12th legion triarius	第十二军团角斗士
12th legion vanguard	第十二军团魔导先锋
13th child	第十三个孩子
13th order alchemist	第13团炼金术士
13th order patrolman	第13团巡视员
13th order priest	第65团祭司
13th order quarryman	第13团采石员
13th order roundsman	第13团巡逻员
13th order scholar	第13团学者
13th order watchman	第13团看守
16-tonze swipe	十六吨横扫
179th order fugleman	第179团指导者
179th order prelate	第179团高级教士
18-ponze cannon	18星磅炮
1st chamber	第一区
1st cohort eques	第一大队骑士
1st cohort hoplomachus	第一大队剑斗士
1st cohort laquearius	第一大队绳斗士
1st cohort medicus	第一大队医护兵
1st cohort primi ordines	第一大队第一百夫长
1st cohort sagittarius	第一大队弓斗士
1st cohort secutor	第一大队拳斗士
1st cohort signifer	第一大队旗手
1st legion laquearius	第一军团绳斗士
1st legion soldier	第一军团士兵
1st maniple centurion	第一中队百夫长
1st maniple eques	第一中队骑士
1st maniple imaginifer	第一中队咒法士
1st maniple medicus	第一中队医护兵
1st maniple sagittarius	第一中队弓斗士
1st maniple signifer	第一中队旗手
2-snap twist	二连指向＆定格
2-tonze magitek missile	大型魔导飞弹
2000-mina slash	二千迈纳挥打
2000-mina swing	二千迈纳回转
2000-mina swipe	二千迈纳横扫
21o self-consciousness data	21O：自我数据
24-carat inhale	黄金吸气
24-carat swing	黄金回转
271st order watchman	第271团看守
2b's room	2B的房间
2nd chamber	第二区
2nd cohort eques	第二大队骑士
2nd cohort hoplomachus	第二大队剑斗士
2nd cohort laquearius	第二大队绳斗士
2nd cohort optio	第二大队副官
2nd cohort princeps	第二大队首领
2nd cohort secutor	第二大队拳斗士
2nd cohort signifer	第二大队旗手
2nd cohort vanguard	第二大队魔导先锋
2nd maniple bestiarius	第二中队矛斗士
2nd maniple medicus	第二中队医护兵
2nd maniple triarius	第二中队角斗士
2nd maniple veles	第二中队前卫
2nd order alchemist	第2团炼金术士
2nd order pickman	第2团采集员
2nd order rocksplitter	第2团裂岩者
2nd order roundsman	第2团巡逻员
2p-operated flight unit	2P：装备飞行装置
3000 needles	三千针刺
3000-tonze missile	超大型导弹
32-tonze swipe	卅二吨重击
360-degree bombing maneuver	攻击：周边导弹轰炸
3rd chamber	第三区
3rd cohort bestiarius	第三大队矛斗士
3rd cohort canis pugnax	第三大队军犬
3rd cohort death claw	第三大队魔导死亡爪
3rd cohort decurion	第三大队十夫长
3rd cohort eques	第三大队骑士
3rd cohort funditor	第三大队箭斗士
3rd cohort hoplomachus	第三大队剑斗士
3rd cohort imaginifer	第三大队咒法士
3rd cohort laquearius	第三大队绳斗士
3rd cohort optio	第三大队副官
3rd cohort sagittarius	第三大队弓斗士
3rd cohort secutor	第三大队拳斗士
3rd cohort signifer	第三大队旗手
3rd cohort vanguard	第三大队先锋
3rd levy storm private	第3陆战队二等漩兵
3rd unit bowman	第三分队弓箭手
3rd unit lancer	第三分队枪术师
3rd unit mage	第三分队幻术师
4-snap twist	四连指向＆定格
4-tonze weight	4星吨
411th order priest	第411团祭司
426th order bedesman	第426团受施者
426th order missionary	第426团传教士
426th order patrolman	第426团巡视员
426th order pitman	第426团采矿员
4th chamber	第四区
4th cohort eques	第四大队骑士
4th cohort hoplomachus	第四大队剑斗士
4th cohort imaginifer	第四大队咒法士
4th cohort laquearius	第四大队绳斗士
4th cohort secutor	第四大队拳斗士
4th cohort signifer	第四大队旗手
4th cohort triarius	第四大队角斗士
4th cohort vanguard	第四大队魔导先锋
4th cohort war hound	第四大队战犬
4th legion aquilifer	第四军团鹰旗官
4th legion armored weapon	第四军团武装重甲
4th legion augur	第四军团先知
4th legion avenger	第四军团魔导复仇者
4th legion beastmaster	第四军团驯兽师
4th legion blackburn	第四军团黑色燃焰
4th legion cavalry	第四军团魔导骑兵
4th legion colossus	第四军团魔导巨兵
4th legion colossus rubricatus	第四军团魔导巨兵改
4th legion death claw	第四军团魔导死亡爪
4th legion death machine	第四军团死亡机器
4th legion decurion	第四军团十夫长
4th legion duplicarius	第四军团兵长
4th legion eques	第四军团骑士
4th legion escort	第四军团护卫
4th legion executioner	第四军团行刑者
4th legion gamma	第四军团伽马
4th legion gunship	第四军团魔导炮艇
4th legion helldiver	第四军团地狱潜者
4th legion hexadrone	第四军团魔导六轮装甲
4th legion hoplomachus	第四军团剑斗士
4th legion imaginifer	第四军团咒法士
4th legion infantry	第四军团魔导步兵
4th legion laquearius	第四军团绳斗士
4th legion medicus	第四军团医护兵
4th legion mystic	第四军团神秘人
4th legion nimrod	第四军团魔导强猎手
4th legion predator	第四军团魔导猎手
4th legion prometheus	第四军团普罗米修斯
4th legion pyromancer	第四军团火焰法师
4th legion reaper	第四军团魔导死神
4th legion rearguard	第四军团魔导后卫
4th legion roader	第四军团魔导机车大魔
4th legion satellite	第四军团辅助机甲
4th legion scorpion	第四军团守卫机蝎
4th legion scraper	第四军团魔导刮削装甲
4th legion secutor	第四军团拳斗士
4th legion signifer	第四军团旗手
4th legion sky armor	第四军团浮空装甲
4th legion slasher	第四军团魔导螳螂
4th legion supply ship	第四军团补给船
4th legion vanguard	第四军团魔导先锋
4th legion veles	第四军团前卫
4th-make belias	第四军团贝利亚斯
4th-make cuchulainn	第四军团丘库雷因
4th-make famfrit	第四军团法姆弗里特
4th-make hashmal	第四军团哈修马利姆
4th-make shemhazai	第四军团谢米哈扎
5000 needles	五千针刺
596th order priest	第596团祭司
596th order scout	第596团斥候
5th chamber	第五区
5th cohort decurion	第五大队十夫长
5th cohort eques	第五大队骑士
5th cohort evocatus	第五大队预备兵
5th cohort hoplomachus	第五大队剑斗士
5th cohort laquearius	第五大队绳斗士
5th cohort medicus	第五大队医护兵
5th cohort optio	第五大队副官
5th cohort sagittarius	第五大队弓斗士
5th cohort secutor	第五大队拳斗士
5th cohort signifer	第五大队旗手
5th cohort vanguard	第五大队魔导先锋
639th order priest	第639团祭司
6th chamber	第六区
6th cohort bit	第六大队魔导浮游炮
6th cohort centurion	第六大队百夫长
6th cohort colossus	第六大队魔导巨兵
6th cohort death claw	第六大队魔导死亡爪
6th cohort eques	第六大队骑士
6th cohort hoplomachus	第六大队剑斗士
6th cohort laquearius	第六大队绳斗士
6th cohort medicus	第六大队医护兵
6th cohort secutor	第六大队拳斗士
6th cohort signifer	第六大队旗手
6th cohort vanguard	第六大队魔导先锋
6th legion bestiarius	第六军团矛斗士
6th legion bit	第六军团浮游炮
6th legion colossus	第六军团魔导巨兵
6th legion death claw	第六军团魔导死亡爪
6th legion eques	第六军团骑士
6th legion execution claw	第六军团魔导死亡爪改
6th legion gunship	第六军团炮艇
6th legion hastatus	第六军团青年兵
6th legion hoplomachus	第六军团剑斗士
6th legion imaginifer	第六军团咒法士
6th legion laquearius	第六军团绳斗士
6th legion magitek vanguard	第六军团魔导先锋
6th legion medicus	第六军团医护兵
6th legion myrmillo	第六军团鱼斗士
6th legion optio	第六军团副官
6th legion retiarius	第六军团戟斗士
6th legion sagittarius	第六军团弓斗士
6th legion secutor	第六军团拳斗士
6th legion signifer	第六军团旗手
6th legion tesserarius	第六军团传令官
6th legion triarius	第六军团角斗士
6th legion vanguard	第六军团魔导先锋
6th legion veles	第六军团前卫
789th order dig	第789洞穴团采矿地
7th chamber	最终区
7th cohort aquilifer	第七大队鹰旗官
7th cohort centurion	第七大队百夫长
7th cohort colossus	第七大队魔导巨兵
7th cohort death claw	第七大队魔导死亡爪
7th cohort duplicarius	第七大队兵长
7th cohort eques	第七大队骑士
7th cohort hoplomachus	第七大队剑斗士
7th cohort laquearius	第七大队绳斗士
7th cohort medicus	第七大队医护兵
7th cohort optio	第七大队副官
7th cohort reaper	第七大队魔导死神
7th cohort sagittarius	第七大队弓斗士
7th cohort secutor	第七大队拳斗士
7th cohort signifer	第七大队旗手
7th cohort vanguard	第七大队魔导先锋
813p-operated aegis unit	813P：装备据点防卫装置
88th order furnaceman	第88团炉前工
8th cohort centurion	第八大队百夫长
8th cohort decurion	第八大队十夫长
8th cohort eques	第八大队骑士
8th cohort hoplomachus	第八大队剑斗士
8th cohort laquearius	第八大队绳斗士
8th cohort medicus	第八大队医护兵
8th cohort sagittarius	第八大队弓斗士
8th cohort secutor	第八大队拳斗士
8th cohort signifer	第八大队旗手
8th order alchemist	第8团炼金术士
8th order bedesman	第8团受施者
8th order furnaceman	第8团炉前工
8th order pickman	第8团采集员
8th order roundsman	第8团巡逻员
905p-operated heavy artillery unit	905P：装备重型陆战装置
9s-operated flight unit	9S：装备飞行装置
9s-operated walking fortress	9S：接入多脚战车
a battle decisively	决战σ
a better tomorrow	更好的明天
a bit berserk	逐渐狂暴
a bloody reunion	雷古拉·范·休著斯追击战
a bone reborn	重生之骨
a chapel	小礼拜堂
a chorus slime	粘液怪合唱团
a cold wind	雪风
a door unopened	封闭的门扉
a dream in flight	让梦乘上翅膀
a faraway place	某个城镇
a father first	一位国王，一位父亲
a father's pride	光宗耀祖
a fell air falleth	战士的直觉
a fierce air forceth	攻势战场
a fine air forbiddeth	守势战场
a fine death	名誉之战
a flame reborn	重生之炎
a frosty reception	踏破风雪
a future rewritten	另一个未来
a golden opportunity	黄金斗士——金德尔
a heartfelt finish	倾注心意完成库啵
a hopeless race	无望的竞争
a hunter true	无可指摘的猎人
a land long dead	死亡大地
a little knight music	王者骑士——幽黑曲偶
a long fall	一瞬千里
a man consumed	异形之人
a man's best friend	部队特效：搭档经验值提高
a mother's pride	母以子贵
a new hope	希望之都
a pall most murderous	硝烟弥漫
a path unveiled	未来之路
a quick pit stop	快速加油
a quiet moment	冒险途中的小憩
a realm of emptiness	虚无大地
a realm reborn	重生之境
a reason to live	活着的理由
a requiem for heroes	英雄挽歌
a risky bet	危险的赌注
a sailor never sleeps	水手不眠
a sailor's tale	召唤飞空艇
a sleep disturbed	英雄无法安息
a sundering of light	被分割的光
a thousand faces	千面
a thousand screams	千声悲鸣
a tonberry's tears	冬贝利之泪
a trail unending	无尽的旅路
a victory fanfare reborn	胜利的号角 ～重生～
a world apart	走向世界
a world divided	分隔的世界
a-4 command	A4指挥部
a-4 conquest	A4占领地
a-4 headquarters	A4司令部
a-4 outpost	A4前哨
a-4 research	A4调查平台
a-ruhn-senna	阿·卢恩·神纳
a-towa-cant	阿·拓瓦的幻影
abacinate	灼目连击
abacination chamber	拷问之间
abacination chamber door	拷问之门
abaddon	狱蟾蜍
abaddon piece	奇子·狱蟾蜍
abalathia's skull	阿巴拉提亚龙头
abalathia's spine	阿巴拉提亚
abalathian catoblepas	阿巴拉提亚卡托布莱帕斯
abalathian clay golem	阿巴拉提亚泥岩巨兽
abalathian fox	阿巴拉提亚狐蝠
abalathian hornbill	阿巴拉提亚犀鸟
abalathian kite	阿巴拉提亚飞鸢
abalathian minotaur	阿巴拉提亚弥诺陶洛斯
abalathian ogrebon	阿巴拉提亚食人鬼鮟鱇
abalathian slug	阿巴拉提亚蛞蝓
abalathian tursus	阿巴拉提亚图苏斯水龙蜥
abalathian vulture	阿巴拉提亚兀鹫
abalathian wamoura	阿巴拉提亚瓦魔蛾
abandon	放纵
abandon iii	放纵III
abandoned amajina mythril mine	艾玛吉娜秘银废矿
abandoned ascent	阶梯殿堂
abandoned avenger	被遗弃的魔导复仇者
abandoned barracks	舍弃的兵舍
abandoned bit	被遗弃的魔导浮游炮
abandoned laboratory	废弃的研究室
abandoned slasher	被遗弃的魔导螳螂
abandoned vanguard	废弃的魔导先锋
abandonment	孤独感
abdomen tear	裂膛
abducted ala mhigan	被绑架的阿拉米格人
abducted maid	被诱拐的女子
abducted man	被诱拐的男子
abductor	诱拐魔
abductor's plume	诱拐魔的羽毛
abelisk	亚贝里斯克
abharamu	艾卜哈拉木
abiding wetlands	伤痕树沼
able-bodied ambusher	强壮的袭击者
abominable blink	野蛮电火花
abomination	憎恶
abordage	破船冲
about face	移动命令：后
above board	浮游波
abraxas	阿卜拉克萨斯
abridged	简略咏唱
abroader otter	南方度假獭獭
absent-mindedness	无意
absolute authority	绝对君权
absolute benediction	女神的祝福
absolute bind	完全束缚
absolute blizzard iii	绝对冰封
absolute conviction	绝对信仰
absolute fire iii	绝对爆炎
absolute flash	绝对闪光
absolute glare	绝对闪耀
absolute gravity	绝对重力
absolute holy	绝对神圣
absolute horizon	尽头的中心
absolute protect	绝对护盾
absolute ruin iii	绝对毁荡
absolute stone iii	绝对垒石
absolute teleport	绝对传送
absolute terror	绝对恐惧
absolute tyranny	绝对霸道
absolute virtue	绝对的美德
absolute zero	绝对零度
abundance	神力花雨
abused adventurer	束手无策的常客
abyss worm	深渊巨虫
abyssal blaze	深渊烈焰
abyssal charge	深渊飞刺
abyssal cry	深渊嚎
abyssal dawn	深渊黑光
abyssal drain	吸血深渊
abyssal echoes	深渊回声
abyssal edge	云之魔刃
abyssal fires	火炎风暴
abyssal fracture	红月深处
abyssal guillotine	深渊铡刀
abyssal lance	深渊之枪
abyssal nox	深渊之夜
abyssal outburst	黑暗爆发
abyssal pillar	深渊柱
abyssal plane	星海深渊
abyssal quasar	深渊类星体
abyssal ray	深渊射线
abyssal reaper	深渊收割
abyssal scythe	深渊之镰
abyssal shot	深渊射击
abyssal slash	次元斩
abyssal smog	深渊烟雾
abyssal solace	深渊慰藉
abyssal sun	深渊极光
abyssal swing	深渊回转
abyssal transfixion	深渊贯穿
abyssal volcano	海底火山
abyssean empyreal paradox	阿比瑟亚·天象之锁
abyssic buster	深渊破坏
accelerate	执行贯穿
accelerated landing	跳跃急袭
acceleration	促进
acceleration bomb	加速度炸弹
accensor gate	追随者之门
accensor guard	追随者之门的卫兵
access hatch	倾倒坑检查口
accession	降临之章
accessorize	时尚配饰
acclaim	称誉
accommodating imp	向导小魔精
accompaniment node	追踪系统
accretion	混沌之泥土
accumulate ice	积冰
accuracy down	命中率降低
accursed becoming	魔法合成
accursed cane	诅咒之杖
accursed edge	咒刃
accursed flame	诅咒之炎
accursed idol	诅咒石偶
accursed light	凶魔光
accursed orb	诅咒眼球
accursed poison	隆卡咒毒
accursed pox	瘟疫诅咒
accursed seedling	忍咒树苗
accursed sigh	诅咒吐息
accursed tongue	诅咒低语
accursed visage	咒怨咒像
accusation chamber	指控之间
accusation chamber door	指控之门
accused	指控尸鬼
acerbic jam	剧毒果酱怪
achamoth	阿卡莫特
acheron	阿刻戎
achievement exchange	成就大师
achora heights	阿科拉塔
acid bubble	酸性泡泡
acid cloud	酸液云雾
acid mekhane	吊挂剧毒
acid mist	酸雾
acid ooze	酸液骤雨
acid pinax	剧毒板画
acid rain	酸雨
acid shower	酸水喷洒
acid spray	酸液喷射
acidic bite	酸咬箭
acidic honey	强酸蜂蜜怪
acidic mousse	强酸慕斯怪
acidic slaver	酸性唾液
acorn armageddon	橡果炸裂弹
acorn bear	橡果熊
acorn bomb	橡果炸弹
acorn orchard	橡子乐园
acrid rain	毒雨
acrid stream	苦涩水流
acro bat	洞顶蝙蝠
acrobatics	杂技
acrocat	飞天猫
acrocatics	游行之舞
acrolith	卫像
acrophies	巅峰蛭
act of mercy	破天慈刃风
acting dps	进攻手的魔咒
acting healer	治疗手的魔咒
acting tank	防护手的魔咒
activate	启动
active-pivot particle beam	回旋式波动炮
actualize	自我实现
actuator	执行者
acubens	蟹爪水母
acupuncture	针灸
acutender	仙人盾
adamant purge	装甲展开
adamant purged	卸掉装甲
adamant scales	鳞片强化
adamant sphere	钻石球
adamant weapon	精金石神兵
adamantine flames	火焰喷射
adamantinon thelema	精金信念
adamantite claw	魔导精金爪
adamantoise	精金龟
adaptation	适应环境
add block	填补块
adders nest	蛇巢司令部
addersting	蛇刺
adept adventurer	老练的冒险者
adit cutter	切割平硐
adit driver	削岩
adjoining area	切换场景
adjudicator	审判化身
adjunct ostyrgrein	手握太刀的奥斯提尔古雷因
adloquium	鼓舞激励之策
administrator	管理者
administrator piece	奇子·管理者
admiral bloefhiswyn	梅尔维布·布鲁菲斯维因
admiral's waterspire	海将水渠
admiral's waterspire subdivision	[扩建区]海将水渠
admissions	惊奇入口
admonishment	训诫
adrammelech	阿德拉梅里克
adrenaline	奋战补给箱
adulator	摩洛的追随者
advanced aevis	高等魔鸟
advanced clevering	超最先端实验室
advanced death ray	强化死亡射线
advanced materia melding	镶嵌魔晶石II
advanced nox	深夜
advanced optical laser	光学射线S
advanced relativity	时间压缩·转
advanced smart bomb	改良型智能爆弹怪
advanced suppression	援护程序S
advent mochi	降神糕
advent of chocobastion	胖胖之墙
advent of light	极限光
advent of the eighth	彗星环
adventitious lash	不定鞭打
adventure basket	冒险者野餐篮
adventurers guild	冒险者行会
adventurous frontier hand	原开拓团的冒险者
aegaeon of the bone	蛮勇的埃该翁
aegeiros	黑杨树精
aegis boon	圣盾之恩
aeolian cave sprite	洞窟风元精
aeolian edge	旋风刃
aerial ambush	伏击
aerial assault	空斩
aerial blast	大气爆发
aerial bombardment	连续攻击
aerial offensive	空袭
aerial shock	空中放电
aerial slash	大气风斩
aermswys the stained	刻印斧 艾尔姆希斯
aern's wynav	安光微龙
aero assault	疼飕飕暴风
aero blast	疾风爆发
aero dynamics	吹飞一切的疾风
aero iii	暴风
aero iii assault	疼飕飕暴风
aero in green	疾风之绿
aero terminal	风之终端
aerodynamics system	浮空系统
aerogrinder	气动粉碎机
aeroquell	风爆
aerosnare	疾风流散
aerospark	天降电光
aerotemporal blast	定时风击
aersthota morningcalm	晨风息 艾尔斯拖塔
aery apex	龙巢顶点
aery biast	龙巢雷蛟
aery brobinyak	龙巢布罗宾雅克
aery diresaur	龙巢变种龙
aery drake	龙巢火蛟
aery exterior	龙巢外围
aery interior	龙巢内部
aery red dragon	龙巢红龙
aery vouivre	龙巢薇薇尔飞龙
aery wyvern	龙巢双足飞龙
aery yellow dragon	龙巢黄龙
aesthete's tholos	恩惠圆顶屋
aether bend	以太曲折
aether cannon	以太加农炮
aether charge	以太供应
aether collector	以太收集器
aether compass	风脉仪
aether compressor	以太压缩室
aether converter	以太变换器
aether detonation	以太爆发
aether draw	以太吸收
aether mine	以太机雷
aether mortar	以太炮
aether pump	以太抽送室
aether rot	以太病毒
aether rot immunity	以太病毒抗体
aether sickness	醉以太
aether siphon	属性吸收
aether sphere	以太晶球
aether spray	属性放出
aether surge	以太电涌
aether-eater	噬以太斩
aether-starved ahriman	饥饿的冥鬼之眼
aether-starved arch demon	饥饿的上级恶魔
aether-starved gargoyle	饥饿的石像鬼
aether-starved hecteyes	饥饿的百目妖
aether-starved imp	饥饿的小魔精
aether-starved shuck	饥饿的狗灵
aether-starved soulflayer	饥饿的夺魂魔
aether-starved vodoriga	饥饿的石像魔
aetherblight	青之波动
aetherbound aurelia	以太缠绕的水母
aetherbound gnat	以太缠绕的巨蝇
aetherbound kern	以太缠绕的士兵
aetherbridge foundation	魔力桥基
aethercall	以太嘶吼
aethercarve	以太雾散
aetherchain	爆锁
aethercharge	以太蓄能
aethercut	以太连斩
aetherflail	惩罚爆锁
aetherflow	以太超流
aetherfont	哈姆岛
aetherhues	以太色调
aetherial absorbption	以太供应
aetherial aegis	以太屏障
aetherial blast	以太冲击
aetherial blizzard	以太冰冻
aetherial bolt	魔弹
aetherial boon	以太供应
aetherial bullet	以太炮
aetherial burst	大魔弹
aetherial chakram	以太轮
aetherial conversion	属性转换
aetherial depletion	以太减少
aetherial disruption	地脉失控
aetherial distortion	地脉歪曲层
aetherial distribution	以太分配
aetherial divide	分享生命
aetherial earth sprite	以太沙旋流
aetherial enhancement	以太强化
aetherial exchange	以太交换
aetherial exposure	以太辐射
aetherial falls	月底魔泉瀑布
aetherial field	对魔法障壁
aetherial fire sprite	以太火旋流
aetherial fissure	以太裂隙
aetherial gain	以太浴
aetherial gaol	以太牢狱
aetherial gap	以太洞
aetherial gust	以太阵风
aetherial ice sprite	以太电旋流
aetherial lens	以太镜群
aetherial light	以太光
aetherial lightning sprite	以太冰旋流
aetherial manipulation	地脉调整区
aetherial mine	魔科学炸弹
aetherial observation	以太观测台
aetherial offering	魔力供给
aetherial orb	魔力块
aetherial pool	以太池
aetherial pull	吸引
aetherial pulse	以太脉冲罩
aetherial ray	以太射线
aetherial reduction	精选
aetherial release	以太流出
aetherial sea	星海
aetherial shackles	结咒魔锁
aetherial shift	以太变移
aetherial slough	滞淀海域
aetherial spark	以太火花
aetherial sphere	魔气
aetherial stingers	以太刺
aetherial surge	以太波动
aetherial tear	次元裂缝
aetherial tide	大吸引
aetherial ward	魔法障壁
aetherial water sprite	以太风旋流
aetherial wind sprite	以太水旋流
aetherially charged	以太供应
aetherially primed	传送准备
aetheric boom	以太波动
aetheric burst	以太爆发
aetheric charge	魔力球
aetheric chlamys	以太斗篷
aetheric doblyn	以太矿妖虫
aetheric explosion	以太爆炸
aetheric gelatin	以太明胶
aetheric impulse	以太脉冲
aetheric manifestation	神秘以太体
aetheric mimicry	以太复制
aetheric polyominoid	以太多连方
aetheric profusion	以太失控
aetheric ray	以太射线
aetheric resonance	地脉共振
aetheric sever	以太光剑
aetheric shadow	染污意
aetheric siphon	以太干扰器
aetherletting	以太流失
aethermodynamics	热能支配
aethernet control	传送技术管理室
aethernet shard	都市传送网
aethernova	以太新星
aetheroacoustic exploratory site	陨石勘查坑
aetherochar	以太炮
aetherochemical amplification	魔科学激光
aetherochemical bomb	魔炸弹
aetherochemical cannon	魔科学炮
aetherochemical coil	魔科学车轮
aetherochemical explosion	魔科学爆炸
aetherochemical explosive	魔科学炸弹
aetherochemical flame	魔科学烈焰
aetherochemical flare	魔科学核爆
aetherochemical grenado	魔导榴弹
aetherochemical laser	魔科学激光
aetherochemical mine	魔科学地雷
aetherochemical reaction	魔科学反应
aetherochemical research facility	魔科学研究所
aetherochemical residue	魔科学粘液
aetherochemical spill	废液池
aetheroconductor array	以太供应阵列
aetherology end	以太学研究室
aetheromagnetism	魔科学磁石
aetheromatic auger	以太钻孔机
aetheromatic clipper	以太剃刀
aetheronecrosis	魔活细胞
aetheroplasm	以太炸弹
aetheroplasm production	生成炸弹
aetherosote	以太冲击波
aetherostatic peak	星海中枢
aetherosynthesis	吸收生命
aetherpact	以太契约
aetherpause	以太圈
aethersaber	以太光剑
aethershare	以太共享
aethershot	以太弹
aetherspark	以太电火花
aetherspike	以太钉刺
aethersplit	以太分享
aetherstock	以太积蓄
aetherstream	以太流
aethersucker	以太吸收
aethersup	吸取以太
aethertide	魔流术
aethertithe	以太税
aethertrail attunement	龙神同调
aetherwave	以太波
aetherwell	补魔
aetheryte	以太之光
aetheryte shard	简易以太之光
aetolus	埃托洛斯
aeturna	永恒
affection confections	制作最好的蛋糕库啵
affixed	紧抱
afflatus azem	阿谢姆之心
afflatus dawn	血盟之心
afflatus exarch	君公之心
afflatus misery	苦难之心
afflatus purgation	涤罪之心
afflatus rapture	狂喜之心
afflatus solace	安慰之心
afflatus venat	维涅斯之心
aft port ventilator	左舷前部换气室
aft-to-fore fire	后前齐射
aftcastle	舰尾楼
afterburn	追炎
afterburner	燃烧室排热
afterglow	余光
aftermath	战祸
aftershock	余波
afterspark	追雷
aftward blaster	后向冲击波
again the abyssal celebrant	深渊祭司的记忆
again the majestic	尊严王的记忆
again the martyr	殉教者的记忆
against the wind	迎风
agama temple	圣仙阿迦玛之墓
agaric fly swarm	菌蝇群
agaric rock	伞菌岩
agaricus	松茸
agathos	阿伽托斯
agave jaws	龙舌兰牙床
agavoides	东云猬
agavoides ambusher	埋伏的东云猬
agavoides forager	觅食东云猬
agdistis	阿格狄斯提斯
age of endless frost	大冰雪时代
ageless banemite	不老祸蛛蝎
ageless diremite	不老凶蛛蝎
ageless melia	不老枯树精
ageless miteling	不老灵蛛蝎
ageless necropolis	死亡满溢之地
ageless sankchinni	不老山克芹尼
ageless serpent	龙头龙尾
ageless wood golem	不老树木巨像
ageless words	农夫之智
agelyss river	永恒川
agelyss wise	永恒旧街
agent of inquiry	非著名调查员
agent of trials	训练助理
aggie the ironfist	热气拳 阿姬
aggie's voice	像是阿姬的声音
aggravate	海兵魂
aggravated anala	凶猛的阿那罗
aggravated assault	判决确定：加重罪
aggravated gomphotherium	发狂嵌齿象
aggressive archaeornis	好斗古鸟
aggressive dhara	好斗野陀罗
aggressive gyuki	凶猛的牛鬼
aggressive posture	突击准备
aggressive shadow	虚无之攻影
aggressive shark	凶猛的飞鲨
aggressive stance	攻击思路
aggressor antlion	侵略者蚁狮
aggrieved anemone	哀怨风花
agilulfo	阿吉卢尔夫
agitated alligator	狂乱短吻鳄
agitated groan	盛怒咆哮
agitated lunyuhiyshahe	恐慌双角龙
agitation	震击
aglaea bite	典雅女神枪
aglaea climb	典雅女神连枪
aglaea shot	典雅女神射击
aglaope	阿格拉俄珀
aglaophotis	阿格拉弗缇丝
agnoiology room	幻体之间
agony of the damned	灵狱咆哮
agrippa the mighty	阿格里帕
agrius hull	旗舰船体
ahctstymm shadowlurker	偷渡者 阿科特修提姆
ahl ein	阿尔·艾因
ahl ein's kin	阿尔·艾因的朋友
ahm nohl	未颂龙诗
ahriman	冥鬼之眼
ahriman piece	奇子·冥鬼之眼
aht urhgan guard	紧张的声音
ahtzapfyn the absorbed	固执的阿茶菲因
ahura mazda	阿胡拉·马兹达
aigokeros	角山羊
ailbert the lost	愤怒的盗贼
aimed shot	瞄准射击
aion teleos	移涌
aionagonia	永恒之苦
aioniopyr	永恒之火
aipaloovik	埃帕鲁维克
air anchor	空气锚
air anchor primed	空气锚启动
air blast	空气爆炸
air bump	空气弹垫
air cab station	飞车乘降站
air combat maneuver	空战机动
air force	空军装甲
air force one	空军装甲驾驶员
air force simulation	空军装甲模拟程序
air of the opulent	富豪居
air quotes	引用
air raid	空袭
air support	航空支援
air-climber	浮空的枫藤
air-to-surface energy	对地能量弹
airavata	艾拉瓦塔
airborne explosion	空袭轰炸
airborne freedom fighter	自由联盟的飞行兵器
airborne image	浮空装甲的幻影
airbound	空中拘束
airburst	风爆
airbuster	暴风破坏者
aire tam storm	绿宝石大爆炸
airship	飞空艇
airship crewman	飞空艇乘务员
airship engineer	飞空艇机师
airship landing	格里达尼亚飞艇坪
airship launch	飞空艇栈桥
airship platform	飞空艇平台
airship wreckage	飞空艇的残骸
airship's bane	坠机
airstone	起风珠
airy bubble	漂浮水泡
airy emptiness	扩散波动
airy pursuit	顺风
airy wisp	风灵
aisibhir badwind	邪风 艾斯比尔
aismurl goldmember	大财阀 艾斯穆尔
aitiascope	寻因星晶镜
ajattara	阿亚拉塔
ak-inik varlet	伊尼克家仆
ak-mena groundsman	梅那家看守
ak-mena varlet	梅那家恶棍
aka manah's daewa	恶念之魔
aka-no-shiki	红之式鬼
akadaemia anyder	阿尼德罗学院
akagi the sound	健全之赤城
akanegumo bridge	茜云栈桥
akanegumo bridge docks	茜云栈桥码头
akanegumo bridge docks subdivision	[扩建区]茜云栈桥码头
akanegumo bridge subdivision	[扩建区]茜云栈桥
akanezaka markets	茜坂商店街
akanezaka markets subdivision	[扩建区]茜坂商店街
akantha	刺口花
akashio hall	红潮之间
akh afah	无尽轮回
akh afah amphitheatre	无尽轮回剧场
akh fahl lye	堕落之光的命运
akh morn	死亡轮回
akh morn's edge	死亡轮回剑
akh rhai	天光轮回
akhekhu	阿坦图
akyaali	白滨村
akyaali crab	白滨蟹
al-iklil	王冠号
ala gannha	阿拉加纳
ala ghiri	阿拉基利
ala ghiri reservoir	阿拉基利水源地
ala mhigan axeman	阿拉米格斧兵
ala mhigan bowman	阿拉米格弓兵
ala mhigan conscript	精炼应征兵
ala mhigan flame recruit	阿拉米格人志愿兵
ala mhigan pikeman	阿拉米格枪兵
ala mhigan quarter	阿拉米格人居住区
ala mhigan shaman	阿拉米格萨满
ala mhigan youth	阿拉米格的年轻人
ala mhigo	阿拉米格
ala morn	绝灭
alabaster blade	雪石膏之剑
alabaster golem	雪石膏巨像
alacran bloodhound	钳蝎帮嗜血猎狗
alacran war hound	钳蝎帮战犬
alarm pheromones	告警信息素
alaudae conscript	云雀囚兵
albatros	信天翁
albeleo the maleficent	妖术师 阿尔贝雷欧
albeleo's canis dirus	阿尔贝雷欧的恐惧妖犬
albeleo's hrodvitnir	阿尔贝雷欧的恶狼
albeleo's monstrosity	阿尔贝雷欧的巨兽
alberic	雅伯里克
alberic quickwater	迅捷 雅伯里克
albin the ashen	死灰复燃的阿尔宾
albino karakul	白化黑羊
albion's embrace	雪兽拥抱
albus bear	白岭熊
albus canis lupinus	白岭狼犬
albus craklaw	白岭裂钳蟹
albus griffin	白岭狮鹫
albus serpent	白岭巨蟒
alchemist	炼金术士
alchemists guild	炼金术士行会
alchemy engine	炼金术引擎
aldebrand	阿尔德布兰德
alder springs	桤木泉
alderique the unyielding	顽固的阿尔德里克
alea iacta est	大局已定
alectryon	阿列刻特利昂
aleforged hammer	最强之锤
aleport	小麦酒港
aleport docks	小麦酒港码头
alermuc climb	阿拉木特城下
alert archaeosaur	警戒古恐龙
alert red warp loader	红色轮式工程车
alert sankchinni	警戒山克芹尼
alexander	亚历山大机神城
alexander prime	至尊亚历山大
alexander resurrected	巨神重现 亚历山大
alexandria	亚历山德里亚
alexandria crater	亚历山德里亚王国遗址
alexandrian aero iii	王国暴风
alexandrian axe beak	斧喙魔鸟
alexandrian banish	王国放逐
alexandrian banish iii	王国强放逐
alexandrian barrier	王国屏障
alexandrian barrier iii	王国强屏障
alexandrian bonds	王国止步
alexandrian citizen	记忆世界的居民
alexandrian clipper	冲锋剪钳
alexandrian collider	亚历山大炮手
alexandrian cure	王国治疗
alexandrian dia	王国天辉
alexandrian drain	王国吸取
alexandrian fire iii	王国爆炎
alexandrian glider	亚历山大滑翔兵
alexandrian gravity	王国重力
alexandrian hider	亚历山大伏兵
alexandrian holy	王国神圣
alexandrian knight	记忆世界的王国骑士
alexandrian painflare	王国痛苦核爆
alexandrian quake	王国地震
alexandrian quake iii	王国爆震
alexandrian ruin	王国毁灭
alexandrian ruin iii	王国毁荡
alexandrian ruins	亚历山德里亚废墟
alexandrian slider	亚历山大挥刀兵
alexandrian stone iii	王国垒石
alexandrian strider	亚历山大士兵
alexandrian swift	王国敏捷
alexandrian swiftdodge	王国敏护
alexandrian swiftstep	王国敏速
alexandrian thunder	王国闪雷
alexandrian thunder iii	王国暴雷
algedon	痛苦
alicanto	阿利坎托
alichino	亚利几诺
alicorn	独角
alien manifestation	异物显现
alien ship	异星船舰
alienus	异形
alimahus	阿里马乌斯
alisaie	阿莉塞
alisaie's avatar	阿莉塞的幻体
alka zolka the doer	先驱者 阿尔卡·佐尔卡
alka zolka the slayer	航海者 阿尔卡·佐尔卡
alka zolka the thinker	思想者 阿尔卡·佐尔卡
alkonost	阿尔科诺斯特
alkonost's shadow	阿尔科诺斯特之影
alkyoneus	阿尔库俄纽斯
all cylinders	增幅装置
all disciplines	全职业共通
all evens	算术处理：偶数
all eyes	诅咒复眼
all for naught	无之领域
all for one	全员集合！
all in the mind	念力
all odds	算术处理：奇数
all prime	算术处理：质数
all saints charm	守护天节的魔咒
all saints wake	守护天节
all things ending	消灭之脚
all three	算术处理：3的倍数
all together meow	一起上吧喵
all-consuming flames	全知劫火
all-knowing flames	全知烈火
all-mighty flames	全知业火
all-seeing eye	全视之眼
allagan artifact	亚拉戈的遗物
allagan balloon	亚拉戈气球怪
allagan blight	亚拉戈毒雾
allagan bomb	亚拉戈爆弹怪
allagan break iii	亚拉戈强石化
allagan chimera	亚拉戈奇美拉
allagan cobra	亚拉戈眼镜蛇
allagan crystal	亚拉戈水晶
allagan despair	亚拉戈绝望
allagan dreadnaught	亚拉戈恐慌装甲
allagan energy tower	亚拉戈电塔
allagan fear	亚拉戈恐惧
allagan field	亚拉戈领域
allagan fire	亚拉戈火炎
allagan flare	亚拉戈核爆
allagan gravity	亚拉戈重力
allagan immunity	古病毒抗体
allagan manors	亚拉戈庄园遗迹
allagan manors north	亚拉戈庄园遗迹北侧
allagan manors south	亚拉戈庄园遗迹南侧
allagan markets	亚拉戈市场遗迹
allagan markets north	亚拉戈市场遗迹北侧
allagan markets south	亚拉戈市场遗迹南侧
allagan megaflare	亚拉戈百万核爆
allagan megaflare strike	亚拉戈百万核爆冲击
allagan megastructure	亚拉戈遗构
allagan melon	亚拉戈西瓜
allagan meteor	亚拉戈陨石
allagan mine	亚拉戈机雷
allagan mirrorknight	亚拉戈镜骑士
allagan naga	亚拉戈那迦
allagan napalm	亚拉戈汽油弹怪
allagan pits	亚拉戈试掘坑
allagan rot	亚拉戈古病毒
allagan ruin iii	亚拉戈毁荡
allagan stone iii	亚拉戈垒石
allagan stoneskin	亚拉戈坚石肤
allagan sun temple	亚拉戈太阳神殿
allagan sun temple east	亚拉戈太阳神殿东侧
allagan sun temple west	亚拉戈太阳神殿西侧
allagan thunder	亚拉戈闪雷
allagan thunder iii	亚拉戈暴雷
allagan tornado	亚拉戈龙卷
allagan venom	亚拉戈蛇毒
allegiant arsenal	变换武器
allergen injection	注射过敏元
alley-oop double-dip	双重旋水
alley-oop inferno	空中旋火
alley-oop maelstrom	空中旋水
allfire	猛火喷发
alliance headquarters	艾欧泽亚同盟军大本营
allied arithmeticks	算术：己方数
allied society quests	友好部族任务
alligator	短吻鳄
allotaur	异特牛头魔
alluring arm	魅惑之臂
alluring embrace	魅惑拥抱
alluring order	迷人的指令
alma's theme	阿鲁玛主题曲
almagest	至高无上
almasty	阿尔马斯提
almighty judgment	神圣大审判
almighty racket	强力之声
almost holy	小神圣
aloalo ahool	阿罗阿罗阿胡
aloalo anala	阿罗阿罗阿那罗
aloalo asvattha	阿罗阿罗阿输陀花
aloalo baritine croc	阿罗阿罗中音巨鳄
aloalo bat	阿罗阿罗蝙蝠
aloalo biast	阿罗阿罗雷蛟
aloalo boar	阿罗阿罗疣猪
aloalo boarlet	阿罗阿罗疣猪幼崽
aloalo crab	阿罗阿罗壳蟹
aloalo crawler	阿罗阿罗毛爬虫
aloalo deadly coconut	阿罗阿罗死亡椰树精
aloalo gigantoad	阿罗阿罗巨蟾蜍
aloalo golem	阿罗阿罗树木巨像
aloalo goobbue	阿罗阿罗古菩猩猩
aloalo hamsa	阿罗阿罗桓娑鸟
aloalo island	阿罗阿罗岛
aloalo islekeeper	阿罗阿罗守卫
aloalo khalamari	阿罗阿罗卡拉墨鱼
aloalo kiwakin	阿罗阿罗奇洼金
aloalo mantis	阿罗阿罗螳螂
aloalo monk	阿罗阿罗鬼鱼
aloalo monstera	阿罗阿罗龟背竹
aloalo morbol	阿罗阿罗魔界花
aloalo nepenthes	阿罗阿罗猪笼草
aloalo ochu	阿罗阿罗大口花
aloalo ogrebon	阿罗阿罗食人鬼鮟鱇
aloalo paddle biter	阿罗阿罗咬桨鱼
aloalo raptor	阿罗阿罗盗龙
aloalo ray	阿罗阿罗斑鳐
aloalo sallet	阿罗阿罗角盔寄居蟹
aloalo snipper	阿罗阿罗利螯陆蟹
aloalo sopranine croc	阿罗阿罗高音巨鳄
aloalo susena	阿罗阿罗苏塞纳
aloalo tortoise	阿罗阿罗龟
aloalo treant	阿罗阿罗树精
aloalo uragnite	阿罗阿罗乌菊石
aloalo vanara	阿罗阿罗婆那罗
aloalo vemosia	阿罗阿罗猛毒花
aloalo wood golem	阿罗阿罗树木巨像
aloalo worm	阿罗阿罗巨虫
aloalo zaratan	阿罗阿罗扎拉坦
aloqulo thickets	木像之路
alpaca cria	小羊驼
alpaca of fortune	财富羊驼
alpaca stables	羊驼站
alpgrot orobon	峰穴鬼鮟鱇
alpha adamantoise	首领精金龟
alpha ahriman	首领冥鬼之眼
alpha aldgoat	首领大山羊
alpha alligator	首领短吻鳄
alpha anole	首领变色龙
alpha anzu	首领安祖
alpha apkallu	首领碧企鹅
alpha archaeornis	首领古鸟
alpha archaeosaur	首领古恐龙
alpha bandersnatch	首领斑攫兽
alpha basilisk	首领石蜥蜴
alpha biast	首领雷蛟
alpha bomb	首领爆弹怪
alpha buffalo	首领水牛
alpha chimera	首领奇美拉
alpha cobra	首领眼镜蛇
alpha coeurl	首领长须豹
alpha comm beacon	阿尔法通信塔
alpha concourse	第1信徒区间
alpha deathgaze	首领死亡凝视
alpha devilet	首领小恶魔
alpha dryad	首领树妖
alpha endymion	首领恩底弥翁
alpha fungus	首领魔菇
alpha gargoyle	首领石像鬼
alpha gazelle	首领瞪羚
alpha gazellehawk	首领羚鹰蜂
alpha ghostwolf	首领幽狼
alpha golem	首领巨像
alpha goobbue	首领古菩猩猩
alpha grenade	首领榴弹怪
alpha griffin	首领狮鹫
alpha groundskeeper	首领坐镇巨像
alpha hapalit	首领哈帕利特
alpha hropken	首领洛浦肯
alpha ice commander	首领寒冰指挥官
alpha ik'iit	首领伊齐图
alpha kiyofusa	首领清房
alpha manticore	首领曼提克
alpha mantis	首领螳螂
alpha microchu	首领小口花
alpha minotaur	首领弥诺陶洛斯
alpha morbol	首领魔界花
alpha ninki nanka	首领宁基南加
alpha nix	首领夜蟾蜍
alpha omega	阿尔法欧米茄
alpha quadrant	阿尔法管区
alpha sandworm	首领沙虫
alpha slime	首领粘液怪
alpha snurble	首领黄毛球
alpha spriggolem	首领魔石巨像
alpha stag	悬赏魔物：首领雄羚羊
alpha stone	光狼之土
alpha sword	阿尔法之剑
alpha tarantula hawk	首领蛛鹰蜂
alpha target	目标α
alpha taurus	首领牛头魔
alpha tortoise	首领巨龟
alpha tursus	首领图苏斯水龙蜥
alpha vanara	首领婆那罗
alpha vinegaroon	首领醋蝎龙
alpha vodoriga	首领石像魔
alpha wamoura	首领瓦魔蛾
alpha wind	光狼之风
alpha wolf	首领黑狼
alpha yak	首领牦牛
alpha ymir	首领观梦贝
alpha zaghnal	扎戈斧龙一型
alpha ziz	首领席兹
alphascape v1.0	欧米茄时空狭缝 阿尔法幻境1
alphascape v2.0	欧米茄时空狭缝 阿尔法幻境2
alphascape v3.0	欧米茄时空狭缝 阿尔法幻境3
alphascape v4.0	欧米茄时空狭缝 阿尔法幻境4
alphatron star	阿尔法坦星
alphinaud	阿尔菲诺
alphinaud's avatar	阿尔菲诺的幻体
alpine draft	高山气流
alpine hippocerf	高山骏雕
alta strata	帝都高架路
altar ahriman	神殿冥鬼之眼
altar airavata	神殿艾拉瓦塔
altar apanda	神殿阿班达
altar arachne	神殿阿剌克涅
altar assembly	神殿蔓德拉战队
altar beast	神殿巨兽
altar candle	圣坛蜡烛
altar chimera	神殿奇美拉
altar deepeye	神殿深瞳
altar diresaur	神殿变种龙
altar dragon	神殿龙龟
altar dullahan	神殿无头骑士
altar egg	神殿茄子
altar flare	圣坛核爆
altar garlic	神殿蒜头
altar idol	神殿石偶
altar katasharin	神殿片轮车
altar keeper	神殿守卫
altar kelpie	神殿凯尔派
altar korrigan	神殿柯瑞甘
altar mandragora	神殿蔓德拉
altar manticore	神殿曼提克
altar matanga	神殿象魔
altar onion	神殿洋葱
altar pyre	圣坛火葬
altar queen	神殿王后
altar scribe	神殿抄写员
altar skatene	神殿斯卡尼特
altar syricta	神殿希里科塔
altar to saint daniffen	圣达奈芬礼拜堂
altar tomato	神殿番茄
altar totem	神殿图腾
altar vodoriga	神殿石像魔
alte roite	老者
altered bahamut	异象巴哈姆特
altered gate	岩户返
altered states	技能效果范围变动
altered wailer	变成妖异的鬼哭队队员
alternate plumage	换羽
alternating current	交流电
alternative end	异史终结
altitude	高空箭雨
alzadaal's acrolith	阿尔扎达尔卫像
alzadaal's asvattha	阿尔扎达尔阿输陀花
alzadaal's guardian	阿尔扎达尔守护者
alzadaal's langur	阿尔扎达尔长尾神猴
alzadaal's legacy	阿尔扎达尔海底遗迹群
alzadaal's mimic	阿尔扎达尔拟态怪
alzadaal's path	阿尔扎达尔大街
alzadaal's peace	阿尔扎达尔庙
alzadaal's qutrub	阿尔扎达尔腐尸鬼
alzadaal's rampart	阿尔扎达尔铁壁
alzadaal's vajralangula	阿尔扎达尔金刚尾
ama-no-iwato	天之岩户
amahire the redmost	丹朱之披巾
amahire's ray	披巾手下的斑鳐
amajina blastmaster	艾玛吉娜暴冲巨人
amajina piledriver	艾玛吉娜打桩巨人
amajina stonehauler	艾玛吉娜运石巨人
amalgam	软性融合体
amalgamight	融合威能
amalj'aa archer	蜥蜴人弓手
amalj'aa artillery	蜥蜴人式野炮
amalj'aa artillery carriage	蜥蜴人式野炮
amalj'aa augur	蜥蜴人先知
amalj'aa brigand	蜥蜴人劫道兵
amalj'aa bruiser	蜥蜴人攻斗兵
amalj'aa divinator	蜥蜴人占卜法师
amalj'aa drakelasher	蜥蜴人驯蛟师
amalj'aa encampment	蜥蜴人军阵地
amalj'aa flame-eater	蜥蜴人噬焰者
amalj'aa flamekeeper	蜥蜴人烈火卫
amalj'aa gaolkeeper	蜥蜴人守狱兵
amalj'aa halberdier	蜥蜴人渔枪兵
amalj'aa hunter	蜥蜴人狩猎兵
amalj'aa impaler	蜥蜴人刺杀者
amalj'aa inculcator	蜥蜴人教诲者
amalj'aa javelinier	蜥蜴人投枪兵
amalj'aa lancer	蜥蜴人枪兵
amalj'aa liberator	蜥蜴人解放者
amalj'aa porter	蜥蜴人搬运工
amalj'aa pugilist	蜥蜴人拳手
amalj'aa ranger	蜥蜴人游猎兵
amalj'aa ravager	蜥蜴人破坏者
amalj'aa scavenger	蜥蜴人清道夫
amalj'aa seer	蜥蜴人预知法师
amalj'aa shaman	蜥蜴人萨满
amalj'aa sniper	蜥蜴人狙猎兵
amalj'aa striker	蜥蜴人强击手
amalj'aa stronghold	蜥蜴人族据点
amalj'aa supply crate	蜥蜴人军的军需物资
amalj'aa thaumaturge	蜥蜴人咒术法师
amalj'aa tutelary	蜥蜴人守护者
amanuensis	书记魔
amarissaix's spire	阿马里赛哨塔
amaro hatchling	阿马罗宝宝
amaro launch	阿马罗栈桥
amarokeep	阿马罗棚
amateur raider	业余劫匪
amatsu kaze	天风
amaurot	亚马乌罗提
amazing technicolor pit fiends	异形人偶师——艾匹罗基
amber carbuncle	琥珀宝石兽
amber draught chocobo	红大陆行鸟
amber iguana	琥珀鬣蜥
amber room	女王宝座
amber valley	琥珀谷
amberscale rock	龙纹岩
ambient abyss	环境音：海中
ambient birdsong	环境音：鸟鸣
ambient bonfire	环境音：篝火
ambient cricketsong	环境音：蝉鸣
ambient insects	环境音：虫鸣
ambient kitchen	环境音：晨间厨房
ambient pulsation	魔脉瘤
ambient rainfall	环境音：雨声
ambient waves	环境音：涛声
ambient wind chime	环境音：风铃轻荡
ambitious lure	雄心之饵
ambling armadillo	漫步犰狳
ambrose the undeparted	实验体安布罗斯
ambrose the unfinished	验证体安布罗斯
ambujam	阿卜迦
ambulario	南瓜行者
ambuscade	奇袭
ambushing hammerhead	埋伏中的锤头鳄
ambushing jungle orobon	埋伏中的鬼鮟鱇
ambushing scissorjaws	埋伏中的铰颌蚁
amdapor keep	无限城古堡
amdapori corpse	无限城腐尸
amdapori gargoyle	白魔腐尸
amdapori wraith	古堡幽灵
amdusias	安度西亚斯
ame-no-habakiri	妖刀天羽羽斩
ame-no-murakumo	天之丛云
ame-no-sakahoko	天逆矛
ameretat	阿米雷戴
amethyst shallows	紫水栈桥
amethyst shallows subdivision	[扩建区]紫水栈桥
amethyst spriggan	紫晶魔石精
amh araeng	安穆·艾兰
amhuluk	阿姆鲁克
amikiri	切网虾蛄
amikiri leg	切网虾蛄的脚
ammunition loaded	特殊弹
amnesia	能力封印
amon the undying	邪执外道的亚蒙
amoral merchant	卑鄙的奸商
amorphic flail	乱鞭
amorphous applause	莫名击掌
amphibious elbst	两栖水龙蜥
amphibious talos	水陆两用塔罗斯
amphiptere	安菲瑟龙
amphiptere in waiting	埋伏中的安菲瑟龙
amphiptere straggler	游荡安菲瑟龙
amphisbaena	双向海龙
amplifier	详述
amputation	截肢
amra flail	庵摩罗抽打
amusement park	游乐园
an answer of shame	悔恨之殿
an answer of silence	静寂之殿
an answer of sorrow	悲叹之庭
an antidote for anarchy	剧毒与康复的巅峰对决
an lad	雅恩·拉德
an unforeseen bargain	一块面包的交易
anabasis	冥界回归
anaconda	水蚺
anagnorisis	醒悟天测园
anala augur	神谕阿那罗
anala familiar	阿那罗守护精
analysis	分析
analysis and proving	试验机评测库
anamnesis	追忆馆
anamnesis anyder	阿尼德罗追忆馆
anancus	互棱齿象
ananta battlemaid	阿难陀族斗士
ananta kshatriya	阿难陀刹帝利
ananta recruit	阿难陀族的新兵
anantaboga	阿难塔波嘉
anaphylactic shock	过敏休克
anapos elemental	安娜波元精
anatman	无我
anatomy of existence	解剖生命
ancel rockfist	坏岩裂石 安塞尔
ancestral maliktender	始祖马利克巨人掌
ancestral pavilion	遗忘的古迹
anchor yard	锚场
anchorite's auspice	隐者的膝下
ancient aero	古代疾风
ancient aero iii	古代暴风
ancient aevis	古代怪鸟
ancient airship	古代魔法船
ancient arrival	到访之人的神道
ancient artillery	火炮启动
ancient blizzard	古代冰结
ancient blizzard iii	古代冰封
ancient circle	古代圆环
ancient city	古都
ancient clockwork device	古代机工装置
ancient cross	古代交错
ancient darkness	古代黑暗
ancient double	古代双重
ancient dragon	远古之龙
ancient eruption	古火喷发
ancient fire	古代火焰
ancient fire iii	古代爆炎
ancient flare	古代核爆
ancient forum	古代广场
ancient frost	古代寒霜
ancient glacier	太古冰河
ancient graviga	古代强重力
ancient guardian	古代守护者
ancient holy	古代神圣
ancient katana	古刀
ancient libra	古代侦测
ancient lizard	古代蜥蜴
ancient matamata	长寿的玛塔蛇颈龟
ancient oak	古代橡树精
ancient one	小小古代人
ancient quaga	古代爆震
ancient quake	古代地震
ancient ruin	古代毁灭
ancient shackles	惩戒的镣铐
ancient spark	古代电火花
ancient stone	古代飞石
ancient stone iii	古代垒石
ancient thunder	古代闪雷
ancient thunder iii	古代暴雷
ancient tome	古代书
ancient tornado	古代龙卷
ancient trail	古代小径
ancient triad	三连古代魔法
ancient uragnite	古代乌菊石
ancient voidragon	虚无远古之龙
ancient vouivre	古代薇薇尔飞龙
ancient water iii	古代狂水
ancient wrath	愤怒波动
ancient ymir	古代尤弥尔
anden iii	安登三世
anden's airs	安登小羊圈
andreia	勇德
andromalius	安杜马利乌士
anemochory	刺边
anemomorph	龙卷形态
anemone gardens	石牡丹岩窟
anemos anala	常风阿那罗
anemos apa	常风阿帕斯
anemos chaser	常风跳蜥
anemos elemental	常风元灵
anemos flan	常风软糊怪
anemos gremlin	常风格雷姆林
anemos harpeia	常风哈佩亚鸟妖
anemos pegasus	常风天马
anemos sanuwa	常风腾云蛇
anemos seam	常风结晶脉
anemossling	常风苔小妖
angel feathers	天使之羽
angel of mercy	复活小天使
angel whisper	天使低语
angel's snack	天使的点心
angel's whisper	天使的低语
angelos	神的使者
angelos mikros	小型神的使者
angels fall	众天使之间
anger's hourglass	愤怒的沙漏
angered elm	狂怒榆树精
angler's art	捕鱼人之计
angler's fortune	钓上大尺寸的鱼几率提升
angra mainyu	安哥拉·曼纽
angra mainyu's daewa	绝恶之魔
angry armadillo	发狂犰狳
angry hedgemole	愤怒针鼹
angry longjaw	愤怒巨颚蜥
angry naryordor	愤怒纳由多
angry salamander	炎兽心火击
angry seas	愤怒之海
angry sow	悬赏魔物：愤怒母猪
angry spirit	黄金狐的怨灵
angry villager	武装村民
anguish	悲叹
anguished atrociraptor	兴奋的野蛮盗龙
angular addition	旋转角乘算
anima weapons	元灵武器
anima's dimension	阿尼玛时空
animadversion	β射线
animal instinct	野性
animate	愚者召唤
animated doll	新月魔人偶
animated pugilist	开朗的格斗家
ankabut	安卡布特蛛
ankle graze	狙踝
ankledeep	足尖小坑
annia quo soranus	安妮亚·库奥·索拉努斯
annihilation	湮灭
annihilation flare	湮灭核爆
annihilation mode	灭绝芯片
annoy the void	讨伐坑道中出现的妖异！
annoyed	表情：反感
anogg's lair	阿诺古的房间
anointed	祭司的祝福
anole familiar	原种变色龙
anole stalker	潜行变色龙
anomalous assassin	怪异的暗杀者
another aloalo island	异闻阿罗阿罗岛
another brick	另一块砖
another merchant's tale	异闻商客奇谭
another moon	另一个月亮 ～晓月～
another mount rokkon	异闻六根山
another round	再来一杯！
another sil'dihn subterrane	异闻希拉狄哈水道
another victim	岿然独存
anoxic breath	缺氧吐息
anselm larkscall	聒噪音 安瑟姆
anshelm march	安兹海尔姆大道
answer on high	天雷
answering quarter	萨雷安治学区
answers	Answers -生死答问-
ant hawk	蚁鹰蜂
antares	心火蛛蝎
anteater	小小食蚁兽
antediluvian	古洪将至
antegallery	画廊之间
antelope doe	雌羚羊
antelope stag	雄羚羊
anthelion	反假日
anthine needles	满开针刺
anthrabomb	硬煤爆弹
anthracite	硬煤精
anthropomorph	人形态
anthropos	人
anti-air particle beam	高射式波动炮
anti-air phaser unlimited	零式高射式跳跃波动炮
anti-aircraft station	对空防御区
anti-coagulant	出血毒
anti-gravity gimbal	反重力装置
anti-hero artillery	反英雄炸弹
anti-materiel missile	对物飞弹
anti-personnel build	装填对人导弹
anti-personnel laser	对人激光
anti-personnel missile	对人导弹乱射
anti-warmachina weaponry	对魔导兵器攻击
antiblind	抗失明药
antibody	病毒抗体
anticipation	预判
antidote	解毒药
antilight	暗黑光
antimatter	反物质
antiparalysis	抗麻痹药
antipathy	反感
antipetrification	抗石化药
antipodal assault	对跖强刺
antipodes	对跖
antipoison	抗毒药
antipressure	虚无强压
antipyretic	退热剂
antique boulder	岩石
antisleep	抗睡眠药
antistrophe	回舞歌
antithesis	对偶处刑台
antitower	颠倒塔
antitwilight	月下美人
antling	灵蚁
antling gamergate	灵蚁掠猛兵蚁
antling sentry	灵蚁警卫
antling soldier	灵蚁兵蚁
antling worker	灵蚁工蚁
antlion ambusher	蚁狮伏兵
antlion march	蚁狮行军
anvil lightning	铁砧闪电
anvil of tartarus	冥狱铁砧
anxiety	焦虑
anxious astrologian	慌张的占星学家
anyder clionid	阿尼德罗冰海天使
anyder diviner	阿尼德罗占卜师
anyder grappler	阿尼德罗斗鱼师
anyder harpooner	阿尼德罗刺鱼师
anyder leech	阿尼德罗水蛭
anyder squib	阿尼德罗爆壳怪
anything gogo's	黄金头巾——模仿师格格
anyx minor	不洁村落
anyx old	不洁古像
anyx trine	不洁三塔
anzu crone	安祖主母
anzu hen	安祖雌鸟
anzu pullet	小母安祖
ao-no-shiki	苍之式鬼
apademak	阿帕德马克
apalala	阿波逻罗
apathetic	无力
apeiron	无边无限
apex arrow	绝峰箭
apex blades	大镰强化
apex judgment	天罚巨岩
apex of creation	创造世界
apex wings	翅膀强化
apitoxin	蜂毒素飞溅
apkallu	碧企鹅
apkallu caller	叫唤碧企鹅
apkallu falls	碧企鹅瀑布
apkallu of paradise	乐园碧企鹅
apocalypse	启示
apocalypsis noctis	夜之启示
apocalyptic bolt	末世惊雷
apocalyptic explosion	大爆炸
apocalyptic ray	末世宣言
apocalyptic roar	末世咆哮
apocatastasis	万有复兴
apocryphal bahamut	巴哈姆特·幽愿
apodialogos	远距离对话
apokalypsis	启示录
apollyon	亚波伦
apologies	谢罪之诗
apolutrosis	救赎
apomnemoneumata	悼念
apoplexy	卒中
aporrhoia	流溢
aporrhoia unforgotten	流溢：记录事件
apotamkin	艾坡达姆金
apothecary	药物排出
apotheosis	神化
appendicular disseverment	肢解
apply shield protocol	启用防御程序
apprentice onmyoji	阴阳师的弟子
approach	金字塔陆桥
apsaras	阿普沙拉斯
apyaahi the architect	志远谋大 阿帕西
aqrabuamelu	熔骨炎蝎
aqua ball	水球
aqua blast	水击
aqua breath	水流吐息
aqua bubble	水泡
aqua burst	流水爆发
aqua globe	水流球体
aqua roar	水哮
aqua spear	水之矛
aqua sphere	水球
aqua vitae	生命水
aquamarine carbuncle	海蓝宝石兽
aquapolis	水城宝物库
aquarius	宝瓶蟹
aquashatter	放水
aquatic conception	水生生物的概念
aquatic lance	水之枪
aquaveil	水流幕
aqueduct	德尔塔水务局
aqueduct adamantoise	水道精金龟
aqueduct ameretat	水道阿米雷戴
aqueduct bat	水道蝙蝠
aqueduct belladonna	水道剧毒美人
aqueduct dryad	水道树妖
aqueduct eft	水道水蜥
aqueduct elbst	水道水龙蜥
aqueduct fluturini	水道浮蝶
aqueduct focalor	水道佛卡洛
aqueduct gelatin	水道明胶
aqueduct genomos	水道格诺莫斯
aqueduct gigantoad	水道巨蟾蜍
aqueduct golem	水道巨像兵
aqueduct goobbue	水道古菩猩猩
aqueduct goosefish	水道魔鮟鱇
aqueduct hecteyes	水道百目妖
aqueduct kaluk	水道卡栌克
aqueduct leafkin	水道小叶灵
aqueduct leshy	水道莱西
aqueduct mossling	水道苔小妖
aqueduct odqan	水道斡德罕
aqueduct pudding	水道软糊怪
aqueduct sapria	水道寄生花
aqueduct sarcosuchus	水道帝王鳄
aqueduct slug	水道蛞蝓
aqueduct snurble	水道白毛球
aqueduct udumbara	水道优昙婆罗花
aqueduct uragnite	水道乌菊石
aqueduct wamoura	水道瓦魔蛾
aqueous aether	水以太
aqueous discharge	释放汁液
aqueous familiar	水流守护精
aqueous orb	魔水球
arachne daughter	阿剌克涅之女
arachne eve	阿剌克涅
arachne web	阿剌克涅之网
arachnid funnel	蜘蛛突进
arachnid web	蜘蛛网
aramitama soul	荒魂
arashi-no-kiku	风拂菊落
arashi-no-maiogi	凌风舞扇
aratama	荒弹
aratama force	荒弹
arbatel	古术魔典
arbor buzzard	秃鹫
arbor call	树木之声
arbor impact	植生冲击
arbor motif	树木彩绘
arbor storm	树木风暴
arboreal storm	巨木龙卷
arboreal structure	被遗忘的建筑
arboreal will	大树之心
arboretum bifericeras	茉夏娜对菊石
arboretum crawler	植物园毛爬虫
arboretum leech	茉夏娜水蛭
arboretum slug	茉夏娜蛞蝓
arc of the humble	清贫凯旋门
arc of the venerable	尊贵凯旋门
arc of the worthy	圣徒门
arcadia	登天格斗场
arcadia aflame	境中奇焰
arcadian arcanum	境中奇奥
arcadian hell	境中奇狱
arcadion	阿卡狄亚协会
arcadion avalanche	登天碎地
arcady night encore	返场夜狂热
arcady night fever	登天夜狂热
arcana breaker	核石特效
arcane activation	启动咒具
arcane aggregation	生成魔法球
arcane armaments	魔力塑形
arcane array	复合魔纹
arcane attraction	爱恋的命运
arcane beacon	魔阵光
arcane blast	魔力冲击
arcane blight	魔纹炮
arcane bulwark	魔法障壁
arcane channel	魔法阵波动
arcane circle	神秘环
arcane combustion	引爆地雷
arcane control	魔法阵启动
arcane crest	神秘纹
arcane cylinder	指向魔法阵
arcane design	魔连弹
arcane edge	魔针弹
arcane enhancement	魔法阵扩张
arcane fever	热火的命运
arcane font	立体魔法阵
arcane globe	球体魔法阵
arcane howl	魔力之嗥
arcane intervention	魔眼
arcane light	魔闪光
arcane lightning	奥秘闪电
arcane mine	地雷魔纹
arcane orb	魔光弹
arcane plot	变光魔纹
arcane point	变光爆炸
arcane pursuit	魔力咒锁
arcane reaction	感应魔光
arcane recoil	感应炮击
arcane reprise	魔法阵·定时诅咒展开
arcane resonance	魔法阵·共鸣诅咒展开
arcane revelation	魔法阵展开
arcane rule	魔力书写
arcane sigil	秘纹
arcane spear	魔枪
arcane sphere	立体魔法阵
arcane stomp	强力脚
arcane stop	魔停止
arcane tide	魔力奔流
arcane triumph	胜利的命运
arcane utterance	魔法阵记述
arcane wave	魔法阵大波动
arcanima marionette	奥秘提线人偶
arcanist	秘术师
arcanists guild	秘术师行会
arcanum blessing	奥秘的祝福
arcapetrified netzach	新月石化胜利
arch aethereater	水晶化身之王
arch angra mainyu	总领安哥拉·曼纽
arch demon	上级恶魔
arch demon piece	奇子·上级恶魔
arch inferno	烈风火焰流
arch kelpie	凯尔派总领
arch of the dawn	古鲁加加凯旋门
arch ultima	至高究极神兵
arch ultima bit	至高究极神兵浮游炮
arch-eta	伊塔总领
arch-lambda	拉姆达总领
arch-noctilucale	总领夜光花
archaeoaevis	太古龙鸟
archaeodemon	古恶魔
archaeofury	太古之怒
archaeolion	古奇美拉
archaeornis	古鸟
archaeosaur	古恐龙
archaeotania	古塔尼亚
archaic demolish	古式破碎拳
archaic dualcast	古式连续咏唱
archaic rockbreaker	古式地烈劲
archeia harmonias	休兵书库
archeion	公堂保管院
archelon	恐龟
archeo alexandria	旧亚历山德里亚
archers guild	弓箭手行会
architects	建国十二骑士像
archive all	全归档
archive eternal	理念保管库
archive peripheral	手臂归档
archon throne	贤者座椅
archon's levitation	贤人浮空
archon's memory	贤人的思念
archons design	七贤人庭园
arctic assault	极寒突袭
ardbert	阿尔博特
ardent caress	烈焰过境
ardorous eye	热忱之眼
area bombardment	导弹乱射
area bombing maneuver	攻击：追踪导弹轰炸
arena bat	斗场蝙蝠
arena bavarois	斗场奶冻怪
arena beetle	斗场甲虫
arena bomb	斗场爆弹怪
arena catoblepas	斗场卡托布莱帕斯
arena cherry bomb	斗场爆弹仔
arena cyclops	斗场独眼巨人
arena dullahan	斗场无头骑士
arena eye	斗场之眼
arena flan	斗场软糊怪
arena gas bomb	斗场瓦斯弹怪
arena gelato	斗场明胶怪
arena grenade	斗场榴弹怪
arena haagenti	斗场哈加提
arena imp	斗场小魔精
arena jam	斗场剧毒果酱怪
arena licorice	斗场甘草
arena magus	斗场法师人偶
arena mandragora	斗场蔓德拉
arena manticore	斗场曼提克
arena marshmallow	斗场果酱怪
arena mirrorknight	斗场镜骑士
arena of valor	勇武竞技场
arena progenitrix	斗场爆弹之母
arena pudding	斗场软糊怪
arena roselet	斗场小红花
arena scribe	斗场抄写员
arena serpent	斗场巨蟒
arena shabti	斗场沙布提
arena slime	斗场粘液怪
arena snoll	斗场雪弹怪
arena succubus	斗场梦魔
arena viking	斗场维京人偶
arena vodoriga	斗场石像魔
arena wolf	斗场凶狼
arenvald	阿雷恩瓦尔德
argath thadalfus	冷血剑阿加斯
argent overlook	观雪丘
arimaspi	虚像之眼阿里玛斯毗
arioch of the isle	常风阿里奥克
arisen roselet	复活小红花
arithmetician's cup	算术士洞窟
ark anzu	方舟安祖
ark ked	方舟巨虻
ark morbol	方舟魔界花
ark shield	方舟之盾
arkhitekton	宗匠大工房
arkose golem	长石巨像
arm and hammer	臂锤
arm graze	伤臂
arm laser	腕部激光
arm of purgatory	延烧
arm of the adjudicator	审判化身的手臂
arm of the destroyer	破坏神冲
arm of the father	戈耳狄俄斯之臂
arm of the scholar	知识神冲击
arm of the son	弥达斯之臂
arm of the talos	大塔罗斯的右臂
arm punch	铁臂拳
arm shot	击腕
arm unit	装甲组
arm's length	亲疏自行
armada airship	舰队飞空艇
armada airship j-i	舰队飞空艇
armada airship j-ii	舰队飞空艇II
armada airship j-iii	舰队飞空艇III
armada airship j-iv	舰队飞空艇IV
armadillo bowler	小犰狳
armageddon	末日
armalcolite	阿姆阿尔柯尔石
armamentarium	军火库
armantel scaletalker	皈依者 阿耳曼泰尔
armed imperial citizen	武装市民
armed refugee	武装难民
armed to the teeth	武装
armor crush	强甲破点突
armor of baron	巴隆盔甲
armor recognition chamber	魔导兵器认证室
armored beast	未知的巨兽
armored chariot	装甲战车
armored drudge	装甲仆从
armored pauldron	肩部装甲
armored scales	蛇鳞甲
armored telodragon	终末龙龟
armored weapon	武装重甲
armored weapon escort	护卫武装重甲
armored weapon prototype	武装重甲试验型
armorer	铸甲匠
armorers guild	铸甲匠行会
arms of meed	赎罪之腕
arms of wisdom	睿智之秤
armstrong	阿姆斯特朗
army of one	一骑当千
army slayer	夺命灾变
army's ethos	军神的契约
army's muse	军神的加护
army's paeon	军神的赞美歌
aroma crawler	浓香毛爬虫
aroma leech	芳香水蛭
aromatic sapling	香氛花苗
arrapago remnants	阿剌帕各遗迹
arresting gaze	咒缚视
arrhidaeus	阿里达乌斯
arrhidaeus's lanner	阿里达乌斯之速
arrogance incarnate	骄慢化身
arrow deluge	飞箭落雨
arrow drawn	放浪神之箭（抽卡）
arrow held	放浪神之箭（暂留）
arrow of fortitude	勇气之箭
arrow trail	箭踪
arrow-nocking adventurer	弓箭手冒险者
arrowing squall	箭矢风暴
arrzaneth ossuary	阿达内斯圣柜堂
arsenal	兵器演示层
arsenal bibliotaph	兵武永世珍本
arsenal brina	兵武布莉娜
arsenal byblos	兵武比布鲁斯
arsenal calca	兵武卡尔克
arsenal calcabrina	兵武卡尔克布莉娜
arsenal centaur	兵武半人马
arsenal demon wall	兵武恶魔书墙
arsenal eye	兵武之眼
arsenal fan	兵武扇
arsenal geshunpest	兵武死魂
arsenal logos	兵武逻各斯
arsenal magus	兵武法师人偶
arsenal poroggo	兵武智蛙
arsenal scribe	兵武抄写员
arsenal skatene	兵武斯卡尼特
arsenal sprite	兵武元精
arsenal strix	兵武博学林鸮
arsenal tome	兵武魔导书
arsenal urolith	兵武乌洛里石
arsenal viking	兵武维京人偶
arsenal vodoriga	兵武石像魔
art of darkness	暗之战技
art of nature	使魔炼成
art of the fireblossom	火花之术
art of the fluff	茸茸之术
art of the levinblossom	雷花之术
art of the rainblossom	水花之术
art of the storm	雷切一闪
art of the swell	风断一闪
art of the sword	妖刀一闪
art of the windblossom	风花之术
art of war	破阵法
arterial climb	登阶台
artful edge	飞舞刃
articulated bit	飞手浮游炮
articulated bits	飞手浮游炮
articulation	亚历山大关节点
artificial boost	魔导增幅器
artificial gravity	人造重力
artificial intelli-guard	合成音
artificial plasma	魔导等离子
artificial trance	附体之法
artificially enhanced	魔导甲胄
artillery	火炮
artist's atrium	画工之间
artistic anarchy	艺术大乱斗
artless dodger	像是旅行商人的男子
artoirel ironbone	铁骨 阿图瓦雷尔
asahi sas brutus	朝阳·萨斯·布鲁图斯
asbestos coblyn	石棉矿妖虫
ascalon	圣剑阿斯卡隆
ascalon's mercy	阿斯卡隆之仁
ascalon's mercy concealed	阿斯卡隆之仁·隐秘
ascalon's mercy revealed	阿斯卡隆之仁·揭示
ascalon's might	阿斯卡隆之威
ascendance	生辰星位
ascendant fist	穿升拳
ascended	创造天地
ascending corridor	上升通道
ascension	施恩神座
ascension platform	升降机
ascetic ward	苦行结界
ascetic's climb	六根山山道
ascian conjurer	无影幻术师
ascian prime	至尊无影
ascian prime's shade	至尊无影之影
ascian thaumaturge	无影咒术师
asclepius	阿斯克勒庇俄斯
ash dragon	灰烬龙
ash kinship	死尸本能
ashdrake	白烬火蛟
ashen eye	暗之瞳
ashen ouroboros	环火
ashen thread	粹白射线
ashes to ashes	升天
ashfall	灰扬旅路
ashigaru kyuhei	足轻弓兵
ashigaru sohei	足轻枪兵
ashigaru yumemi	足轻观梦贝
ashing blaze	激火燃灰
ashlayer	热能放射
ashplume	暗黑劫火焚天
ashpool	灰烬池
asipatra	阿希帕特拉
askalaphos	阿斯卡拉福斯
aspect effect	属性波动
aspect of chaos	混沌尸龙
aspected benefic	吉星相位
aspected helios	阳星相位
aspected to fire	火属性
aspected to ice	冰属性
aspected to lightning	雷属性
aspersory	雾碟
asphyxiation	战车
aspidochelone	蛇龟
aspirstrikes	取技攻击
assassin fry	暗斗鱼苗
assassin's dagger	暗杀短剑
assassinate	断绝
assassinate ready	断绝预备
assassinated	断绝
assault aevis	冲锋龙鸟
assault apex	铸兵崩落
assault bhoot	冲锋浮灵
assault biast	冲锋雷蛟
assault cannon	突击加农炮
assault carapace	终端攻击
assault dragon	冲锋巨龙
assault dragonfly	蜻蜓飞蜥
assault evolved	铸兵突袭
assault wyvern	突击双足飞龙
assessment grounds	性能试验场
assignment	开始测验
assimilated	浸蚀
assimilation	侵入
asterion	阿斯忒里翁
asterodia	阿斯忒罗堤亚
astonished aetherologist	以太学研究员
astraea	阿斯特莱亚
astragalos	距骨研究所
astral advance	星极进升
astral advent	星极临
astral array	星盾
astral ascendancy	星极性耐性提升
astral attenuation	星极性耐性降低
astral cloak	光之衣
astral debris	星极岩屑
astral draw	星极抽卡
astral eclipse	星蚀
astral effect	偏属性：光
astral essence	光之腕
astral eye	星极视
astral fire	星极火
astral fire iii	星极火III
astral flare	星极核爆
astral flow	星极超流
astral glow	星极炽光
astral impact	星击
astral impulse	星极脉冲
astral light	星极光
astral punch	星极拳
astral rays	光之波动
astral realignment	星极体
astral stasis	星天开门
astral tier	兵武塔星极层
astral tilt	极性偏转：星
astral warmth	星极烈
astralbright soul	星临刻印
astralstrong soul	星击刻印
astrodrill	宇宙钻头
astrodyne	星力
astrologian	占星术士
astrology and astromancy camera	占星学研究室
astronomy room	星头之间
astrope	天阳马阿斯特洛珀
astroscope log	占星台观测记录
asura image	阿修罗的化身
asuran claws	阿修罗之爪
asuran fists	梦想阿修罗拳
asuri chakra	旋转月轮
asvattha	阿输陀花
asyle volcane	火山庇护所
asymmetric coif change	魔发变化·二段
at death's door	濒死
at ease	稍息
at the limit	无法使用极限技
atelier	格里奥勒的睡床
athenaeum astrologicum	圣冈里奥尔占星院
atk down	攻击力降低
atlas carbuncle	负隅宝石兽
atlas peak	阿特拉斯山顶
atma-linga	武神魂
atmosfaction	诱风之兆
atmospheric compression	剑压
atmospheric displacement	剑风
atmospheric disruption	云神气流
atomic flame	原子烈火
atomic impact	融解轰击
atomic ray	原子射线
atomic sphere	原子晶球
atomic tail	原子甩尾
atomos asipu	神殿阿托莫斯
atomos piece	奇子·阿托莫斯
atomos prime	至尊阿托莫斯
atonement	赎罪剑
atonement ready	赎罪剑预备
atori the astute	灵枪巧技 花鸟
atrociraptor	野蛮盗龙
atrophied atomos	小小阿托莫斯
atrophy	基础降低
atropine spore	阿托品孢子
attachment	配件更换
attack down	物理攻击力降低
attack hound	攻击猎犬
attack magic potency down	魔法攻击力降低
attack node	迎击系统
attack order	攻击命令
attack target	目标·攻击
attention	立正
attic bat	阁楼蝙蝠
atticus the primogenitor	先驱勇士 阿提卡斯
attract	相吸
attractant	引诱剂
attraction reversed	爱恋的命运：逆位
attractor beam	高能拖拽激光
attractor beam charged	高能拖拽激光就绪
attunement	平衡
auction	家畜卖场
auction house	竞拍所
audacious elbst	莽撞水龙蜥
audience	哲学阿班达
audience chamber	次元城大殿
augmentation of beacons	召唤魔炮
augmentation of roundels	召唤光球
augmentation of stones	召唤岩石
augmented arm	增幅爪臂
augmented battle drake	强化型战斗火蛟
augmented limpet bomb	强化型吸附爆弹怪
augmented rocket punch	强化型火箭飞拳
augmented shatter	过载震碎
augmented smart bomb	强化型智能爆弹怪
augmented suffering	过载回环
augmented uprising	过载冲天
augurium	预兆
auk's landing	海鹦广场
aulus mal asina	奥卢斯·玛尔·亚希纳
aulus rem vulso	奥卢斯·雷姆·武尔索
aunt tii's tacos	缇姨家的塔可饼
aura blast	生命波动法
aura burst	灵气爆
aura cannon	斗气炮
aura curtain	斗气幕帘
aura sphere	斗气
auracite shard	圣石块
auralight	圣石光
aurelia	海月水母
aurelia polyp	舞海月
aureole	晕光
auri arts	敖龙技巧
auri cyclone	敖龙旋风
auri doomstead	敖龙厄运
aurochs	原牛
auroral drape	极光帷幕
auroral flipper	极光海豚
auroral uppercut	罗刹七星拳
auroral wind	极光之风
aurum vale	黄金谷
auspicious	瑞兽化
auspicious kamuy	白帝神威
auspicious trance	玄天武水壁
authoritative shriek	蔓德拉号令
authoritative voice	像是指挥官的男声
authority eternal	永恒君权
authority of the anointed	神选剑
authority's boot	空间掌控：重爆
authority's edge	权威斩
authority's expansion	空间掌控：光爆
authority's gaze	空间掌控：石化光
authority's heel	空间掌控：引爆
authority's hold	空间掌控：制动
auto crossbow	自动弩
auto restoration	自我修复
auto-attack	自动攻击
auto-cannons	自动火炮
auto-ether	自动以太药
auto-heal penalty	禁止体力自然恢复
auto-mobile assault cannon	强袭式波动炮
auto-mobile sniper cannon	狙击式波动炮
auto-potion	自动恢复药
auto-remedy	自动治愈
autolift	升降机
automachina research	机械兵器研究所
automated avenger	自动化魔导复仇者
automated bit	自动化魔导浮游炮
automated cavalry	自动化魔导骑兵
automated colossus	自动化魔导巨兵
automated death machine	自动化魔导死亡机器
automated gabriel	自动化加百列
automated roader	自动化魔导机车大魔
automated satellite	自动化辅助机甲
automated slasher	自动化魔导螳螂
automatic cannon	机关炮
automatic turret	自动炮塔
automatoise	半机器龟
automaton escort	护卫自走人偶
automaton queen	后式自走人偶
autophysis	催进
autumn ball	舞红叶
autumn rivers end	落叶川河畔
autumn wreath	漏斗云
autumn's sentinels	镇守石门
autumn's sentinels subdivision	[扩建区]镇守石门
autumnal ball	舞红叶
autumnal tempest	红叶风暴
auxesia	奥克塞西亚行星
auxiliary ceruleum tank	青磷水罐
auxiliary power	能量支援
auxiliary sector	增建区域
avalanche	雪崩
avalanche axe	山崩斧
avalaunch	冲天大雪球
avalonia fallen	阿瓦隆尼亚古陆
avaricious ruin	绿色化
ave maria	圣母颂
avenger	复仇者
avere bravearm	雄壮的阿维尔
avert your eyes	瞑目的敕令
avian husk	空壳
avian motif	蜂鸟彩绘
avis's back	猛禽脊背
avoid engaged targets	躲避范围攻击的同时进行战斗
avoirdupois	常衡石面
avowed avatar	誓约之分身
aw'aern	阿瓦·艾恩
aw'zdei	阿瓦·兹代
awaken guardian	操控人偶
awakening	觉醒
awareness	警觉
away with the fae	妖灵
away with thee	强制传送
away with you	疏远的敕令
awayuki	淡雪
awesome slab	浪涛翻涌
awesome splash	浪花飞溅
axe beak	斧喙魔鸟
axe current	导雷流
axe empowerment conduit	斧技魔法增幅器
axe kick	落踵踢
axe-flailing adventurer	斧术师冒险者
axe-wielding adventurer	斧术师冒险者
axe-wielding loyalist	铁面公卿派斧术师
axe-wielding training partner	陪练斧术师
axeblade bite	碎咬斧
axeglow	斧灵气
axolotl	钝口螈
axolotl eft	六角小螈螈
aymeric	艾默里克
aymeric the blue	苍剑 艾默里克
azdaja's shadow	黑龙剑阿珠达雅
azeyma's heat	阿泽玛的幻象
azim khaat	太阳湖
azim khaat eastern lakebed	太阳湖底东部
azim khaat southern lakebed	太阳湖底南部
azim khaat western lakebed	太阳湖底西部
azim steppe	太阳神草原
azim zephyr	草原的青风
azulmagia	启示者
azure aether	青之魂块
azure auspice	青帝剑气
azure bolt	苍穹霹雳
azure coil	青帝水波
azure guard	蔚蓝护卫
azure heart	苍之心
azure price	苍穹之珠
azure star	蓝色天体
azure thunder	青雷
azure wings	苍翼之焰
azys lla	魔大陆阿济兹拉
b'benha tia	碧·贝纳·提亚
baalzephon	巴尔泽芬
babaroon halfshell	半熟甲 巴巴卢恩
babbling brook	环境音：小河流水
babil armored weapon	巴别塔武装重甲
babil avenger	巴别塔魔导复仇者
babil bit	巴别塔魔导浮游炮
babil canis pugnax	巴别塔军犬
babil colossus	巴别塔魔导巨兵
babil death machine	巴别塔死亡机器
babil gunship	巴别塔魔导炮艇
babil helldiver	巴别塔地狱潜者
babil hexadrone	巴别塔魔导六轮装甲
babil hypertuned specimen	巴别塔超级调整兵
babil nimrod	巴别塔魔导强猎手
babil predator	巴别塔魔导猎手
babil reaper	巴别塔魔导死神
babil rearguard	巴别塔魔导后卫
babil roader	巴别塔魔导机车大魔
babil satellite	巴别塔辅助机甲
babil sky armor	巴别塔浮空装甲
babil slasher	巴别塔魔导螳螂
baboulas	巴布拉斯
baby bat	小蝙蝠
baby behemoth	贝希摩斯宝宝
baby brachiosaur	幼年腕龙
baby bun	魔菇宝
baby gremlin	格雷姆林宝宝
baby opo-opo	奥猴宝宝
baby raptor	盗龙小宝
back from the brink	起死回生
back unseen	背面未解析
back with thee	强制传送：后
back-up dance	伴舞波动
backbreaking wave	返破碎波
backbridge	封底桥
backdraft	吹飞
backflip	后翻
background story	背景故事
backhand	旋背击
backhand blow	后手冲击
backlash	后尾刃
backroom	后房
backstep	后闪
backstep shot	后撤射击
backward bearing	变换方向：后
backward blows	后方回返太刀
backward edge	后向斩
backward fracture	后方裂痕
backward half	后跃半身残
backward implosion	后向心聚爆
backward shadow implosion	影·后向心聚爆
backward whimsy	反复无常：后
bacon bits	猪小仙
bad breath	臭气
bad faith	失信
bad vibrations	强震动
bad water	污染水
bad-mouth	臭嘴
baelsar's wall	巴埃萨长城
baenryss of the deep	溺水鬼 贝恩利斯
baert trading company guard	巴特商会的保镖
bafflement bulb	飞散性惑乱花粉块
bagnobrok craftythoughts	贴心巧匠 巴诺布罗坷
bagurchi abjiya	圣者巴古儿赤的神谕
bagurchi's foresight	聪慧巴古儿赤的旅程
bagurchi's vindication	受辱巴古儿赤的不屈
bahamut prime	至尊巴哈姆特
bahamut's claw	巴哈姆特之爪
bahamut's favor	龙神的加护
bahrr lehs	忆念广场
bailout	救生
baited breath	闭气
baited jagil	上钩的地鱼
bajsaljen the righteous	白沙恩
bakufu traitor	逃亡的守卫
balam blaster	微笑冲击波
balam-quitz	微笑妖豹
balance	太阳神之衡
balance asunder	平衡崩坏
balance drawn	太阳神之衡（抽卡）
balance held	太阳神之衡（暂留）
balanced edge	水平重击
balanced party	平衡小队
balanced tactics	定式作战
balanos	古橡树精
bald buzzard	不毛秃鹫
bald kraken	蛸入道
baldanders	变形魔
baldaquin	天顶区
baldesion annex	巴尔德西昂分馆
baldewyn	波德温
baldewyn four yalms	星码枪 波德温
baleen bomb	鲸须爆弹
baleen cape	鲸须角
baleen guard	邓恩的护卫
baleful air	豪剑的架势
baleful blade	豪剑强袭击
baleful bloodletting	魔血斩
baleful blowout	生发
baleful breath	凶恶吐息
baleful comet	豪剑焰袭击
baleful firestorm	豪剑魔炎旋
baleful gaze	恶魔邪眼
baleful glint	邪眼光
baleful onslaught	豪剑激烈斩
baleful roar	凶恶怒号
baleful swathe	豪剑黑流破
balidet	巴力德特
ball dance	宫廷之舞
ball lightning	闪电球
ball of earth	沙球
ball of fire	火球
ball of ice	冰球
ball of levin	雷球
ball of malice	怨念弹
ball of naught	暗球
ballast	压舱水
ballistic burr	风播
ballistic impact	导弹命中
ballistic missile	弹道导弹
ballistics	弹道军武馆
balloon	气球怪
ballroom	爸爸的舞厅
balm of disgrace	污秽之言
balor's bell	巴罗尔之铃
balyaborr	追踪螺
band of ice	冰带
bandari weed	跳舞草
banded lid	金库门
bandercoeurl	斑攫豹
bandersnatch	斑攫兽
bandit archer	山贼弓手
bandit axeman	盗贼斧术师
bandit backstabber	山贼刺客
bandit brawler	盗贼团拳手
bandit cutthroat	盗贼团短剑手
bandit executioner	盗贼团斧手
bandit leader	刺客指挥官
bandit mage	山贼法师
bandit marauder	盗贼团斧手
bandit musketman	盗贼火枪手
bandit spellweaver	盗贼团术师
bandit swordsman	盗贼团剑手
bandit trapper	山贼拳手
baneful impaction	埋伏之毒
banemite	祸蛛蝎
banemite piece	奇子·祸蛛蝎
banemite straggler	流浪祸蛛蝎
banepool	灾祸池
banestool	毒瑚菌
bang toss	音响炸弹
bangyzoom	突击命令
banish divided	分裂放逐
banish iii	强放逐
banish iii divided	分裂强放逐
banish storm	放逐风暴
banished hunter	无法猎师
banishga	强放逐
banishing light	幻光
banishing mist	匿踪迷雾
banishment	强制传送之咒
banner of firm resolve	坚守境地
banner of honed acuity	敏锐境地
banner of honored sacrifice	舍身境地
banner of limitless grace	无我境地
banner of noble ends	背水境地
banner of solemn clarity	冥想境地
banner of tireless conviction	忍耐境地
banner of transcendent finesse	神速境地
banner of unyielding defense	铁壁境地
bannock	烤饼练兵所
banquet confederate	珊瑚台的海盗
banquet hall	妈妈的餐厅
banshee	班西
bantam train	小火车
bar the passage	决战！佐戈永结桥
baraqiel	拜丘
barb of tarasque	塔拉斯克的倒钩
barbaric surge	蛮勇
barbariccia	巴尔巴莉希娅
barbarous barrage	野蛮爆炸
barbarous bite	咬击獠齿
barbarous scream	野蛮咆哮
barbastelle	宽耳凶蝠
barbatos	巴巴妥司
barbed bellow	重量级咆哮
barbed burst	刚刺发射
barbed lightning	刺雷
barbelo	芭碧萝
barbeque	烤烤肉
barber hirskskrat	船医长 赫斯克斯克拉特
barbican	碉楼
barbmole	棘鼹
barbmole piece	奇子·棘鼹
barbs of agony	痛苦钩刺
bardam's hunt	战士巴儿达木的猎场
bardam's mettle	巴儿达木霸道
bardam's price	试炼的惩罚
bardam's ring	巴儿达木之环
bare fangs	光牙召唤
bare root planting	根系播种
barefisted death	一拳毙命
barghest	巴格斯特
bariaua	巴利阿乌亚
baritine croc	中音巨鳄
bark eft	吼叫水蜥
bark spider	树皮蛛
bark weevil	吠甲虫
barkscore	连根拔起
barley crate	装大麦的箱子
barnabas	巴尔纳伯
barofield	气压领域
barometz	巴洛梅兹
baron castle	巴隆城
baron citizen	巴隆王国的市民
baron jester	原始小丑
baron knight	巴隆王国的士兵
baron knight-captain	巴隆王国的士兵长
baroness melisie	梅莉西男爵夫人
barong's fire	巴龙火炎
barong's flame	巴龙烈焰
barracks	骑兵驻所
barracuda elite	梭鱼队特务队员
barrage	纷乱箭
barrage fire	高射炮火网
barrage impact	导弹连续命中
barrel breaker	酒桶猛击
barrel stabilizer	枪管加热
barrel toss	投掷大桶
barreling smash	高速撞击
barreltender	酒桶刺
barren arena	寒冰圆形剧场
barricade	路障
barrier isle	境岛
barrier shift	护盾转换
barrow isle	山包岛
basalt golem	玄岩巨像
base omicron	奥密克戎基地
basement	兵武塔底层
basic instinct	斗争本能
basic relativity	时间压缩·起
basic training	进行教育
basic vomit	呕吐
basilisk	石蜥蜴
basilosaurus	龙王鲸
basking beam	闪闪光线喵
bastard mite	野种蛛蝎
bastardbluss	重枪剑
basting blade	人偶剑闪
bastion	棱堡
bastion of twilight	黄昏乐土
bateleur	短尾雕
bathing onio	鬼王澡
bathing pools	水妖浴场
batraal	巴特拉尔
batsquatch	大脚野蝠
batterhorn	甩角冲撞
battering arms	冲击臂锤
battery circuit	旋回式冲击炮
battle bear	斗熊
battle bell	战斗之铃
battle bird	战斗渡渡鸟
battle breaker	征战霸道
battle coeurl	战斗长须豹
battle cry	战斗怒嚎
battle dance	战舞
battle drake	战斗火蛟
battle efficiency down	战斗能力降低
battle fever	战意高涨
battle high	斗志昂扬
battle high iii	斗志昂扬III
battle in the dungeon	迷宫中的战斗
battle lion	斗狮
battle litany	战斗连祷
battle on bekko	决战龟甲岛
battle panther	斗豹
battle raptor	战斗盗龙
battle stance	准备战斗
battle theme 1.x	战斗1.X
battle tiger	斗虎
battle torama	战斗特拉玛长须豹
battle voice	战斗之声
battle's clangor	战意之铃
battle-scarred bergthurs	伤痕山巨魔
battle-scarred vindthurs	战痕风巨魔
battlefield march	英勇进行曲
battlehall	幻卡对局室
battleseeker halga tolga	求战者 哈尔加·特尔加
bavaroid waste	废水奶冻怪
bavarois piece	奇子·奶冻怪
bayawak	巴雅瓦科
bayside battleground	海岸斗场
bayside bevy	海岸鸟群市场
bayside bevy marketplace	海岸鸟群市场
beachcomb	沙滩壳蟹
beacon chamber	天狼星灯室
beacon in the dark	光之征兆
beacon of hope	理念之光
beacon's balance	圣火与天平之间
beaconhill lighthouse	烽火岭灯塔
beacons of asphodelos	边境之火
beady eye	小亮眼
beady-eyed bandit	贼眉鼠眼的盗贼
beak of the griffin	狮鹫之喙
beak of the luwatena	猛雕的锋喙
beak snap	号叫
beakaxe	喙斧
beaksbane	毒瓶
beam cannons	收束粒子炮
beam saber	光刃
bean bandit	咖啡豆小偷
bearclaw	熊爪
bearingless bandit	四处乱转的盗贼
beast code	野兽协攻
beast kinship	百兽本能
beast mode	魔兽技
beast passant	四足着地
beast potion kit	魔兽恢复药套装
beast rampant	人立而起
beast remedy kit	魔兽治愈套装
beast's chains	最强锁链
beast's lament	野兽的哀歌
beastking's boon	妖兽王的加护
beastly aura	大奔流
beastly bile	野兽胆汁
beastly familiar	使役兽
beastly flare	魔刃爆焰
beastly fury	野兽之怒
beastly roar	残虐咆哮
beastly sculpture	被创造的狮子
beastly smokebomb	魔兽烟雾弹
beastmaster	驯兽师
beastskin	百兽肤
beatdown	击倒
beatific scorn	魔光闪
beatific vision	荣福直观
beatrice	贝雅特丽齐
beaudonet the blunt	直率的博多内
beauty and a beast	猩红死妖姬——卡蜜拉
beauty's wicked wiles	阴谋美计
beckon moonlight	幻狼召唤
beckoned	妖灵的诱惑
beckoning backstreet	城边的后巷
beckoning dark	黑暗侵蚀：重击
beckoning hands	邀死之手
beclouding dust	灰暗粉尘
bed of bones	大脚雪人居所
bedazzled tulihand	晕眩的火尾飞蜥
bedeviling light	恶魔之光
bedlam's brink	不稳深渊
bedrock	机密研究所地下
bedrock uplift	地面隆起
bee cloud	蜜蜂云
bee sting	小蜂刺
bee swarm	蜜蜂群
bee's knees	蜜蜂之舞
beehive	蜂箱夜总会
beetle avatar	甲壳化身
befoulment	脓液弹
befuddled beekeeper	烦恼的养蜂人
beggar bhikkhu	化缘巨人比丘
beggar bonze	化缘巨人僧侣
beggar shramana	化缘巨人沙门
beggar sozu	化缘巨人僧都
begrimed	泥污
beguiling gas	失神香气
beguiling glitter	幻惑之光
beguiling mist	欺瞒雾
behatted serpent of ronka	奇塔利的水蛇？
behelmed	矮人头盔
behelmeted serpent of ronka	霍啪栌的水蛇？
behemoth	贝希摩斯
behemoth heir	皇家贝希摩斯宝宝
behemoth piece	奇子·贝希摩斯
behemoth ward	贝希摩斯护卫
behemoth's dominion	贝希摩斯的领地
behemoths and broomsticks	魔兽皇太子——贝希摩斯太子
behind barbs	草牢狱
behind closed doors	安乐小屋
beholder	凝视深瞳
being mortal	终有一死
bejeweled pegasus	云冠天马
bejeweled unicorn	云冠独角兽
belah'dian knight	贝拉哈迪亚骑士
belah'dian soul	贝拉哈迪亚游魂
belias-egi	贝利亚斯之灵
bell hammer	撞木
belladonna	剧毒美人
bellicose broodmother	悲伤的母龙
bellowing grunt	嚎叫
bellows	排水管理室
bellporxie	警铃仙子猪
belly of the beast	刻耳柏洛斯的胃袋
belone bursts	附魔佩罗涅·爆炸
belone coils	附魔佩罗涅·场地
bemoggled	莫古乱乱乱
benandonner	贝南德纳
benben stone	本本石
beneath bloodied banners	红莲战旗之下
benediction	天赐祝福
benediction egg	巨蛋
benefic	吉星
benevolence	博爱
benight	视线模糊
benighted bozjan	害怕的博兹雅人
benighting breath	黑暗吐息
benoggined	好脑袋
bentbranch	弯枝
bentbranch meadows	弯枝牧场
benthos diviner	鳎沙派占卜师
benthos grappler	鳎沙派斗鱼师
benthos harpooner	鳎沙派刺鱼师
bentini depot	本蒂尼货运站
berda the younger	小别尔达
bergand the broken's cell	愚钝勃加德的单牢
bergthurs	山巨魔
bergy bit	结冰
berkanan	贝尔卡楠
berlends bridges	柏兰连桥
bero roggo	孤独的贝洛·罗格
beroald the last standing	灭杀者 贝罗阿尔德
berserk	狂暴
berserker sphere	狂暴晶球
bertliana	博特里阿娜
bertram	巴特伦
beryl crab	绿玉陆蟹
besiegement	激突
best gargoyle	伴郎石像鬼
best man	伴郎
best vodoriga	伴郎石像魔
bestial bay	野蛮咆哮
bestial corpse	已死的魔兽
bestial fire	兽性烈炎
bestial loyalty	召集
bestial node	斗兽系统
bestial roar	魔兽咆哮
bestial thunder	兽闪雷
bestiarius aggressor	侵略者矛斗士
bestways burrow	最佳威兔洞
beta groundskeeper	副领坐镇巨像
beta invader	贝塔入侵者
beta opken	副领欧浦肯
beta quadrant	贝塔管区
beta target	目标β
beta zaghnal	扎戈斧龙二型
betrayal	不义山路
betrayed soul	背叛之魂
between the eyes	狙击
between the lines	魔里行间
betwixt worlds	次元孔
bewildered	迷惑
bewildering blight	祭器之魂：失神波
bewilderment bomb	嗅觉干扰弹
bewitching ball	魔术球
bewitching flight	魔女回翔
beyond beleafed	草人
beyond death	超越死亡
beyond defense	盾连击S
beyond limits	突破极限
beyond redemption	最终救赎
beyond strength	盾连击G
beyond the stars	天际
beyond the wall	铁壁之外
bezul huizan the screamer	叫喊者 贝兹尔·辉扎恩
bhaflau remnants	巴弗剌乌遗迹
bhavacakra	六道轮回
bhujamga	曲蛇
bhujamga ambusher	埋伏中的曲蛇
bibireze greysteel	灰铁拳 比比雷扎
bibliocide	焚书
biblioclast	碎书怪
bibliognost	目录专家
biblioklept	偷书者
bibliolater	拜书魔
bibliolatrist	拜书狂人
bibliomancer	藏书狂
bibliophagist	嗜书痴
bibliophile	爱书家
bibliophobe	恐书妖
bibliophobia	恐书症
bibliotaph	永世珍本
bibliotaph simulation	永世珍本模拟程序
bibliothec binder	装订司书
bibliothec cataloger	编目司书
bibliothec reciter	吟诵司书
bibliovore	吞书鬼
bicephalic corse	双头腐尸
bicolor golem	双色巨像
bifericeras	对菊石
big bang	顶起
big bertha east	东侧对龙加农炮
big bertha south	南侧对龙加农炮
big bertha west	西侧对龙加农炮
big bomber	霹雳炸弹
big boot	大靴重踹
big bounce	宇宙大反弹
big burst	大爆炸
big cheese	大笑脸
big claw	大螯陆蟹
big crunch	宇宙大挤压
big explosion	大爆炸
big flipper	大蹼水龙蜥
big grin	表情：咧嘴
big horn	大角
big hug	嘭
big one	大家伙
big ripper claw	撕裂大利爪
big scissors	大剪钳
big shell	大壳蟹
big shot	冲天怒射
big shrapnel	大榴霰弹怪
big sneeze	喷嚏
big splash	大拍溅
big wave	大水波
big-game fishing	大鱼的知识
bigbulge biggerbrain	肌肉科学家
bigbulge goblixer	哥布林药剂：肌肉
bigfoot	大脚怪
bigger chigoe	大沙蚤
bigmouth orobon	大口鬼鮟鱇
bigwest shortstop	游击野营地
bilateral ray	双侧射线
bile below	胆汁弥漫
bile bombardment	虫毒飞散
bile lake	黄水湖
bile of the mountain	圣山之汁
bilgestorm	船底凿穿
billowing biloko	大比洛克
billowing bolts	魔布法阵
biloko piece	奇子·比洛克
bilrost squall	银河风暴
bind resistance	止步无效
bind target	目标·止步
binding	铁锁
binding chain	拘束链
binding coil	拘束圈
binding coil of bahamut	巴哈姆特大迷宫
binding cold	咒缚寒气
binding dark	黑暗侵蚀：锁链
binding lock	特殊钥匙操作区
binding sigil	束缚咒
binding soul snare	灵魂陷阱：止步
binding stone	妖兽王的封印石
bio iii	剧毒菌
bio pellet	生化药粒
bio-arithmeticks	生命计算术
bioblaster	毒菌冲击
bioblaster primed	毒菌冲击启动
biochemical factor	分配因子
biochemical front	正面喷雾
bioculture node	培养系统
biohacked	入侵
biohazard	生物危害
biolysis	蛊毒法
biolytic	蛊毒
biomanufactured brobinyak	生化布罗宾雅克
biomanufactured minotaur	生化弥诺陶洛斯
biomanufactured naga	生化那迦
biomass incubation complex	生体培养局
bionic thrash	回旋臂
biopellet	生化药粒
bioweapon deployment	生体传送区
bioweapon research	生物兵器研究所
bioweapon sector vii	第7生体区间
bioweapon sector xii	第12生体区间
bioweapon storage	生体管理区
bipolar nightmare	双极的噩梦
bird eater	食鸟者
bird of aloalo	阿罗阿罗之鸟
bird of barathrum	深渊猛禽
bird of elpis	厄尔庇斯之鸟
bird of ihuykatumu	生息之鸟
bird of ligaka	虹彩之鸟
bird of orthos	正统妖鸟
bird of paradise	极乐鸟
bird of prey	从天而降的猛禽
bird of prophecy	神谕邪鸟
bird of the cenote	加加财富之鸟
bird of the crescent	新月之鸟
bird of the palace	地宫妖鸟
bird of the traverse	交错路妖鸟
birdlime	粘鸟胶
birds of prey	猛禽猎食
birdserk rush	突进掀地
biscuit maker	踩奶
bishop active	象式浮空炮塔启动中
bishop autoturret	象式浮空炮塔
bishop overdrive	超档象式炮塔
bishop overload	超负荷象式炮塔
bismarck	俾斯麦餐厅
bismarck's brow	俾斯麦的额头
bit plasma	浮游炮：射出炸弹
bit storm	浮游炮：圆形射击
bitblade	枪刃浮游炮
bite and run	一咬脱离
bite fight	双牙突
bite-sized pudding	一口小果冻
biting blade	积冰斩
biting brand	灵风之剑
biting chains	折磨之链
biting frost	冰霜斩
biting halberd	刺骨冰戟
biting scratch	空气抓
biting wind	烈风
bitoso adherent	毕托所信徒
bitoso of the isle	常风毕托所
bitsy basket	迷你篮筐
bitter barbs	罪恶荆棘
bitter bile	苦涩胆汁
bitter chill	冷气
bitter end	命尽于此
bitter hate	邪龙的怨念
bitter love	憎爱
bitter nectar	毒花蜜
bitter reaping	愤恨收割
bitter regret	消极回忆
bitter whirlwind	愤恨之风
bitterbark cenote	涩水天坑
bittermill	药场水车
bitty duckbill	小鸭嘴兽
biwa breaker	琵琶诛击
black and white	黑暗与白雪
black antilight	死者暗黑光
black bat	漆黑蝙蝠
black blaze	黑暗之炎
black blood	暗血
black boar gate	玄猪门
black brush	黑尘
black brush station	黑尘驿站
black cat	黑猫
black cat crossing	交叉尖甲
black cauldron	暗黑之釜
black chocobo	黑陆行鸟
black chocobo chick	巧儿黑陆行鸟
black chocobo feather	黑陆行鸟的羽毛
black cloud	黑云
black coeurl	长须小黑豹
black death	黑死吐息
black dissonance	侵蚀：黑
black eft	深黑水蜥
black eruption	黑火喷发
black fang	黑牙
black flame	黑炎流
black funny-bunny	滑稽黑兔
black halo	黑色光环
black hayate	黑豆柴
black hole	黑洞
black hole buffer	黑洞耐性
black honeymoon	冥婚蜜月
black iron bridge	黑铁大桥
black kitten	黑小猫
black knight	黑骑士
black knight's tour	黑骑士之旅
black lance	黑枪
black light	黑死怪光
black lung	黑肺
black mage	黑魔法师
black mage corpse	玛哈腐尸法师
black mana	黑魔元
black mana burst	黑魔元爆发
black mana wave	黑魔元波动
black marketeer bodyguard	黑市商人的护卫
black marketeer bodyguard head	黑市商人的护卫队长
black menace	黑色威胁
black merino	黑色美利奴羊
black nebula	暗黑星云
black paint	黑色陆行鸟之笔
black pegasus	黑天马
black phlegm	黑黏痰
black pylon	黑柱
black ranger	黑战士
black ranger pose a	战队演武正黑二式
black revel	黑色狂欢
black rider	深黑骑士
black sarcophagus	黑之棺
black shift	黑魔元转换
black shroud	黑衣森林
black smoke	黑暗之火
black smokers	黑色烟柱
black spark	暗黑火花
black standard	黑军战旗
black star	黑死陨星
black tea brook	红茶川
black thunder	暗雷
black tide	黑潮
black wall	黑壁
black waves	黑暗波动
black wind	黑风
black wolf	黑狼
black wolf stalks again	漆黑王狼重现世间
black wolf's image	盖乌斯的幻影
black wound	死者之伤
blackbile maladd chah	咒言师 马拉德·春
blackblood	暗血
blackbolt	黑雷
blackbosom	漆黑的艾达
blackburn	黑色燃焰
blackened headstone	黑石面
blackened meadow	青烟牧场
blackened rain	暗雨
blackened statue	上古雕像
blackening marketeer	上年纪的黑市商人
blackest night	至黑之夜
blackfeather boost	黑陆行鸟的羽毛
blackfire	漆黑之炎
blackfire blaze	漆黑之炽焰
blackfire trio	黑炎的三重奏
blackfire wave	漆黑之热浪
blackguard	黑卫
blackjack	黑杰克号
blacklands	遗烬大地
blackout	黑暗涌现
blacksmith	锻铁匠
blacksmiths guild	锻铁匠行会
blackstake rodegg chah	焚刑人 罗德古·春
blade flurry	斩机连击
blade of absolution	赦免之刃
blade of darkness	暗之刃
blade of entropy	冰炎刃
blade of faith	信念之剑
blade of faith ready	信念之剑预备
blade of first light	光耀之剑
blade of flame	巨兵光炎
blade of honor	荣耀之剑
blade of honor ready	荣耀之剑预备
blade of justice	正义之剑
blade of repentance	忏悔之刃
blade of shadow	漆黑魔剑
blade of suffering	痛苦之刃
blade of the griffin	狮鹫之刃
blade of the tengu	天狗一刀
blade of truth	真理之剑
blade of valor	英勇之剑
blade unbroken	勇武
blade warp	利刃召唤
blade's benison	祝祷之刃
blade's exaltation	心潮澎湃
bladeblitz	全斩
bladecatcher	飞剑
bladed beak	锋刃喙
bladed vinegaroon	利刃醋蝎龙
bladedance	刀光剑舞
blades of attis	阿提斯的叶刃
blades of famine	飞蝗之刃
bladesblood	剑气
bladescatter	乱光波
bladeshower	落刃雨
bladesmeet	群刃大厅
bladestorm	剑刃风暴
bladewise	剑光波
bladewise hoobigo	年迈的霍比格族
blanket thunder	万雷
blankface goblixer	哥布林药剂：透明
blasphemous experiment	渎神魔王
blasphemous howl	渎神吼
blasphemy	亵渎
blassty blaster	摧毁者破坏炮
blassty charge	摧毁者冲击
blast arrow	爆破箭
blast arrow ready	爆破箭预备
blast beat	共振波
blast cannon	冲击炮
blast charge	蓄力冲击
blast knuckles	冲击拳
blast of chaos	混沌爆破
blast shot	爆发射击
blast trap	炸弹陷阱
blast wave	爆炸波
blastburn	火燃爆
blaster	冲击波
blaster mirage	爆破者幻象
blasting cap	爆破榴弹怪
blasting ring	爆破格斗场
blasting snap	火浪急转
blasting zone	爆破领域
blastoff	准备升空
blastpipe	排雾
blathering buzzfly	吵人的噪蜻蜓
blaz the merciful	慈悲为怀 布拉兹
blaz's voice	像是布拉兹的声音
blaze in red	烈焰之红
blaze of glory	十字圣火
blaze spikes	火棘屏障
blazehorn monabb chah	火犀角 姆纳布·春
blazeloop	冰焰凝环
blazeloop and repeat	双重冰焰凝环
blazewing	火焰之翼
blazing anala	炽热阿那罗
blazing angon	烈火投枪
blazing aramitama	荒魂燃烧
blazing bane	魔法剑·核伤
blazing beacon	圣火弹
blazing belligerent	过热火球
blazing benifice	圣火炮
blazing blast	炽热冲击
blazing blaze of glory	散华之焰灿然盛放
blazing breath	炽热吐息
blazing cerule anala	炽热青磷阿那罗
blazing familiar	炽热守护精
blazing fire	炽燃烈火
blazing flare	炽热核爆
blazing footfalls	炽热践踏
blazing lariat	怒焰碎颈臂
blazing meteor	烈焰陨石
blazing orb	火球
blazing rain	炎之雨
blazing rapture	狂炎
blazing ring	火焰环
blazing scourge	白光之鞭
blazing shot	烈焰弹
blazing shriek	怒号
blazing soul	火焰之魂
blazing spellblade	魔法剑·核爆
blazing sunbeam	穿天烈阳箭
blazing surge	焰浪
blazing torch	炽热炬火
blazing trail	炽热弥漫
bleached shelf	纯白石场
bleeding	出血
bleeding eclipse	无光日蚀箭
bleeding flame	血焰
blessed barricade	圣护壁
blessed beacon	祝福圣火
blessed blast	雪精的祝福
blessed bubbles	妖力球
blessed bud	元灵幼树
blessed harvest	天赐收成
blessed horn	回唤兽笛
blessed passage	祝福之路
blessed rain	恩惠雨
blessed treasury	宝物殿
blessing	天之恩典
blessing of blight	腐土的恩惠
blessing of earth	土之加护
blessing of fire	火之加护
blessing of light	光之加护
blessing of the void	虚无界的加护
blessings on the bluffs	红土大地的恩惠
blighted bedevilment	食死剑·回旋
blighted bladework	食死剑·裁断
blighted bolt	灾厄落雷
blighted bouquet	凋零的花香
blighted buffet	食死剑·轮转
blighted gloom	秽暗
blighted swathe	食死剑·斩伐
blighted sweep	食死剑·横扫
blighted water	腐水块
blighting blitz	凋零闪击
blighting burst	凋零爆发
blightspear	污秽的长枪
blind bateleur	失明短尾雕
blind faith	盲信
blind forest of yx'maja	伊奇丝玛雅艾禁林
blind iron mines	盲铁坑道
blind to grief	悲叹的化身
blind to rage	愤怒的化身
blind to the dark	暗淡
blinder	混合导弹
blinding blade	武神闪
blinding burst	致盲冲击
blinding indigo	耀眼浪苍
blinding light	光弹
blinding love	盲目的爱
blinding pulse	致盲闪光
blinding shadow	蔽目之影
blindside	盲点袭击
blindside barrage	死角火力
blissful arrow	圣箭
blissful beachcomber	感受大海的市民
blissful blessing	美神的祝福
blissful hammer	圣锤
blissful kamuy	极乐神威
blissful spear	圣枪
blistering blow	乱刃斩
blistering bomb	肿胀爆弹怪
blistering roar	怒吼
blitzstrahl	迅光
blizzaga forte	强音冰封
blizzard	冰结
blizzard arrow	冰箭发射器
blizzard biast	暴雪雷蛟
blizzard blitz	滴溜溜冰封
blizzard breath	冰结吐息
blizzard burst	寒冰晶球炸裂
blizzard charged	魔法储存：冰封
blizzard conditions	暴雪
blizzard dragon	霜息巨龙
blizzard goobbue	暴雪古菩猩猩
blizzard iii	冰封
blizzard iii blowout	扩大大冰封
blizzard in cyan	冰结之蓝青
blizzard sphere	寒冰晶球
blizzard sprite	冰封元精
blizzard trap	冰结陷阱
blizzardsphere	寒冰晶球
blizzaria	吹雪公主
bloated	肿胀
bloated archer	老练的弓箭手
bloated big claw	饥饿大螯陆蟹
bloated bogy	膨胀妖魂
bloated bulb	肿胀球茎
bloated conjurer	老练的幻术师
bloated pugilist	老练的格斗家
bloated python	臃肿巨蚺
bloated yumemi	贵人观梦螺
blobs in the woods	陪葬
block of dreams	理想中的居住区
blood and bone	波动斩
blood bag	装土灵水晶的麻袋
blood bat	吸血蝙蝠
blood bateleur	鲜血短尾雕
blood brother	兄弟之血
blood cyclone	鲜血旋风
blood demon	血魔
blood dragon	血龙
blood drain	吸血
blood draw	吸血箭
blood for blood	舍身
blood lance	血枪
blood lash	血棘鞭打
blood mana	魔力球
blood moon	鲜血之月
blood morpho	血闪蝶
blood of meracydia	美拉西迪亚的血仇
blood of the br'aax	狞豹的热血
blood of the dragon	苍天龙血
blood of the gorgon	戈尔贡蛇毒
blood of the mountain	圣山之血
blood on the deck	海都路人身首异
blood on the wind	博兹雅的血风
blood price	血债
blood rain	血雨
blood rush	血怒觉醒
blood sacrifice	血之魔术
blood stalk	隐匿挥割
blood sword	嗜血剑
blood vessel	连环细胞
blood wakening	魔力球苏醒
blood weapon	嗜血
blood-eyed buzzard	血瞳兀鹫
bloodbath	浴血
bloodbearer robairlain	龙人 洛拜兰
bloodbelly chanter	血红吟歌蜂兵
bloodbelly sharpeye	血红锐眼蜂兵
bloodbelly stinger	血红螯刺蜂兵
bloodbelly thaumaturge	血红咒术蜂兵
bloodboil	热血沸腾
bloodbrine sea	绯汐海
bloodbrine spectral current	绯汐海近海幻海流
bloodburst	血爆
bloodcoil	血宴灵蛇
bloodcurdling caw	战栗尖叫
bloodfest	血壤
bloodfire	血火
bloodglider	血飞蛾
bloodglider monk	僧血飞蛾
bloodguard	血卫
bloodguard minion	仆从血卫
bloodhowe	浸血墓地
bloodied barbican	巴隆城正门
bloodied maw	红牙之焰
bloodied nail	血爪
bloodied smoke	血雾
bloodlapper	舐血巨蝇
bloodletter	失血箭
bloodmarch	转移妖红珠
bloodmoon martyr	鲜血之月殉难者
bloodmoon sacrifice	鲜血之月献祭者
bloodrage	恨怨之雷
bloodrake	聚血
bloodshed	流血
bloodshore	鲜血滨
bloodshore bell	鲜血滨铃水母
bloodshore eyesore	鲜血滨刺眼水母
bloodshore snipper	鲜血滨利螯陆蟹
bloodshot deepeye	充血深瞳
bloodshot eye	充血之眼
bloodshot gaze	血眼凝视
bloodshot hecteyes	充血百目妖
bloodshower	落血雨
bloodshower atabb chah	血祭师 阿塔布·春
bloodsown circle	祭祀环
bloodspiller	血溅
bloodstain	染血剑
bloodstone	妖红珠
bloodstorm	血雨的训诫
bloodsucker	吸血怪
bloodsucker bat	吸血蝙蝠
bloodsupped voidsent	渴望鲜血的妖异
bloodthirsty cur	怪物
bloodwhetting	原初的血气
bloody bondage	血锁牢狱
bloody bunanza	啪啪飞溅
bloody burst	魔力扩散
bloody caress	血腥的爱抚
bloody claw	染血爪
bloody cur	沾血的猎犬
bloody executioner boatswain	断罪党的掌帆员
bloody executioner deckhand	断罪党的甲板员
bloody executioner gunner	断罪党的炮手
bloody executioner leech	断罪党的船医
bloody executioner lodesman	断罪党的领航员
bloody executioner seamster	断罪党的补帆员
bloody executioner steersman	断罪党的操舵员
bloody fuller	神通力
bloody harvest	血腥收获
bloody headsman	某个绯红处刑人的记忆
bloody mary	血腥玛丽
bloody puddle	血池
bloody ruin	红色化
bloody scratch	血腥抓挠
bloody sweep	横扫
bloody transept	惨剧的翼廊
bloody trinity	小刀三连
bloody wraith	血腥幽灵
blooming abomination	恨心花芽
blooming beds	繁茂的睡床
blooming biloko	绽放比洛克
blooming blue	蓝花的加护
blooming chichu	绽放巨口花
blooming gold	黄花的加护
blooming netzach	绽放图拉尔胜利
blooming ochu	含苞大口花
blooming snapweed	绽放捕捉草
blooming tomatl	绽放酸浆果
blooming welt	大爆咒
blooms of discovery	探索花园
bloomshower	花车
blossom	花丛
blossomingway beds	花丁威的百花坛
blow away	重拳激震
blow bubbles	吹泡泡
blow kiss	飞吻
blowback	反冲击
blowfly swarm	丽蝇群
blowing bubbles	吹气泡
blowing ring of fire	火焰旋风
blown away	上升气流
blown blessing	祝圣吹息
blowout	轰飞
blubber eyes	啜泣百目妖
bludgeon	痛殴
blue avenger	被打劫的碧甲族
blue back	蓝背魔鸟
blue badger gate	青貉门
blue bavarois	蓝色奶冻怪
blue bolt	青突进
blue bomb	蓝色爆弹怪
blue buzzard	蓝秃鹫
blue clot	蓝色凝块
blue crypt	苍墓
blue cut	碧流斩
blue deer doe	雌蓝鹿
blue deer stag	雄蓝鹿
blue flame	苍炎
blue funny-bunny	滑稽蓝兔
blue gulal	祈祷色粉：蓝色
blue head	蓝头
blue jongleur	蓝衣小丑
blue leafkin	蓝叶灵
blue mage	青魔法师
blue moon	月神光
blue morpho	青闪蝶
blue orochi	青之大蛇
blue paint	蓝色陆行鸟之笔
blue sands	青磷水沙层
blue screen	蓝屏
blue shockwave	青之冲击
blue sky	天青斗场
blue swimmer	泳蟹
blue unkiu	苍甲鲎
blue window	蓝天窗
blue-eyes abode	碧眼人家
blue-footed booby	蓝足鲣鸟
bluebird	青鸟
blueblossoms	蓝花飞散
bluecoat cat	蓝猫
bluefeather lynx	蓝羽猞猁
bluefire	青蓝之炎
bluefog	蓝雾
blunderville	金碟巨豆中心
blunderville square	金碟巨豆中心广场
blunt arrow	迟钝箭
blunt resistance down	打击耐性降低
blustering blink	恐吓闪光
blustery cloudtop	狂风云海
blustery ruler	天风主宰
boar of paradise	乐园疣猪
boar poacher	疣猪偷猎者
board room	委员长办公室
boastful bodyguard	无礼的保镖
bobbing cork	浮栓亭
bockman	波克曼
bodily manipulation	强制行动
bodkin volley	锥箭群射
body blow	勾拳重击
body press	躯体重压
body slam	猛撞
bodyhurt breakblock	躯体防护
bodyweight exorcism	肉压杀
bog bequest	污泥外无双
bog body	沼地遗尸
bog bomb	泥沼爆弹
bog bubble	泥球
bog yarzon	沼泽盲头蟹
bognarious bandersnatch	莫名斑攫兽
boil over	发怒
boiled alive	高热水
boiled owl bridge	碎煮夜枭桥
boiling	逐渐升温
bokairo inn	望海楼
bokaisen hot springs	望海泉
bold bombard	人工轰击怪
bold boulder	巨岩砾
bole drawn	世界树之干（抽卡）
bole held	世界树之干（暂留）
bolt flock	群羽射击
bolt hound	雷电猎犬
bolt of darkness	黑暗电光
bolthorn	博尔顿
bolting hammer	震锤
boltloop	雷圈
bolts from the blue	天雷
boltstorm nue	百雷震天的奴延
bom boko	分福
bomb balloon	爆弹气球怪
bomb baron	爆弹男爵
bomb baronet	爆弹准男爵
bomb boulder	爆破岩石
bomb boulders	爆破岩石
bomb char	爆弹杂佣
bomb core	爆弹怪之魂
bomb dance	火盆舞
bomb deployment	设置炸弹
bomb ember	余烬爆弹怪
bomb hurl	投掷炸弹
bomb incubator	爆弹培育炉
bomb out	炸毁
bomb palanquin	爆弹吊椅
bomb piece	奇子·爆弹怪
bomb queen	爆弹女王
bomb servitor	爆弹随从
bomb spark	爆弹火花
bomb spread	布置爆弹
bomb toss	投弹
bomb's away	投放炸弹
bomb-edy of errors	青之牙、红之牙
bombadeel	庞巴德
bombard	轰击怪
bombard blank	空白轰击怪
bombard king	轰击王
bombardier	轰炸
bombardier researcher	匿名的爆弹怪研究者
bombardment	轰炸
bombarian flame	野蛮火焰
bombarian special	超豪华野蛮大乱击
bombariboom	野蛮爆震
bombarium	爆弹领域
bombast	浮夸爆弹怪
bombfish	刺球爆弹怪
bombination	杂音
bombogenesis	炸弹低气压
bombs away	轰炸命令
bombshell drop	爆爆爆弹
bombslinger	投掷炸弹
bonds of darkness	黑暗咒链
bonds of loathing	憎恶束缚
bonds of loss	负能量锁链
bone aevis	白骨龙鸟
bone bishop	奇子·主教
bone crawler	爬骨怪龙
bone dragon	骸骨龙
bone fragment	灵魂碎片
bone knight	奇子·骑士
bone nix	韧骨夜蟾蜍
bone powder	骨灰
bone shaker	慑骨怒吼
bonebreaker	碎骨
bonecrusher	溃灭
bonecutter	豪剑斩破
bonfire	狼烟丘
bonnacon	火愤牛
bony hippocerf	瘦骨骏雕
bony wolf	瘦骨白狼
bonza yabby	盐湖虾蛄
boogyman	夜魔人
boogyman piece	奇子·夜魔人
book drop	丢书
bookman's shelves	笃学者庄园
boomcannon	爆炸加农炮
booming lament	哀痛雷鸣
boomtype magitek gobwalker g-vii	爆破型7号哥布林战车
boon baboon	狒狒
boon void	虚无恩惠
boosted	蓄力
boosted cleaner	超频清洁机
boot camp mode	魔鬼教官芯片
booted death machine	启动的死亡机器
bootshine	连击
bopo'uihih	水没羽毛树林
borehole	打洞
borel manor	博雷尔子爵府
borgny the venomous	怨毒龙 博尔格尼
boring fleshfly swarm	乏味肉蝇
boring weevil	圆甲虫
born to ride	艾欧泽亚陆行鸟
borne heart	核心露出
boroughfare	园区大街
borrowed flesh	强制附体
borrowed time	魂魄同谐
bosom brook	与水共舞
bosom buddies	挚友
bot retrieval	自我强化程序
botanist	园艺工
botanists guild	园艺工行会
both ends	如意大旋风
bothered bee cloud	讨厌的蜜蜂云
bothered beekeeper	愤怒的养蜂人
bothered bolt hound	神经质的雷电猎犬
bothersome bigclaw	讨人嫌的大螯陆蟹
bottlery	酒窖
bottom rung	梯底
bottomless desert	大流沙
bough of attis	阿提斯的巨枝
boughbury trader	埋枝村的商人
boughs of hwittayoanaan	灰达尤南台地
boughsplane	树上行路
boulder	岩砾
boulder break	砾岩碎
boulder clap	巨石霹雳
boulder dance	舞动的岩石
boulder downs	巨石丘
boulder throw	定时岩弹
boulder toss	投石
bouldercrush	破岩
boulderdash	巨石冲
bouncing bomb	反弹炸弹
bouncy council	呼唤小蛇
bound and determined	爪牙不变
bound of faith	罪壤刺
bounding bandersnatch	跳跃斑攫兽
boundless azure	青帝空闪刃
boundless dark	黑暗激流
boundless light	白光激流
boundless pain	无际痛苦
boundless plains	大平原
boundless scarlet	赤帝空闪刃
bounds of indulgence	恕罪圣环
bounds of sin	净罪之环
bountiful bazaar	热闹的市场
bountiful catch	渔捞
bountiful harvest	丰收
bountiful offering	供奉用的水果
bountiful yield	高产
bounty craklaw	丰饶裂钳蟹
bounty monk	丰饶海鬼鱼
bounty ogrebon	丰饶食人鬼鮟鱇
bounty rockfin	丰饶石鳍鲨
bounty ruszor	丰饶鲁斯索尔
bounty uragnite	丰饶乌菊石
bounty vepar	丰饶魔陆鱼
bounty xzomit	丰饶左米特
bouquet	赠送花束
bovian bull	公牛头人
bow shock	弓形冲波
bowels of agony	深层痛楚
bowl of embers	炎帝陵
bowman's march	弓兵进行曲
bowrest	射手露宿地
box of documents	财团的调查资料
box step	方形步
boyahda tree	波亚达树
bozja forum	博兹雅堡垒广场
bozja incident	博兹雅堡垒蒸发事件
bozjan antlion	博兹雅蚁狮
bozjan anzu	博兹雅安祖
bozjan bandersnatch	博兹雅斑攫兽
bozjan biast	博兹雅雷蛟
bozjan doblyn	博兹雅矿妖虫
bozjan doll	博兹雅人偶
bozjan dullahan	博兹雅无头骑士
bozjan elasmoth	博兹雅艾拉斯摩斯
bozjan elbst	博兹雅水龙蜥
bozjan geshunpest	博兹雅死魂
bozjan goobbue	博兹雅古菩猩猩
bozjan gravekeeper	博兹雅墓穴守卫
bozjan gunbreaker	博兹雅绝枪战士
bozjan korrigan	博兹雅柯瑞甘
bozjan matamata	博兹雅玛塔蛇颈龟
bozjan monitor	博兹雅飞巨蜥
bozjan mudpuppy	博兹雅泥沼蝾螈
bozjan nepenthes	博兹雅猪笼草
bozjan ochu	博兹雅大口花
bozjan orobon	博兹雅鬼鮟鱇
bozjan phantom	博兹雅幻灵
bozjan phobosuchus	博兹雅怖鳄
bozjan ranunculus	博兹雅毛茛花
bozjan rider	博兹雅骑士
bozjan sabotender	博兹雅仙人刺
bozjan screamer	博兹雅尖叫雕
bozjan snake	博兹雅巨水蛇
bozjan soldier	博兹雅士兵
bozjan southern front	南方博兹雅战线
bozjan taipan	博兹雅太攀蛇
bozjan tormentor	博兹雅折磨蜥
bozjan wadjet	博兹雅神蜥蜴瓦吉特
bozjan wight	博兹雅尸鬼
bozjan wisent	博兹雅文森野牛
bozjan worm	博兹雅巨虫
bozjan wraith	博兹雅幽灵
br'aax pulse	狞豹的血潮
brachiosaur	腕龙
bracing duster	风清除尘
bracing suds	风清泡泡
bracing wind	寒风
brackish drop	咸水滴
brackish rain	咸水雨
bradamante	布拉达曼特
bragget breath	燃火吐息
brahmin ambusher	婆罗门伏兵
brain drain	吸脑
brain freeze	思维冻结
brain rot	腐土的诅咒
brainhurt breakblock	精神防护
brainjack	洗脑
brainshaker	震脑斩
brainstorm	晃脑
bramble patch	荆棘森
branch out	分株
branchbearer	拟鸟枝
brand of purgatory	炼狱之炎
brand of sin	罪恶烙印
brand of the fallen	祭品烙印
brand of the ireful	愤怒的烙印
brand of the sullen	悲叹的烙印
branden	布兰登
brandfire	咒焰
branding flare	核爆火印
brass blade	铜刃团卫兵
brass blade captain	铜刃团卫兵队长
bravado	虚张声势
brave boy	勇敢的少年
brave new urianger	新型迷你于里昂热
brave new world	部队特效：鼓励新人
brave new y'shtola	迷你第一世界雅·修特拉
brave story	勇士传奇
bravery	勇气
brawl ender	给你一脚
brawler	争斗者
brawny miner	顽强的熟练采矿工
brayflox alltalks	不战自胜的布雷福洛克斯
brayflox's drossdump	布雷福洛克斯废品场
brayflox's longstop	布雷福洛克斯野营地
brayflox's runstop	布雷福洛克斯避难地
brayflox's watchbox	布雷福洛克斯监视小屋
brazen ballad	琵琶的旋律
brazen bandit	厚颜无耻的盗贼
brazen bull	铜牛
brazen cauahealoa	无耻引导之牙
brazen outlaw	粗暴的不法之徒
brazen prospector	大胆提纯
brazen woodsman	大胆提纯
breach blast	气泡吹息
breached hull	毁坏的外部隔离壁
break fast	吃面包
break iii	强石化
break iii edict	号令：强石化
break room	休息室
breakbeak	钢喙
breakdown drop	以太碎击
breaker of wind	强风无效
breakga	强石化
breaking boundaries	超越极限
breaking point	冲击点
breaking wave	破碎波
breaking wheel	碎轮
breakthrough	重突进
breakwing beat	以太碎拍
breath between	竿网栈桥
breath control	深呼吸
breath in threes	三重吐息
breath of decay	千年风啸
breath of fire	火之吐息
breath of ice	冰之吐息
breath of light	光之吐息
breath of magic	魔法吐息
breath of poison	毒之吐息
breath of shadow	暗影的气灵
breath of the creator	亚历山大之息
breath of the earth	大地气息
breath of the gorgon	戈尔贡邪毒
breath of the luwatena	猛雕的风翼
breath of thunder	雷之吐息
breath sequence	分头吐息
breath wing	风息之翼
breathcatch	肺广场
breathless	呼吸困难
breathless altar	落雪拜坛
breathless botanist	慌张的园艺工
breathstroke	吐息重击
breathy duet	双重吐息
breeding bomb	育种爆弹怪
breeding wamouracampa	繁殖瓦魔蛾幼虫
breezy beachcomber	海边嬉戏的市民
brewer's beacon	酿酒师灯塔
brewing storm	鼻息风暴
briar thorn	荆棘
briary growth	荆棘丛生
briaxio of the well	梦幻 布拉奇希奥
bridesmaid	伴娘
bridesmoogle	花篮莫古力
bridge puyhu	浮着的桥
bridge street	特雷诺小路
bridges	石桥
bridges guard	石桥的卫兵
briefing room	作战会议室
bright aurora	光明极光
bright ballad's passage	诗伯门
bright balloon	明亮气球怪
bright blade	月刀左斩
bright bustle	欢声闹语
bright cliff	光明崖
bright flare	明光散裂
bright hunger	侵蚀光
bright pulse	闪光
bright sabbath	欢快的安息日
bright spectrum	明亮光谱
brightblade	闪光剑
brightblade's steel	光辉剑的决意
brightburn	闪光散裂
brighten way	提示灯
brightened fire	光之炎
brighteyes	目标
brightfire	光炎
brightflame	光明火
brightploom post	鲜羽兵站
brightsaber dance	光剑舞
brightsphere	光明晶球
brightstorm	晴岚
brightwing	光翼闪
brightwinged flight	苍穹光翼
brightwinged fortitude	苍穹光翼：守护
brightwinged fury	苍穹光翼：进攻
brightwisp	光灵
brilliance	光辉
brilliant blossoms	风花遍地
brilliant conviction	光之决心
brilliant dynamis	潜能量的光芒
brilliant starmite	璀璨星甲虫
brim over	显现
brimming heart	雄心广场
brimming heart subdivision	[扩建区]雄心广场
brimstone earth	狱火大地
brine bomb	盐水炸弹
brine breath	盐水吐息
bring down the house	震场
brink of death	濒死
briny cannonade	苍炮击
briny deep	大洋涡底
briny mirror	水镜飞散
briny tide	苍波涛
briny veil	海水屏障
brionac	布里欧纳克
bristle	怒发冲冠
brittle boulder	小岩砾
brittle breccia	岩层崩塌
brittle impact	落地
broad swing	奋力一挥
broadside barrage	侧翼火力
broadwing gizamaluk	阔翼基札玛路克
broenbhar rocksplitter	碎岩斧 布伦巴尔
broil iii	死炎法
broken bhoot	溃散浮灵
broken earth	大地崩裂
broken faith	背信
broken gladiator	没落的海盗剑术师
broken glass	拷问
broken heart	破碎的心
broken lancer	没落的海盗枪术师
broken link	破损链接
broken marauder	没落的海盗斧术师
broken mountain	摧山 布罗肯·马乌恩坦
broken omicron	破损的奥密克戎
broken ridge	终结山脉
broken seal	冰炎之纹
broken thaumaturge	没落的海盗咒术师
broken viking	破损的维京人偶
broken water	秽水
broken world	破坏之彗星
brollachan	布罗拉罕
brontes	布隆特斯
brontotaur	奔雷牛头魔
bronze beetle	青铜甲虫
bronze bellows	突风强袭
bronze bull	迷惘剑 布隆兹·布尔
bronze buzzard	青铜秃鹫
bronze lake	石绿湖
bronze lake shallows	石绿湖浅滩
bronze lightning	轰雷流电
bronze link	分铜锁
bronze pugil	石绿湖陆鱼
bronze tortoise	青铜龟
bronze urn	恒辉队的油壶
bronze work	轰雷之杖
brood rage	亲鸟之怒
brood ziz	护巢席兹
brother e-sumi-yan	圣哲 艾·斯密·雅恩
brother joacin	若阿桑法师
brother nolanel	诺拉内尔法师
brotherhood	义结金兰
brotherly gil turtle	金币龟兄弟
brotherly love	兄弟同心
brounger	布朗格
brow horn	额角
browbeat	殴打
browfix turnalot	视书如命 布罗菲克斯
brown bear	棕熊
brownie	棕仙
bruce the big	剑术师布鲁斯
brunt force	樵夫之技
brunt of the battlefield	翻土
brush with death	咒发操控
brushed-up krile	新型迷你可露儿
brushfire	燃尽
brushtip gap	笔尖狭路
brutal almasty	残暴阿尔马斯提
brutal barber	粗暴理发师
brutal beast charge	野蛮兽性冲击
brutal burn	野蛮灼烧
brutal camisado	强化夜袭
brutal crown	王权残暴
brutal gust	残暴突风
brutal halo	光轮
brutal impact	野蛮碎击
brutal lariat	野蛮碎颈臂
brutal rage	狂猛怒火
brutal rain	粗暴之雨
brutal rush	残暴冲锋
brutal shell	残暴弹
brutal smash	野蛮挥打
brutal stroke	凶残杀
brutal swing	残暴斧
brutality	全力以赴
brute abombinator	野蛮恨心
brute bomber	野蛮爆弹
brute distortion	野蛮爆弹的幻影
brute force	残暴铁拳
brute justice	残暴正义号
brutish brute	奸商的保镖
brutish imp	粗野小魔精
brutish swing	野蛮横扫
bubble bath	泡泡浴
bubble bomb	水泡炸弹
bubble burst	泡泡炸裂
bubble bursters	泡泡地狱
bubble gaol	气泡牢狱
bubble net	捕食气泡网
bubble shot	泡泡弹
bubble shower	泡泡吐息
bubble weave	气泡网：回声
bubbly bernie	泡沫魔蟹伯尼
bubo burst	炎症爆发
bubonic cloud	疫病云
buccaboo	布卡卜
buccal cones	口锥
bud of valor	幻影生成
budbutt	蕾击
budding morbol	发芽魔界花
budding thorns	荆棘幼苗
budding ya-te-veo	发芽食人花
budokan training grounds	天守武道馆
budugan healer	布都嘎部医生
budugan hunter	布都嘎部猎人
budugan shaman	布都嘎部萨满
budugan warrior	布都嘎部战士
buffalo	大水牛
buffalo calf	水牛犊
buffeted cloudtop	烈风云海
buffeted puffs	绒球爆炸
bug piece	奇子·故障虫
builder's art	比尔格之技艺
builder's build	工艺神造
builder's forge	工艺神创
building heat	热能膨胀
bukidai the wandering river	奸诈狡猾 不乞歹
bull amphiptere	莽撞安菲瑟龙
bull apollyon	莽撞亚波伦
bull archaeosaur	莽撞古恐龙
bull behemoth	莽撞贝希摩斯
bull charge	猛牛冲锋
bull chocobo	莽撞陆行鸟
bull dhalmel	莽撞长颈驼
bull horn	公牛号角
bull of ala mhigo	阿拉米格猛牛
bull's bath	猛牛浴池
bull's pen	牛魔盆景
bull's steel	战争狂的决意
bull's voice	野牛咆哮
bull's-eye	闪雷飞镖
bulldoze	铲平
buller's drop	子弹
bullet hell	枪弹地狱
bullish slash	牛魔猛击
bullish swing	牛魔回转
bullish swipe	牛魔横扫
bullpup	斗牛小犬
bulwark	壁垒
bulwark hall	工事大厅
bumble beetle	蜂甲虫
bunferno	呼呼燃烧
bunker buster	地下贯通爆弹
bunmerang	嗖嗖回旋镖
bunshin	分身之术
burabura chochin	荡悠悠
burchard swiftspear	豪爽枪 伯查德
burden of the father	戈耳狄俄斯之担
burden of the son	弥达斯之担
bureau of immigration	入国审查局
bureau of registration	移民登记局
bureau of the administrator	人民行政局
bureau of the architect	创造管理局
bureau of the secretariat	人民秘书局
burfurlur the canny	布弗鲁
burgeoning dread	恐惧波动
burgeoning fury	原初的搏动
burgundy falls	紫红瀑布
buried monkfish	潜伏的安居鮟鱇
burly tapper	武装的行省人
burn baby burn	蹦迪
burn mark	爆印
burning anala	燃烧阿那罗
burning battlements	暗火燎堞
burning beam	高热激光
burning blade	燃烧之刃
burning bolt	火弹
burning brand	烙印燃烧
burning bright	明亮电光
burning chains	火焰链
burning circle	火焰阵
burning coals	煤炭爆燃
burning counter	火属性反击
burning court	暗火燎庭
burning cyclone	火龙卷
burning field	星战士团训练场
burning gleam	火魔光
burning hate	怨恨之火
burning heart	龙炎核心
burning keep	暗火燎城
burning lover	熔岩喷出
burning memories	燃烧的记忆
burning moat	暗火燎壕
burning pillar	火柱
burning rave	燃烧咆哮
burning shade	黑炎
burning sky	灾变流星
burning soul	灵魂的光辉
burning souls	燃烧的灵魂
burning star	烈火魔力球
burning steppe	燎原之火
burning strike	燃火强袭
burning sun	全都点着
burning tendrils	燃烧卷须
burning twister	炎旋风
burning village	焦热村落
burning wall	火墙
burning ward	火灵的守护
burnished glory	光焰圆光
burnished joust	骑兵突击
burnout	雷燃爆
burnt lizard creek	火蜥蜴河
burnt strike	燃烧击
buro roggo the tepid	戏火工 布罗·罗格
burr burrow	黏菌爆发
burr fester	黏菌炸裂
burrow antlion	地洞蚁狮
burrow mole	掘地鼹鼠
burrowing aspis	筑巢毒蝰
burrowing t'ohts'on	掘地土石之鼠
burrowing wamoura	地洞瓦魔蛾
burrowing wamouracampa	地洞瓦魔蛾幼虫
burst flare	核爆爆发
burst of chaos	混沌爆裂
burst shot	爆发射击
burst strike	爆发击
bursting grotesquerie	引爆细胞
burying counter	土属性反击
buscarron's druthers	巴斯卡隆酒家
buscarron's scar	巴斯卡隆监视所遗址
bush bash	草绿葱葱
bushy sunbeard	浓毛太阳须毛球
buster knuckles	爆发拳
bustle of the capital	皇都的熙攘
bustling boulevard	环境音：街市嘈杂
busy beachcomber	稳重的海盗
butcher	宰杀
butcher basilisk	凶残石蜥蜴
butcher's block	寒风斧
butterfly effect	蝴蝶效应
butterfly float	追打
butterfly motif	蝴蝶彩绘
butting buffalo	冲撞水牛
buttress	树根层
buyer's remorse	诅咒的宝物
buzzfly	噪蜻蜓
buzzing djigga	嗡嗡血蚤
buzzing paper wasp	嗡嗡纸巢胡蜂
buzzsaw	旋转链锯
by design	蓄意
byakko cub	白小虎
bygone aerostat	旧日航空机
bygone alpha sentry	旧日哨兵长
bygone bombard	旧式轰击怪
bygone electrohound	旧日雷转质猎犬
bygone gaol	游末邦监狱
bygone laser cannon	旧日激光炮
bygone roadripper	旧日开路机
bygone sentry	旧日哨兵
bygone serenity	久远的记忆
bygone subrunner	旧日勤务辅助机
bygone terror knight	旧日惊恐骑士
byregot	比尔格
byregot's avatar	比尔格的分身
byregot's spire	比尔格之塔
byregot's strike	工艺神击
byregot's ward	比尔格的加护
byron's bread	拜隆粮场
caber toss	投掷
cabinet of curiosity	博物陈列馆
cachexia	恶病质
cacophony	嘈杂的噪音
cactguard	仙人盾
cactpot board	仙人彩
cactuar	仙人掌
cactuar cutting	幼小仙人掌
cactuar jack	仙人掌杰克
cactus crush	仙人拳
cadaveric spasm	死后抽搐
cadmium morpho	镉闪蝶
caduceus	蛇杖击
caerustellar collision	蓝色天体撞击
cage of fire	牢笼炮
cage of molten metal	火焰魔刃·牢狱
caged heart of nature	浓缩地灵脉
cagnazzo	凯纳槽
cahciua	喀赫奇瓦
cairn's hollow	深层
cait sith	凯特·西
cait sith doll	凯特西娃娃
cake decorator	参与制作蛋糕
calabash cove	葫芦小湾
caladrius	医官鸟
caladrius maturus	成熟的医官鸟
calamari	触手
calamitous blaze	灵灾之焰
calamitous cry	灾祸之鸣
calamitous echo	灾祸之声
calamitous flame	灵灾之炎
calamitous thunderclap	灾厄惊雷
calamitous wind	灾祸之风
calamity	灾祸天翔
calamity retold	灾厄重现军事演习
calamity unbound	灾厄蔓延
calamity's bite	冰之灾厄
calamity's bolt	雷之灾变
calamity's chill	冰之灾害
calamity's edge	灾祸斩
calamity's embers	火之灾害
calamity's flames	火之灾变
calamity's frost	冰之灾变
calamity's fulgur	雷之灾厄
calamity's inferno	火之灾厄
calamity-blade sigil	阴之刀印
calcabrina	卡尔克布莉娜
calcify	石灰化
calcifying mist	钙化浓雾
calculated combustion	热能放射
calculated trajectory	强制移动
caliban gap	卡利班古巢
caliban gorge	卡利班深海峡
caliburni	石中剑
caliburnus	石中剑
call beast	呼叫
call controlled burn	请求精密轰炸支援
call dimension blade	次元刀召唤
call fire shot	请求燃烧轰炸支援
call of the inferno	幻影召唤
call of the mountain	野性呼唤
call of the portal	传送咒印
call raze	请求无差别轰炸支援
call strategic raid	请求战术轰炸
call wyvern	召唤飞龙
callisto	卡利斯托
callous crossfire	无情交火
callous steed	卡拉斯·斯泰德
calm cloudtop	无风云海
calm daughter	落落大方的少女
calm waters	渔民之感
calmgrounds	风平露营地
calofisteri	卡洛菲斯提莉
caloric theory	热质说
calydontis	卡吕冬堤斯
camaraderie	激励鼓舞
camazotz	坎马卓兹
cameral chamber	太阳神大堂
camisado	夜袭
camouflage	伪装
camp bluefog	蓝雾营地
camp broken glass	碎璃营地
camp bronze lake	石绿湖营地
camp cloudtop	云顶营地
camp dragonhead	巨龙首营地
camp drybone	枯骨营地
camp glory	荣誉野营地
camp overlook	瞭望阵营地
camp revenant's toll	废弃营地
camp riversmeet	交汇河营地
camp skull valley	骷髅谷营地
camp steva	斯特瓦野营地
camp tranquil	恬静路营地
camp vrdelnis	弗尔德尼斯前哨
campacti	坎帕提
campeador piece	奇子·勇士
campsite	帐篷
camptotaur	弯曲牛头魔
can't touch this	接触爆炸
canal achamoth	运河阿卡莫特
canal anala	运河阿那罗
canal anila	运河阿尼罗
canal apa	运河阿帕斯
canal arachne	运河阿剌克涅
canal banemite	运河祸蛛蝎
canal banshee	运河班西
canal belladonna	运河剧毒美人
canal bloodglider	运河血飞蛾
canal bomb	运河爆弹怪
canal bombfish	运河爆弹鱼
canal brachiosaur	运河腕龙
canal cardian	运河卡魔人
canal chelone	运河海石龟
canal chuluu	运河浑朝鲁
canal commander	运河寒冰指挥官
canal conodont	运河雷牙
canal coralshell	运河珊瑚壳
canal corpse flower	运河尸生花
canal crab	运河陆蟹
canal craklaw	运河裂钳蟹
canal crew	运河蔓德拉战队
canal deepdrinker	吞河泥怪
canal depthscrawler	运河淤泥
canal dhalmel	运河长颈驼
canal dhara	运河陀罗
canal dhruva	运河陀鲁婆
canal diremite	运河凶蛛蝎
canal drake	运河火蛟
canal egg	运河茄子
canal entrance	运河入口
canal fan	运河魔法风扇
canal fire homunculus	运河人造火元素
canal flamebeast	运河焰兽
canal fluturini	运河浮蝶
canal gagana	运河迦迦纳怪鸟
canal gallimimus	运河似鸡龙
canal garlic	运河蒜头
canal golem	运河树木巨像
canal gowrow	运河高牢怪龙
canal grenade	运河榴弹怪
canal halgai	运河刺草球
canal hanya	运河般若
canal hippomaritimus	运河海栖马
canal ice homunculus	运河人造冰元素
canal icebeast	运河冰兽
canal iron corse	运河铁面腐尸
canal keeper	运河守卫
canal kiyofusa	运河清房
canal koja	运河高加颅
canal kongamato	运河恐甲蚂蜓
canal leshy	运河莱西
canal lightning homunculus	运河人造雷元素
canal mammoth	运河长毛象
canal marid	运河魔象
canal matamata	运河玛塔蛇颈龟
canal matanga	运河象魔
canal minotaur	运河弥诺陶洛斯
canal monk	运河海鬼鱼
canal mossling	运河苔小妖
canal muud suud	运河姆德斯德
canal ochu	运河大口花
canal ogre	运河食人魔
canal ogrebon	运河食人鬼鮟鱇
canal onion	运河洋葱
canal onmitsu	运河隐密
canal phoebad	运河弗巴德
canal pteranodon	运河无齿翼龙
canal purbol	运河紫魔花
canal queen	运河王后
canal ray	运河斑鳐
canal rockfin	运河石鳍鲨
canal roselet	运河小红花
canal ruszor	运河鲁斯索尔
canal sasquatch	运河大脚巨猿
canal scorpion	运河熔岩蝎
canal scorpling	运河蝎
canal sheep	运河绵羊
canal shuck	运河狗灵
canal soblyn	运河盐爬虫
canal specter	运河妖影
canal tengu	运河鸦天狗
canal thunderbeast	运河雷兽
canal tomato	运河番茄
canal town	运河镇
canal town north	运河镇北侧
canal town south	运河镇南侧
canal treant	运河树精
canal urolith	运河乌洛里石
canal vanara	运河婆那罗
canal vepar	运河魔陆鱼
canal vindthurs	运河风巨魔
canal wind homunculus	运河人造风元素
canal windbeast	运河风兽
canal wraith	运河幽灵
canal yeti	运河大脚雪人
candescent ray	烈焰射线
candied succubus	糖糖梦魔
candlekeep quay	守炬埠头
candlewick	妖刃银焰
candy cane	糖果手杖
cane toad	杖蟾蜍
cane-waving heretic	异端者幻术师
canis dirus	恐惧妖犬
canis lupinus	军用狼犬
canis perdito	离队军犬
canis praetorianus	禁卫军犬
canis pugnax	军犬
cankerous gobbet	腐蚀块
cannibalize	勇猛的咆哮
cannon reflection	反射加农炮
cannon shot	加农炮
cannonball	加农球
cannonball ricochet	反弹
cannonbolt	聚雷加农炮
cannonfire	炮击
cannonspawn	扩散炮
canonize coordinates	坐标测算
canopy carve	雕叶
cant below	上层
canticle	祈祷之歌
canu vanu	卡努瓦努
canu vanu's totem	卡努瓦努图腾
canyon bat	峡谷蝙蝠
canyon condor	峡谷秃鹰
canyon dzo	离群犏牛
cap bump	菌帽冲撞
cape geras	革剌斯角
cape westwind	西风岬
capering pixie	欢跃的仙子
caphunter	伞帽猎人
capitation	魔具召唤
capitol	国会议事堂
capricious breeze	逆卷风
capricious cassie	无常魔花凯西
capricious chambermaid	调皮的妖灵
caprino	山羊羔
capsule chasm	胶囊峡谷
capsule pools	胶囊池
captain alka zolka	航海长 阿尔卡·佐尔卡
captain carvallain	百鬼 卡尔瓦兰
captain jacke	双刃 贾可
captain madison	麦迪逊船长
captain mogsun	护卫团长莫古森
captain of the guard	被操纵的头中将
captain petyr pigeontoe	培提尔队长
captain rhoswen	红血 罗丝温
captain's boy	原船长的小弟
captain's guard	原船长的护卫
captain's leech	原船长的亲信
captain's quarters	船长室
captain's slave	原船长的奴隶
captains ward	船长区
captive bolt	破碎斩
captive serpent	圈养巨蟒
captive soul	被囚困的灵魂
captivity	囚禁
capture	捕获
captured resistance member	义军俘虏
capturing interest	捕获
capybara pup	水豚幼崽
caracal	狞猫
caravan campsite	路上的休息地
caravan guard	像是护卫的男子
caravan merchant	像是旅行商人的男子
carbide grey warp loader	灰色轮式工程车
carbonaceous combustion	煤炭点火
carbonatite quarry	碳酸岩挖掘场
carbuncle	宝石兽
carbuncle's devotion	宝石兽的加护
carcharian verve	鲨之气魄
card drawn	抽卡
card held	暂留
card square	幻卡广场
card trick	卡牌戏法
cardian	卡魔人
cardinal gate	朱青之门
cardinal horizons	四连幻影光波
cardinal shift	四剑大回旋
cardo maximus	博兹雅堡垒大街
carefree adventurer	飘然的冒险者
carefree twirl	悠闲表情
careless carrier	粗心的送货人
careless whisper	科尔蕾丝·威斯帕
caretaker	代管机
cargo administration	货物装卸控制室
caribou	驯鹿
caribou kick	驯鹿猛踢
carline canopy	魔女咖啡馆
carmilla	卡蜜拉
carmine kitchen	赤红厨房
carmine wamouracampa	胭红瓦魔蛾幼虫
carnage	灭绝
carnage zero	零式灭绝
carnal chill	厌世
carnation door	黄石竹门
carnelian	卡尼利安
carnelian courtyard	巴隆城庭院
carnem levare	谢肉节
carniflagration	爆弹盛宴
carpenter	刻木匠
carpenters guild	刻木匠行会
carpet beater	拍毯子
carpet bomb	地毯式轰炸
carpet ride	绒毯突击
carpet stain	地毯污蝓
carpomission	石腕飞拳
carrier ladybug	搬运花甲虫
carrier ziz	携毒席兹
carrion beetle	腐甲虫
carrion broth	腐汁
carrion chigoe	食腐沙蚤
carrion djigga	食腐血蚤
carrion griffin	食腐狮鹫
carrot and ruin	胡萝卜毁灭
carrot gun	胡萝卜枪
carrot of happiness	开心胡萝卜
carrot power	胡萝卜授权
carrot supporter	胡萝卜协助机
carrotorium	胡萝卜所
carrots of brilliance	光辉胡萝卜
carrots of happiness	开开心心胡萝卜
carrots of passion	激情四射胡萝卜
carry book	双手抱书
carvallain	卡尔瓦兰
carve and spit	精雕怒斩
carving rune	符文镌刻
cascade	倾泻
cascadier cadet	防爆组敢死队员
cascading latent defect	潜在错误：下溢
cassard	卡萨德
cast glamour	武具投影
cast judgment	过去审判
cast light	垂钓之光
cast shadow	影火咒式
cast stones in shadow	暗夜投石
cast-off halo	废料光环
castaway chocobo chick	巧儿海陆行鸟
castellation	护城墙
castellum corvi	帝国夜鸦基地
castellum velodyna	威罗迪纳基地
castellum zadnori	扎杜诺尔基地
casting chlamys	腐咒斗篷
castle zvahl	兹瓦尔城
castrum abania	帝国白山堡
castrum approach	湖岸堡城外
castrum centri	帝国中央堡
castrum centurion	守卫队百夫长的声音
castrum control	管理层
castrum defense	防御层
castrum fluminis	帝国河畔堡
castrum gate	城门
castrum lacus litore	帝国湖岸堡
castrum marinum	帝国海上基地
castrum marinum drydocks	帝国海上基地干船坞
castrum meridianum	帝国南方堡
castrum occidens	帝国西方堡
castrum oriens	帝国东方堡
castrum solus	帝国索鲁斯堡
casualty prevention	自愈术
cat collar	猫项圈
cat's eye	猫眼
catabasis	落狱煞
cataclysm	天崩地裂
cataclysmic blade	灾变之刃
cataclysmic vortex	灾变涡旋
catalyze	激励
catapult	投石
catastrophe	灾变者
catastrophe of fire	火之灾变
catch and release	捉放
catch of the siegfried	世界第一剑士——齐格弗里德
catching	扩散
catching chaos	四方溃乱
catching claws	捕猎爪
catching fire	广域燃烧
catechism	教理问答
catenaries	悬链公馆
caterwaul	疾呼
catharsis	洗涤
catharsis of corundum	刚玉之净
cathedral	古代大教堂
cathedral gargoyle	大教堂石像鬼
catmint crate	蔷薇骑兵团的粮草
catoblepas	卡托布莱帕斯
catoblepas piece	奇子·卡托布莱帕斯
cattery	豹子窝
cattle tyrant	牲畜暴君
cauahealoa	引导之牙
cauahepya	咆哮之牙
caudal swipe	尾部横扫
causality	因果
caustic bite	烈毒咬箭
caustic grebuloff	变异的格雷布洛弗
caustic purgatory	猛毒生物隔离层
caustic spray	腐蚀喷雾
caustic vomit	腐蚀物
cauterize	低温俯冲
cavalier piece	奇子·游侠骑士
cavalry drake	兵队火蛟
cavalry elbst	兵队水龙蜥
cavatina	抒情短调
cave aurelia	洞穴海月水母
cave bat	洞穴蝙蝠
cave crab	洞穴陆蟹
cave gelatin	水洞明胶
cave glowfly	洞窟荧光虫
cave hropken	水洞洛浦肯
cave kikitola	星光满溢洞窟
cave mantis	土洞螳螂杀手
cave opken	水洞欧浦肯
cave pugil	水洞陆鱼
cave system	洞内
cave tarantula hawk	土洞蛛鹰蜂
ceaseless current	无尽的洋流
ceaulie	索莉
cedarwood	雪松原
ceetol ja's elixir	西托加的特制伤药
ceetol ja's potion	西托加的伤药
celebrate good times	欢庆时刻
celebration guide	庆典向导
celeris	帝国式兴奋剂
celestaux the keen	锐利锋 塞莱斯特
celestial arrow	天空箭
celestial decree	天星剑
celestial drive	天星枪
celestial flame	天道之炎
celestial intersection	天星交错
celestial nexus	宿星之座
celestial opposition	天星冲日
celestial revolution	翻天脚
celestial river	星河漫天
celestial sphere	天脉创造环境
celestial stasis	星天停止
celestial thunder	震天雷
celestial tide	满天星光
celestial trail	天空轨迹
celestriad	三星
celie the pursuant	追踪者 塞莉
cell death	致死细胞
cell division	细胞分裂
cell mite	小蛛蝎
cell shedding	细胞亡语
cell shock	放电
cellar arachnid	地底烈爪
cellar morpho	地底闪蝶
cellarage	地下1层
celphie	赛勒菲
cemented	水泥
cenotaph	先贤伟业纪念碑
cenote alligator	加加财富短吻鳄
cenote bandercoeurl	加加财富斑攫豹
cenote bloodglider	加加财富血飞蛾
cenote branchbearer	加加财富拟鸟枝
cenote entrance	财富天坑入口
cenote flytrap	加加财富陷阱草
cenote gedan	加加财富獦狚
cenote jayunja	抱拥天坑
cenote leafkin	加加财富蓝叶灵
cenote megamaguey	加加财富巨龙舌兰
cenote monstera	加加财富龟背竹
cenote morpho	加加财富青闪蝶
cenote mourner	加加财富哀悼者
cenote moxutural	战地天坑
cenote necrosis	加加财富坏死花
cenote netzach	加加财富图拉尔胜利
cenote neyozzote	延根天坑
cenote pitcher weed	加加财富投射草
cenote qeziigural	加加财富凯吉古拉
cenote roselet	加加财富小红花
cenote sarracenia	加加财富避阳之花
cenote silver lobo	加加财富银狼
cenote slammer	加加财富撞角头
cenote t'ohsoq	加加财富土石之翼
cenote t'ohts'on	加加财富土石之鼠
cenote toco toco	加加财富巨嘴鸟
cenote tomaton	加加财富黏浆果
cenote tomatuxmool	加加财富拟浆果
cenote toucalibri	加加财富巨喙蜂鸟
cenote tulichu	加加财富地口花
cenote ty'aitya	加加财富小鸣鼠
cenote wamoura	加加财富瓦魔蛾
cenote wamouracampa	加加财富瓦魔蛾幼虫
cenote woodsman	加加财富树林人
cenotekeeper	加加财富守卫
censure	执行
centaur	半人马
centaur's charge	人马冲锋
centaur's eye	半人马之眼武具店
center anala	内环阿那罗
center anila	内环阿尼罗
center apa	内环阿帕斯
center dhara	内环陀罗
center of convection	豪焰旋
center prabhasa	内环波罗婆娑
center soma	内环苏摩
centerstage combo	环环心连心
central aerial artifice	创造中空层
central amdapor	腐坏的街道
central azys lla	魔大陆中枢
central bow	中枢舰首区
central circuit	内环
central circuits	中央终端中层
central columns	中央魔力桥脚
central complex	舰体构造群
central compound	中枢区
central control	中央管制室
central conveyance unit	中央魔路
central crossing	中央交叉路
central decks	诸神黄昏级三号舰舰体中央
central east passage	中层东侧回廊
central empyreum	穹顶皓天中央区
central empyreum subdivision	[扩建区]穹顶皓天中央区
central gallery	中层中央大厅
central garage	大型机库
central gardening	中央鞭打
central hall	基部中枢区
central hills of amber	中琥珀丘
central lake tusi mek'ta	蛇水湖中央
central limsa lominsa	中央管区
central longmirror lake	身镜湖中央
central mezzanine	中层回廊
central mist subdivision	[扩建区]海雾村中央区
central observatory	主观测室
central point	中点
central shroud	黑衣森林中央林区
central soda-lime channel	碱石灰河中游北侧
central thanalan	中萨纳兰
central west passage	中层西侧回廊
centralized current	集中放电
centralized nerve gas	前方神经毒气喷射
centrifugal blow	圆弧强击
centrifugal crystal engine	水晶增殖炉
centrifugal slice	全方位斩机
centrifugal spin	中央旋转攻击
centurio praetorianus	禁卫百夫长
centurio tiger	兵团虎
ceol aen	乔尔艾恩石环
cepheus	悬赏魔物：仙王水母
ceratoraptor	角盗龙
cerberpup	小刻耳柏洛斯
cerberus	刻耳柏洛斯
cerebrator	思索之物
ceremonial pillar	魔冰柱
ceremonial stores	祭具室
ceremony chocobo	典礼陆行鸟
cermet blast door	超硬陶瓷合金防爆墙
cermet bulkhead	超硬陶瓷合金隔离墙
cermet coblyn	陶瓷合金矿爬虫
cermet drill	陶瓷合金钻头
cermet pile	陶瓷合金桩
cermet wall	隔离墙
certain solitude	孤独的绝望
cerule anala	青磷阿那罗
cerule bomb	青磷爆弹怪
cerule rheum	青汁液怪
cerulea ingens	大青湖
cerulean cexudross	绀碧地门
cerulean ray	青蓝射线
ceruleum bomb	青磷爆弹怪
ceruleum coblyn	青磷矿爬虫
ceruleum depot	青磷水保管所
ceruleum drill	青磷水采掘场
ceruleum embers by dusk	青烟野蔓
ceruleum engine	青磷机车
ceruleum explosion	青磷爆炸
ceruleum field	青磷泉
ceruleum pillar	青磷柱
ceruleum processing plant	青磷精炼所
ceruleum pumps	青磷水汲取场
ceruleum refill	装填青磷水
ceruleum servant	青磷使魔
ceruleum slush zoblyn	融雪青磷矿怪虫
ceruleum sphere	青磷晶球
ceruleum spill	漂浮气体填充区
ceruleum spring	青磷泉
ceruleum sprite	青磷元精
ceruleum tank	青磷水罐
ceruleum vent	青磷放射
ceruleum zoblyn	青磷矿怪虫
cessair lawns	乖萨尔公园
cetacean rage	白鲸之怒
cetaceous speed	急速海豚
chaba gedan	恰巴獦狚
chabameki	恰巴梅奇平原
chabayuqeq	恰巴玉凯克平原
chachamun	茶茶姆恩
chaghan mammoth	查甘部的长毛象
chaghan warrior	查甘部战士
chain cannon	链式机关炮
chain deathmatch	锁链生死战
chain down	束缚
chain lightning	雷光链
chain magick	连续咏唱
chain mine	拦截链
chain of brambles	荆棘链
chain of commands	連撃命令
chain of purgatory	引爆
chain of the abyss	决死的锁链
chain pain	结咒发动
chain saw	回转飞锯
chain saw primed	回转飞锯启动
chain stratagem	连环计
chainblade blow	锁刃敲打
chainblade charge	锁刃下挥
chained blaze	叠焰
chains of condemnation	烈焰锢
chains of everlasting light	无尽光之锁
chains of malison	咒怨的连锁
chains of memory	连锁遗忘
chains of resentment	咒毒之锁
chainsaw	链锯
chakha zoh	恰佳遗骨堂
chakra burst	脉轮爆发
chakra drain	吸魔
chakra falls	脉轮大瀑布
chalaza	冰雹
chalcopyrite coblyn	黄铜矿爬虫
challenge	挑衅
chalteaufite cravenscreed	外厉内荏 沙尔托菲特
chamber of celestial song	演奏之间
chamber of courtly love	起舞之间
chamber of fourteen	十四席大堂
chamber of immortal legacy	英雄之间
chamber of knowledge	亚希纳临时实验场
chamber of patience	大殿前厅
chamber of raised cups	举杯之间
chamber of revolutions	双月之间
chamber of rule	乌尔达哈王政厅
chameleon	变色龙
champion archer	熟练的射斗士
champion conjurer	熟练的幻斗士
champion gladiator	熟练的追击斗士
champion lancer	熟练的兽斗士
champion marauder	熟练的绳斗士
champion tenaga	强腕的长手精
champion's circuit	回天动地
chamrosh	查姆洛什鸟
chance of blizzards	天气预报：暴雪
chance of gale-force winds	天气预报：暴风
chance of hyperelectricity	天气预报：雷波
chance of wildfires	天气预报：热浪
chancel	冰天宫礼拜堂
chanchala	反复无常
chandelier of first light	光耀吊灯
chandrahas	明月之笑
change of heart	感情变化
change pose	改变姿势
changeless winds	恒风
changeling's fantasia	自身变异幻想曲
channeled rage	燥怒
channeling flow	沟流充溢
channeling overflow	沟流溢出
chantico	蔷提可
chantry	放浪神礼堂
chantry cloister	礼拜堂环廊
chantry lift	礼拜堂升降室
chantry nave	礼拜堂中殿
chaochu	庞口花
chaos blast	混沌爆破
chaos bleed	混沌扩散
chaos breath	混沌吐息
chaos drive	混沌疾雷
chaos shrine	过去的混沌神殿
chaos storm	混沌风暴
chaos strike	混乱冲击
chaos thrust	樱花怒放
chaos-condensed particle beam	凝聚式波动炮
chaosphere	混沌晶球
chaotic chorus	无序的和声
chaotic cyclone	混沌旋风
chaotic cyclone ready	混沌旋风预备
chaotic dispersion	散布混沌
chaotic eye	混沌之眼
chaotic pulse	地脉活性
chaotic spring	樱花缭乱
chaotic storm	混沌风暴
chaotic strike	混乱冲击
chaotic undercurrent	地脉乱流
chaotic verse	混沌之诗
chapel bell	环境音：教堂钟鸣
chapter house	庭园小厅
chapuli	洽普利蚱蜢
charcore	赤热波
charge and hammer	猛冲重锤
charge blaster	蓄电冲击
charge eradicated	歼灭弹
charged aether mortar	蓄能以太炮
charged bolt hound	带电雷电猎犬
charged lightning	蓄电雷击
charged orb	魔雷球
charged volley fire	蓄能齐射
charged whisker	蓄能晶须
charged yumemi	麻痹观梦螺
charging gaja	发动袭击的伽迦象
charging hog	激怒野猪
charging swine	激怒豚猪
chariot	人马战车
charity of the alacran	钳蝎帮宽容术士
charlet	查莱特
charmed	魅惑拥抱
charmed boatswain	被魅惑的掌帆员
charmed captain	被魅惑的海盗船长
charmed falmadair	被魅惑的操舵员
charmed gromet	被魅惑的甲板员
charmed ice	导流冰球
charmed lightning	导流雷球
charmed lodesman	被魅惑的领航员
charming baubles	魔力辉石
charming chasse	魅惑舞步
charnel cell	致命棘狱
charnel claw	阴森之爪
charnel parlor	安灵所
charplume	暗之劫火焚天
charred coblyn	焦土矿爬虫
charred doblyn	焦土矿妖虫
charred dreadnaught	焦土恐慌装甲
charred droid	焦土机甲
charred drone	焦土无人机
charred luminare	焦土泛光晶体
charred paladin	焦土圣骑士
charred ruins	拉巴纳斯塔废墟
charring cataclysm	火之灾祸
chart course	更改路线
chary harrier	谨慎异端者
charybdis	大漩涡
charybdistopia	霸王大漩涡
charybterix	加尔普狄斯
chasm buzzard	峡谷秃鹫
chasm caracal	峡谷狞猫
chasm carver	断崖的决意
chasm cobra	峡谷眼镜蛇
chasm harpeia	峡谷哈佩亚鸟妖
chasm of vollok	无敌裂斩
chasmic nails	深渊连爪
chastening heat	神罚射线
chastity of the alacran	钳蝎帮贞洁术士
chateau d'oraguille	道拉吉耶城
chatterbird	叽喳鸟
check out	选集
checkmate	将死
cheer jump	声援小红
cheer on	声援小蓝
cheer wave	声援小黄
cheimon	寒冬
chelic claw	爪击
chelic predation	甲壳爪击
chelic resistance down	甲壳攻击耐性下降
chelic synergy	协同爪击
chelic vector	切创爪击
chelomorph	甲壳寄生
chelone	海石龟
chelonian gate	玄结界
chemical bomb	化学炸弹
chemical burn	化合物爆炸
chemical conflagration	化合物大爆炸
chemical missile	汽油导弹
chernobog	牛头黑神
cherry bomb	爆弹仔
cherry bombard	迷你轰击怪
chert golem	角岩巨像
chesed gevurah	仁慈之严酷
chest thump	捶胸
chewchum popoto	小地豆
chi blast	气功波
chi bomb	气功弹
chicken	小鸡
chicken knife	投掷弱鸡匕首
chief khalja	族长喀儿加
chieftain moglin	长老莫古灵
chigoe larva	沙蚤虫虫
child's play	控制人偶
chiliad	千山
chiliad cama	千年卡玛
chill arrow	热浪箭
chill bite	冰咬箭
chill blast	冻结弹
chilled to the bone	体温下降
chilling aspiration	迷雾吐息
chilling cataclysm	冰之灾祸
chilling chain	月氷連撃
chilling chirp	恐吓虫鸣
chilling collision	凝冰冲击
chilling cross	十字寒霜
chilling cyclone	寒颤旋风
chilling draft	冷气流
chilling duster	冰凉除尘
chilling fingers	死缠
chilling glare	恐惧的魔眼
chilling gleam	冰魔光
chilling suds	冰凉泡泡
chilling vapor	冷气
chillmark	冷却洞
chillstorm	冰结风暴
chimatsuri	月遁血祭
chimera	奇美拉
chimera brain	智化奇美拉
chimera piece	奇子·奇美拉
chimera poppet	玩偶奇美拉
chimera's lament	合成体的哀歌
chimeric soul	合成体之魂
chimeric succession	合成体连击
chimney smack	煤炭灼烧
chimpanzee	黑小猩
chinchilla	毛丝栗鼠
chirada	妙翅
chirada-egi	妙翅之灵
chiromorph	手形态
chirp-o'-the-wisp	咯咯咯♪
chirpy checker	蓬松蓬松
chirpy chocobo	蓬松陆行鸟
chirteh's keep	其特野城遗址
chirurgeon general	某个医师长的记忆
chirwagur engraver	其瓦固雕工
chirwagur lake	其瓦固盐池
chirwagur sabreur	其瓦固佩刀者
chirwagur saltern	其瓦固盐田
chirwagur saltworker	其瓦固盐工
chiseled arm	凿刻之手
chiseled sculpture	被创造的男性
chiten-gaeshi	地天返
chitin carapace	角质甲壳
chitinous advance	手段顺行
chitinous reversal	手段逆行
chitinous trace	沉思手段
chivalric rush	骑士道
chivalric sphere	骑士城苑
chivalrous spirit	骑士精神
chlevnik	奇尔维尼克
chlorophosgrot	荧光洞
chlorophospond	荧光池
chlorophosvault	荧光地洞
choco aero	陆行鸟疾风
choco aero iii	陆行鸟暴风
choco beak	陆行鸟猛啄
choco blades	陆行鸟风刃
choco blast	陆行鸟爆发
choco comet	陆行鸟彗星
choco comet burst	陆行鸟彗星炸裂
choco cure	陆行鸟治疗
choco cyclone	陆行鸟旋风
choco doublades	双重陆行鸟风刃
choco drop	陆行鸟后撞
choco guard	陆行鸟防御
choco kick	陆行鸟踢击
choco maelfeather	尾羽
choco medica	陆行鸟医治
choco meteor	陆行鸟陨石
choco meteor impact	陆行鸟陨石冲击
choco meteor storm	陆行鸟陨石风暴
choco meteor stream	陆行鸟陨石流
choco meteor strike	陆行鸟流星强击
choco meteorain	陆行鸟流星雨
choco meteoruption	陆行鸟流星喷发
choco reflect	弱化效果反射
choco regen	陆行鸟再生
choco rush	陆行鸟冲刺
choco slash	陆行鸟裂斩
choco slaughter	陆行鸟杀戮
choco strike	陆行鸟强击
choco surge	陆行鸟波涛
choco windstorm	陆行鸟风暴
chocobastion	胖胖之壁
chocobo	陆行鸟
chocobo brush	陆行鸟之笔
chocobo carriage	陆行鸟篷车
chocobo chick courier	黑巧儿信差
chocobo forest	陆行鸟之森
chocobo legtrap	陆行鸟陷阱草
chocobo lift	陆行鸟电梯
chocobo square	陆行鸟广场
chocobo stables	陆行鸟栏
chocobo stables gate	埋门
chocobokeep	陆行鸟栏
chocorpokkur	巧克力小妖
choir moogle	圣歌莫古力
chokeshin	蝶化身
choking grasp	压溃
choking hazard	粘鸟胶
choliselvaas	天降重石
chopper	锐牙长须豹
chopping block	骷髅处刑台
choreology room	舞之间
choros ixou	寄生之舞
chorus aligned	舞动之歌
chorus of the lost	逝者的合唱
chosen path	决意之路
chromatic fantasy	赋彩幻想
chronofoil	光阴之翼
chrysabel	克里莎贝尔
chrysalis	戒律之茧
chrysomallos	克律索马罗斯
chthonic edge	冥界锋
chthonic flood	冥界波动
chthonic fury	冥界之怒
chthonic horns	异土庭
chthonic hush	地府安宁
chthonic vent	喷炎升蛇
chuchuto	秋秋拓
chuchuto brightstar	光明星 秋秋拓
chuckle	轻笑
chudo-yudo	丘都尤都
chupacabra	卓伯卡布拉
church at dammroen field	达穆伦巡礼教会遗迹
churning	祸泡
churning deep	祸泡
churning mists	翻云雾海
chyme of the mountain	圣山之糜
ciblu's coffee grounds	奇毕露咖啡农园
ciclicle	旋冰射线
cid's memory	西德的记忆空间
cieldalaes	谢尔达莱群岛
cieldalaes crawler	谢尔达莱盲头蟹
cieldalaes hornet	谢尔达莱黄蜂
cieldalaes mantis	谢尔达莱螳螂
cieldalaes margin	谢尔达莱群岛近海
cieldalaes spectral current	谢尔达莱群岛近海幻海流
cinder drift	基姆利特防线
cindersoot pegujj chah	灰煤烟 佩古基·春
cinduruva	马格
cintamani	如意宝珠
circle blade	回旋斩
circle blaster	圆形冲击波
circle of binding	止步之环
circle of blood	血之环
circle of brilliance	光辉之环
circle of chaos	混沌之圈
circle of clarity	光明流转
circle of death	死亡回旋
circle of flames	烈火回环
circle of ice	冰环
circle of ice prime	融合冰环
circle of inquiry	审理宫
circle of life	朵塔儿之命
circle of lives	青之环波
circle of power	魔纹环
circle of purgatory	炼狱魔阵
circle of sacrifice	祭祀环
circle of scorn	厄运流转
circle of the tempered	焚者群落
circle target	目标·圆圈
circles of answering	顿悟圆座
circling blade	圆斩剑
circling condor	盘旋秃鹰
circling vulture	盘旋兀鹫
circling winds	疾风冲
circuit shock	环状放电
circular saw	全体斩击
circumscribed fire	钻环跳圈的火炎
circumzenithal arc	环天顶弧
circus ahriman	大陆之眼
circus wisp	大陆妖火
cirrate christelle	卷须魔花克里斯泰勒
cistern system	上水道设施
citadel armor	堡垒装甲
citadel buster	攻城炮
citadel eques	堡垒骑士
citadel hoplomachus	堡垒剑斗士
citadel laquearius	堡垒绳斗士
citadel sagittarius	堡垒弓斗士
citadel secutor	堡垒拳斗士
citadel siege	堡垒围攻
citia swamps	希秋亚湿原
citrine carbuncle	黄水晶宝石兽
city of treno	特雷诺市区
civilization buster	文明毁灭
civilizations	文明
cladoselache	裂口鲨
clamorous chase	锁刃跃动
clanging blow	强攻击
claret dragon	赤龙
clarichord chamber	音乐室
clarifying draw	重抽预备
clarity of corundum	刚玉之清
clarricie the resplendent	华丽魔女 克拉莉西
clashing	拼刀
classical blizzard	经典冰结
classical concepts	元素理念
classical elements	经典元素
classical fire	经典火炎
classical sculpture	创造巨兵
classical stone	经典飞石
classical thunder	经典闪雷
claster	舰载浮游炮
claw and tail	飞踢后摆尾
claw bit	手型浮游炮
claw cage	蓝爪囚笼
claw motif	兽爪彩绘
claw of the br'aax	狞豹的锐爪
claw of the griffin	狮鹫之爪
claw sketch	兽爪素描
claw swipe	利爪突进
claw to tail	利爪凶尾
clawbound	邪龙之爪
clawed muse	兽爪构想
clawful	重爪爆发
clawing shadow	雾霾爪
clawmarks	抓痕
clawtrap alzadaal xiv	阿尔扎达尔十四世爪督
clay claw	巨钳虾
clay effigy	泥岩巨兽
clay golem	泥土巨像
clayclot cauldron	发光的挖土场
clean cut	激突
clean shot	狙击弹
cleaner	清洁机
cleaner shot	狙击弹效果提高
cleaning	清扫
cleanse	除垢
cleansing	天崩地裂
cleansing fire	净化火炎
cleansing flame	圣光烧却击
cleansing slash	乱命割杀斩
cleansing storm	清廉奔雷之歌
cleansing strike	乱命割杀打
clear cut	横斩
clear mind	澄澈之心
clear vision	明晰视野
clear-cut lumber	违法砍伐的木材
clearing smoke	烟管冲击
clearmelt	清融街
clearnote cauldron	凉爽的打水场
clearout	横扫
clearpool	清澈池
clearwater	暗鳞湖畔
clearwater nanka	清水南加
clearwater ninki nanka	清水宁基南加
cleaver	剁肉刀
cleft of profaning wind	吹拂异风的白色战场
clemency	深仁厚泽
cleric stance	战姿
clever hedgemole	机敏针鼹
clever little ray	碧甲族斑鳐
clever roost	智德狭路
clever thrall	被迷惑的山猴
clevering	哥布林科学研究室
cleyra museum of nature	克雷拉自然史博物馆
clibanarius	铠甲重骑兵
cliffdiver	冲壁鸟
cliffkite	壁崖飞鸢
cliffmole	壁崖鼹鼠
climate change	修正预报
climbing shot	攀跃射击
clingy clare	黏人魔花克莱尔
clionid	冰海天使
clionid larva	小小冰海天使
clipper	锋螯陆蟹
cloak of death	灵泉祸
cloak of shadows	影之披风
cloak of twilight	黄昏披风
cloak of waning light	黄昏披光
cloak of waxing dark	黄昏披暗
clobber	打垮
clockwork	机械机关
clockwork alarum	亚拉戈发条报警虫
clockwork ark knight	亚拉戈发条圣柜骑士
clockwork avenger	亚拉戈发条复仇者
clockwork barrow	发条推车
clockwork bit	亚拉戈发条浮游炮
clockwork bug	亚拉戈发条虫
clockwork carnifex	亚拉戈发条刽子手
clockwork castletown	机关大殿
clockwork cerulean chaser	发条蔚蓝驱逐者
clockwork champion	亚拉戈发条冠军
clockwork city of goug	机工都市高古
clockwork coliseum	高古斗技场
clockwork crimson chaser	发条深红驱逐者
clockwork dreadnaught	恐慌装甲
clockwork engineer	亚拉戈发条工程师
clockwork footman	亚拉戈发条步兵
clockwork harvestman	亚拉戈发条收割者
clockwork hunter	亚拉戈发条猎手
clockwork knight	亚拉戈发条骑士
clockwork lantern	发条提灯
clockwork medium	机关召集
clockwork onmyoji	机关阴阳师
clockwork oppressor	发条压迫者
clockwork overlord	亚拉戈发条霸王
clockwork paladin	亚拉戈发条圣骑士
clockwork predator	亚拉戈发条铁血战士
clockwork raiton	机关雷遁
clockwork repurposer	亚拉戈发条回收器
clockwork reservoir	亚拉戈发条供能机
clockwork soldier	亚拉戈发条士兵
clockwork solus	发条索鲁斯
clockwork spider	亚拉戈发条蜘蛛
clockwork squire	亚拉戈发条侍从
clockwork system	亚拉戈发条系统
clockwork twintania	发条双塔尼亚
clockwork warrior	亚拉戈发条战士
clockwork wright	亚拉戈发条工匠
clockwork yojimbo	机关保镖
cloister demon	回廊恶魔
cloister torch	回廊火炬
clone of darkness	幻影之云
cloned conjurer	克隆幻术师
cloned shield dragon	盾龙复制体
cloned thaumaturge	克隆咒术师
cloning node	复制系统
close call to detonate	爆炸声明：近
close caloric	热质
close in the distance	近在天边
close quarters	近地爆发
close to the heavens	天上世界
close-quarter crescendo	傀儡旋律
closed area a	封锁区域A
closed fist	星导寺大殿
closed position	闭式舞姿
clotted crime	绅士与硬汉
cloud aevis	白云龙鸟
cloud call	雷云招来
cloud chaser	追云跳蜥
cloud crawler	云上毛爬虫
cloud deck	钻石神兵捕获作战
cloud gardener	云上园丁
cloud kinship	有翼本能
cloud lion	云冠雄狮
cloud mallow	孢云棉花糖
cloud nine	九霄云舍
cloud of darkness	暗黑之云
cloud of locusts	飞蝗入侵
cloud of miasma	瘴气团
cloud skim	有翼飞掠
cloud sprite	水元精
cloud that laughs	狂笑云社
cloud to cloud	云内放电
cloud to ground	袭雷
cloud wyvern	云上双足飞龙
cloudcover	浓云密布
clouded dream	恶梦之雾
clouded portal	遗弃的传送门
clouded stream	浊流
cloudlarker	翻云狮鹫
cloudlet of darkness	暗黑之破片云
cloudscourge	阴罚
cloudsplitter	劈云斩
cloudtop	云顶
cloudtop tsanahale	云顶奇纳哈尔鸟妖
cloudtrap	云上陷阱草
cloudworm	云层巨虫
cloudy caress	晚风凉
cloudy heavens	阴云天堂
clout of the tengu	天狗风
cloven crystal square	水晶广场
clown wraith	小丑幽灵
cloying condensation	暗黑魔风
cloying stench	腻臭
cluster mantis	小红螳螂
clustering fly agaric	群居毒蝇伞
clutch head	抱头
clutch pelican	执掌鹈鹕
clydopithecus	净猿
clyteum	克吕提俄斯魔导工厂
coastal mandragora	海岸蔓德拉
coat of arms	偏向防御
coattails	踏裾桥
cobalt bomb	钴弹
cobalt ember	蓝焰
cobalt golem	钴铁巨像
cobalt morpho	钴闪蝶
coblyn larva	矿爬虫虫
cobra piece	奇子·眼镜蛇
cochineal cactuar	洋红仙人掌
cockatrice	魔蛇鸟
cockcrow	鸡之诗
cockerel piece	奇子·公雏鸟
cocksure corsair	粗鲁的海盗
cocobani	可可巴尼
cocobani the cold	冷酷的可可巴尼
cocobezi the contemplative	默想的可可贝吉
cocoboha the curt	刻薄的可可博哈
cocobuki	可可布奇
cocobuki the curse-eyed	咒眼的可可布奇
cocobusi the cross	发怒的可可布希
cocobygo	可可比格
cocobygo the craven	懦弱的可可比格
cocoon of the penitent	告解之茧
cocopult	巨拳果实
coddled spriggan	精心照料的魔蛋精
code chi-xi-stigma	代号666
code execution	处决代码
codetta quarter	扩建区
codex of darkness	隆卡黑暗之章
codex of gravity	隆卡重力之章
codex of thunder iii	隆卡暴雷之章
codger's crook	怪人小屋
codpiece clipper	褶皱锋螯陆蟹
coelophysis	腔骨龙
coelurosaur	虚骨龙
coerthan merchant	库尔札斯的商人
coerthan porter	库尔札斯的搬运工
coerthan torment	山境酷刑
coerthas	库尔札斯
coerthas central highlands	库尔札斯中央高地
coerthas river	库尔札斯河
coerthas western highlands	库尔札斯西部高地
coeurl form	猛豹身形
coeurl kitten	长须小豹
coeurl prana	凶豹命气
coeurl pup	长须豹幼崽
coeurl smriti	凶豹所忆
coeurl sruti	凶豹所闻
coeurl whisper	双豹招来
coeurlclaw catspaw	豹爪猫弓手
coeurlclaw concubine	豹爪王的情妇
coeurlclaw cutter	豹爪剑手
coeurlclaw falconer	豹爪鹰枪手
coeurlclaw hag	豹爪巫术手
coeurlclaw healer	豹爪治疗手
coeurlclaw hunter	豹爪猎手
coeurlclaw king	豹爪偷猎王
coeurlclaw poacher	豹爪偷猎手
coeurlclaw tailchaser	豹爪追击手
coeurlclaw trapper	豹爪陷阱手
coeurlregina	长须豹女王
coffee bean box	装着咖啡豆的木箱
coffee break	咖啡时间
coffee farmer	咖啡农园的工作人员
coffin nails	死爪
coffin scratch	棺椁抓击
coffinfiller	冲出
coffinkeep	棺材守卫
coffinmaker	致命刑锯
cog oil	机油蛞蝓
cogito ergo sum	我思故我在
cogwheel	炎剑热风斩
coherence	连贯攻击
coif change	魔发变化
coil operations deck	拘束舰控制区间
coiled levin	颠倒雷
coiled strike	使劲横砍
coiling ivy	缠绕藤蔓
coin toss	掷硬币
coincounter	数币巨人
coincounter's chest	征税人的金库
cold arms quietus	圣火兵器放置处
cold caress	寒毒接触
cold feat	冻结
cold feet	癫狂视线
cold fog	彻骨雾寒
cold gaze	冷酷凝视
cold grip	暗之死腕
cold kick	冻踢
cold mist	冰寒雾气
cold salvation	极寒战线
cold shock	冷震荡
cold spell	魔力解放·冰
cold spot	冷气
cold stare	白眼
cold sweats	热能支配：冷
cold throne	岩窟王宝座
cold thunder	冰雷袭
cold wave	寒潮
coldblood	冷血乱舞
coldhearth	寒炉村
coldhearth resident	寒炉村居民
coldwater tursus	冻水图苏斯水龙蜥
coldwind	寒风岛
coldwind bateleur	寒风短尾雕
colibri	蜂鸟
colibri callado	安静蜂鸟
coliseum	斗技场
coliseum lemur	斗技场狐猴
coliseum python	斗技场巨蚺
collapse	崩溃击
collapsed passage	崩坏的通道
collapsed rock	崩塌岩块
collapsed tunnel	坏掉的坑道
collateral bioball	飞来毒弹
collateral cold jet	飞来寒波
collateral damage	飞来横祸
collateral fireball	飞来火弹
collateral gas jet	飞来毒波
collateral heat jet	飞来热波
collateral iceball	飞来冰弹
collect	收藏品采集
collectable synthesis	收藏品制作
collectables	收藏品
collective agony	念力波动
collective reprobation	群体断罪
collective unconscious	命运之轮
collector's focus	价值瞩目
collector's glove	收藏品采集
collector's high standard	强化洞察
collector's standard	洞察
collector's stellar standard	极致强化洞察
collectors quarter	萨雷安屯集区
collider cannons	旋回粒子炮
collider conductor	过量蓄雷
collider current	大放电
collision	冲击
color clash	色彩冲击
color of depression	沉痛之色
color riot	色彩狂热
coloratura	花腔
colossal blow	巨能爆散
colossal charge	巨大冲锋
colossal impact	强攻击
colossal launch	巨大锤击
colossal slam	巨大抨击
colossal strike	巨大强击
colossal swing	巨大挥打
colossal wreck	亡国灵塔
colosseum	剑斗技场
colossus praetorianus	禁卫巨兵
combat wivre	战斗犀蜴
combust	烧灼
combust iii	焚灼
combusting blade	诱爆魔刃
combusting blades	诱爆魔刃
combustion	爆燃
come hither	化身强制召唤
comesmite	伴星蛛蝎
comet chaser	逐星跳蜥
comet circle	星屑圣纹
comet impact	星屑冲击
comet in black	彗星之黑
comet's tail	流星尾
cometeor	微型陨石
cometeor of dangers near	压溃式恶魔微型陨石
cometeor of expulsion afar	排斥式恶魔微型陨石
cometeor strike	微型陨石重击
cometite	彗星风暴
comeuppance	报应
comeuppance ready	报应预备
comfort	安慰
comfort zone	安逸
coming clean	废都拿巴示艾兰
coming home	豁达的家
coming storm	风暴将至
coming to know you	想要了解你
command chamber	军团长室
command current	流水
command room	提督室
command tower	支配之塔
command urn	指令罐
commandeered magitek armor	捕获的魔导装甲
commanding voice	英气的女性声音
commandingway	指令威
commence air strike	请求投放
commendation	评价
commerce sector	商业区域
commercium	商业区
common cactuar	普通仙人掌
common compost	肥料球
common mud	活泥怪
communio	团契
communion	圣餐
compaction	超再生
company aegis	海雄之盾
company brand	海雄之剑
company chest	部队储物柜
company chocobo	专属陆行鸟
complacent consort	谄笑的风水师
complete control	完全控制
compound	融合的人偶群
compound pod	辅助机：融合体
compress	执行压缩
compressed lightning	雷属性压缩
compressed water	水属性压缩
compression	压缩
compression beam	压缩波动
compression chamber	压缩室
computation boost	回答正确
computation error	回答错误
computation mode	算术芯片
comrades	伙伴们的声音
concealed	潜伏
concealed collection	避世收藏库
concealed staircase	隐藏的台阶
concentrate	集中
concentrated burst	集散式冲击炮
concentrated dose	高压缩药弹
concentrated poison	剧毒
concentration	集中
concentration concentrate	注意力猛药
concentrativity	压缩剑气
concept of earth	土之概念
concept of fire	火之概念
concept of water	水之概念
concept review	创造生物评价室
conception	概念生成
conceptual diflare	二分核爆之念
conceptual mastery	魔法之念
conceptual octaflare	八分核爆之念
conceptual shift	概念变异
conceptual tetraflare	四分核爆之念
concerted dissolution	分解连技
concitation	意气轩昂之策
concubinus	侧室情人
concurrent field	灵变闪电
concussion	打伤
concussive oscillation	振荡气流
condemnation	囚禁区
condemned	谴责之魂
condensed anti-air particle beam	高射式高输出波动炮
condensed libra	小侦测
condensed wave cannon kyrios	大功率波动炮P
condensed wide-angle particle beam	广角式高输出波动炮
condescension	居高临下
conditional virtue	有限的美德
conduct	挥舞指挥棒
conduction point	指向雷
conductive focus	雷力投射点
conductivity	导电
confederate lancer	海贼众枪兵
confederate sentry	海贼众的侦察兵
confession	强制告解
confession chamber	裸者大厅
confession of faith	信仰宣言
confessional	忏悔室
confines of memory	记忆的牢狱
confirm	确认
confiteor	悔罪
confiteor ready	悔罪预备
conflag strike	瞬燃强袭
conflagrate	豪炎
conflagration	劫火流
confluence	传送魔法研究所
conformity	追随
confound	混乱术
confused	混乱
congealed blood	凝血怪
congealed kindling	凝胶化火焰
congealed lightning	凝胶化雷电
congratulate	称赞
conjured calofisteri	卡洛菲斯提莉二重身
conjured stone	魔力飞石
conjurer	幻术师
conjurers guild	幻术师行会
connecting corridor	联络走廊
connectivity	连接
conniving ne'er-do-well	相貌凶恶的男子
conodont	雷牙
conrad farsight	远见卓识 康拉德
consecration	圣域束缚式
consider	疑问
consolation	慰藉
constaint solidblade	铁剑客 康斯坦
constaint splinterblade	木剑客 康斯坦
constricting evisceration	环圆连斩
constrictor	巨蟒绞缠
construct 7.1	劳动七号改
construct vi-s	建筑06S号
construct vii	建筑7号
constructive figure	召唤人偶
consumption	细胞侵蚀
contact prohibition ordained	接触禁止命令
contact regulation ordained	接触保护命令
contagion	歪风
containment area iii	隔离领域III
containment bay p1t6	抑制绝境P1T6
containment bay s1t7	抑制绝境S1T7
containment bay z1t9	抑制绝境Z1T9
containment complex 10-29	仓库栋10-29
contamination	污染
contempt	异端者秘洞
contention	斗争
contest of wills	来比比力气
continental eye	大陆小眼
continual meddling	不间断干涉
continuation	续剑
continuum conservator	无限管理员
contractual obligation	契约中
contradance	行列舞
contrapasso	因罪施罚
contre sixte	六分反击
control gates	操控之门
control tower	统治之塔
controlled explosion	爆炸
conundrum	思维迷路
convalescence	渐愈
convenient self-destruction	自爆攻击
converse	说话
conversion chamber	动力转魔场
conveyance sector	电梯区域
conveyance unit	船内魔路
conviction	风雪断崖
conviction marcato	加强信音
convictor knight	圣菲内雅连队的骑兵
convictory	圣菲内雅连队露营地
convocation house	奇想谈话室
convulsive crush	殴打
cookpot	岩锅
cool bomb	冷色炸弹
cool flame	冷炎
cool tint	冷色调
cooling station	综合冷却局
coordinate bit	灵变块
coordinate march	启动指令
coordinate turret	灵变炮塔
copied factory	复制工厂废墟
copied knave	复制的杰克
copper coblyn	铜矿爬虫
copperbell coblyn	铜铃矿爬虫
copperbell mines	铜铃铜山
copperbell nix	铜铃夜蟾蜍
copperstone	赤铜门庭
copy cat	模仿猫
copy program	复制程序
copycat	模仿之猫
copycat bulb	凯西幼苗
copycat cassie	复制魔花凯西
coquecigrue	三合鸟儿
coral banquet	珊瑚台
coral doblyn	珊瑚矿妖虫
coral sahagin	红珊瑚鱼人
coral sands	珊瑚海岸
coral tower	珊瑚塔
coral trident	珊瑚鱼枪
coralline uragnite	珊瑚乌菊石
coralshell	珊瑚壳
cordage	逮捕
core combustion	核心燃烧
core command	第二司令室
core override	核心控制区间
core production	核心生产线
core shroud	核心林区
core-lateral phaser	正侧跳跃波动炮
coriolis kick	暴风踢
cork bulb	软木球茎
cornice	时空潜行装置中枢
cornice of favor	御前斗技台
cornservant	玉米大人
coronach	葬歌
coronal wind	冠状气流
coronation	终端发射
corporal punishment	惩戒
corporeal return	生还
corps-a-corps	短兵相接
corpse brigade barber	骸旅团治疗兵
corpse brigade bowdancer	骸旅团弓术兵
corpse brigade firedancer	骸旅团魔术兵
corpse brigade footsoldier	骸旅团兵卒
corpse brigade knuckledancer	骸旅团斗舞兵
corpse brigade pikedancer	骸旅团刺舞兵
corpse brigade pugilist	骸旅团格斗家
corpse brigade vanguard	骸旅团魔导装甲
corpse flower	尸生花
corpse flower piece	奇子·尸生花
corpse hall	斩
corpse mangler	碎尸
corpsecleaner eagle	清道雄鹰
corpsefly	尸蝇
corridor	通道
corroded bubble	融化气泡
corrosion	溶解
corrosive bile	腐蚀咬
corrosive fountain	喷出酸液
corrosive gale	腐蚀突风
corrosive spit	溶解液
corrosive venom	泼洒酸液
corrupted aether	毁坏的以太
corrupted aether cloud	偏属性以太云
corrupted centurion	帝国兵驾驶员
corrupted creation	不净的创造生物
corrupted crystal	偏属性水晶
corrupted crystals	偏属性水晶
corrupted flan	腐化软糊怪
corrupted gel	腐坏凝胶怪
corrupted imperial	变成异形的帝国兵
corrupted memory cache	消逝记忆的狭缝
corrupted nymian	尼姆妖魂
corrupted nymian curate	尼姆妖魂牧师
corrupted petite pudding	腐化小软糊怪
corrupted pudding	腐化软糊怪
corrupted slime	腐化粘液怪
corrupted sprite	腐化元精
corrupted tail	毁灭毒针
corrupted wolf	腐化凶狼
corrupting burst	腐坏爆发
corrupting shot	腐坏射击
corrupting spit	腐坏唾液
corruption	异端者隧道
corruptor's pitch	腐败沥青池
corrupture	腐爆
corse rise	尸首监视台
coruscant saber	光明利剑
cosmic armored weapon	宇宙武装重甲
cosmic armored weapon beta	改良型宇宙武装重甲
cosmic breath	宇宙吐息
cosmic countenance	宇宙面像
cosmic flame	宇宙烈焰
cosmic fortune	宇宙好运道
cosmic kiss	流星坠落
cosmic predator	宇宙魔导猎手
cosmic research	宇宙研究
cosmic shrapnel	飞散
cosmic tail	宇宙甩尾
cosmic tools	宇宙工具
cosmic weave	天维击
cosmo arrow	宇宙天箭
cosmo comet	宇宙彗星
cosmo dive	宇宙龙炎
cosmo memory	宇宙记忆
cosmo meteor	宇宙流星
cosmoboard	宇宙滑板
cosmoor	宇宙门关
cosmopsis	创造天脉观察区
cosmos echo	宇宙宫回声
cosmos snapweed	宇宙宫捕捉草
cosmos witchweed	宇宙宫独脚金
cosmos ya-te-veo	宇宙宫食人花
cost of living	古币爆风
costa del sol	太阳海岸
cotter tor	柯特石山
cottontail cyclone	唰唰气旋
could-be-worse breath	微微臭气
coultenet the cultured	博学的库尔特内
council of morgar	莫加王驻所
counter	闪身拳
counter maneuvers	反击操作
counter parry	反击
counter stance	反击态势
counterplay	反击
countershade	反荫蔽
countershot	自动反击系统
counterstance	架招
countless needles	几万针刺
course of the manukmanai	尘旋风
course uncharted	热情的奔流
courser chocobo	追猎种陆行鸟
coursing river	蛇崩
cove buzzard	海湾秃鹫
cove of countless colors	色彩缤纷的海湾
cover fire	掩护炮火
cover to cover	前后涂抹
covered	被保护
covered halls of dwatl	朵瓦特里沉没神殿
covering fire	掩护射击
coward's cunning	胆小鬼的一击
cowardly challenger	失败的冒险者
cowering coachman	无助的车夫
crab dribble	蟹甲流
crab pots	蟹茹滨
crack in unreality	恶梦裂痕
cracked cistern	破裂的水瓶
cracked crystal	惰性水晶
cracked ice sprite	破裂的冰元精
cracked mettle	龟裂的魔法障壁
cracked qarn facer	破裂的喀恩石面
cracked ronkan doll	破裂的隆卡人偶
cracked ronkan stake	破裂的隆卡柱桩
cracked ronkan thorn	破裂的隆卡石蒺藜
cracked ronkan vessel	破裂的隆卡器皿
cracked shell beach	碎贝海岸
cracked talos	破裂的塔罗斯
crackle hiss	雷光电闪
crackling canyons	带雷危险水域
crackling cataclysm	雷之灾祸
crackling chasm	带雷危险区域
crackling current	雷击流
crackling howl	雷吼
cracklyplume	电压弹
cracks in the wall	古城墙内
cradle of darkness	暗之摇篮
cradle of hope	天边的瑶星
cradle of the sleepless	祭器之魂
crafter's grace	巧手之工
crafter's soul	工匠之魂
crafting facility	制作设备
crag claw	峭壁巨钳虾
cragbite peiste	咬石毒蜥蜴
craklaw	裂钳蟹
crane game	吊爪
cranial plate	头部甲板
craniotomy	颅骨切开
cranium	亚历山大之首
crapaud	巨岩骰
crash down	碾压
crash in the dark	阴天雷云
crash site	飞空战舰坠落点
crash-smash	咣当咣当
crashing pulse	激烈波动
crashing thunder	冲击雷
crashing wave	冲击波
crate of illicit concoctions	违法毒药货箱
crate of oranges	装香橙的木箱
crater carve	刨坑
crater golem	陨坑巨像
crater later	陨石目标
cratering chill	月冰击
craven companionship	孤独的预感
craven condor	懦弱秃鹰
craven follower	沙尔托菲特的手下
craver's den	大食王的玄室
craving harrier	渴望异端者
crawler	毛爬虫
crawling death	爬行死神
crawling piece	奇子·爬行鬼
crazed archelon	疯狂恐龟
crazed corsair	狂热的海盗
crazed dhalmel	疯狂长颈驼
crazed fan	小黄莺拥护者
crazed notochelone	疯狂帝龟
crazed rampage	狂暴乱舞
crazed sprite	疯狂风元精
creation	重现宇宙
creation magick	创造魔法
creation on command	创造命令
creature motif	动物彩绘
creature of darkness	暗诞吐息
creeping agony	积于阴影的污秽
creeping beast	锁死之兽
creeping chigoe	爬行沙蚤
creeping combination	双重藤枝伏地
creeping darkness	黑暗蠢动
creeping decay	召唤腐尸
creeping edila	爬行埃迪拉
creeping hush	悄然蠢动
creeping ivy	藤枝伏地
creeping miasma	瘴气流
creeping poison	锁死毒气
creeping shadows	暗影侵蚀
cremate	赤热击
crepuscular ray	曙暮辉
crepuscule blade	薄暮之刃
crescent accursed	新月咒灵
crescent adamantoise	新月精金龟
crescent aetherscab	新月疮痂
crescent anila	新月阿尼罗
crescent ankou	新月安库
crescent apa	新月阿帕斯
crescent arachne	新月阿剌克涅
crescent arioch	新月阿里奥克
crescent armor	新月恶魔装甲
crescent bachelor	新月光棍
crescent bandersnatch	新月斑攫兽
crescent banemite	新月祸蛛蝎
crescent barmuu	新月巴尔穆
crescent belladonna	新月剧毒美人
crescent berserker	新月狂战士
crescent bibliotaph	新月永世珍本
crescent bicephalus	新月双头
crescent big horn	新月大角牛
crescent bile	新月胆汁
crescent blackguard	新月黑卫
crescent blade	弦月剑
crescent blood demon	新月血魔
crescent bomb	新月爆弹怪
crescent bombadeel	新月庞巴德
crescent brachiosaur	新月腕龙
crescent byblos	新月比布鲁斯
crescent caoineag	新月哭泣鬼
crescent carrier	新月携病者
crescent catoblepas	新月卡托布莱帕斯
crescent cetus	新月刻托斯
crescent chaochu	新月庞口花
crescent chimera	新月奇美拉
crescent cingulata	新月有甲兽
crescent claw	新月巨钳虾
crescent cliffkite	新月壁崖飞鸢
crescent coeurl	新月长须豹
crescent collagen	新月胶原怪
crescent cove	月牙湾
crescent cove docks	月牙湾码头
crescent craklaw	新月裂钳蟹
crescent demon pawn	新月恶魔兵卒
crescent dhara	新月陀罗
crescent dhruva	新月陀鲁婆
crescent diplocaulus	新月笠头螈
crescent dirty eye	新月肮脏之眼
crescent dullahan	新月无头骑士
crescent echos	新月回声
crescent elftoad	新月精灵蛙
crescent fan	新月风扇
crescent flame	新月白焰
crescent flying lizard	新月飞蜥蜴
crescent foobar	新月伏霸
crescent fool	新月小丑
crescent foper	新月弗帕
crescent gaelicat	新月风筝猫
crescent gargoyle	新月石像鬼
crescent garula	新月加鲁拉
crescent gazellehawk	新月羚鹰蜂
crescent geshunpest	新月死魂
crescent ghost	新月幽灵
crescent glutton	新月贪吃鬼
crescent golem	新月巨像
crescent goobbue	新月古菩猩猩
crescent gourmand	新月贪吃鬼
crescent gremlin	新月格雷姆林
crescent gusion	新月古辛
crescent haagenti	新月哈加提
crescent harpeia	新月哈佩亚鸟妖
crescent harpuia	新月哈耳庇厄鸟妖
crescent haunt	新月鬼灵
crescent headstone	新月石面
crescent hellhound	新月地狱犬
crescent huwasi	新月胡瓦西
crescent inkstain	新月墨渍
crescent jester	新月黑暗小丑
crescent kaluk	新月卡栌克
crescent kargas	新月卡尔加斯
crescent karlabos	新月龙虾
crescent leshy	新月莱西
crescent lion statant	新月立狮
crescent lorelei	新月罗蕾莱
crescent marolith	新月马洛里石
crescent medusa	新月美杜莎
crescent melia	新月枯树精
crescent meraevis	新月海魔鸟
crescent mimic	新月拟态怪
crescent monk	新月鬼鱼
crescent moon	弦月
crescent moss fungus	新月苔菇
crescent mousse	新月慕斯怪
crescent nanka	新月南加
crescent necrodium	新月怨念尸骸
crescent oiseau rare	新月珍岛恶魔
crescent onion	新月洋葱
crescent opken	新月欧浦肯
crescent panther	新月猎豹
crescent parthenope	新月帕尔忒诺珀
crescent petalodite	新月小瓣齿鲨
crescent ratel	新月蜜獾
crescent regolith	新月表土
crescent rock	新月有生命巨石
crescent rosebear	新月玫瑰熊
crescent rot-eyes	新月多目妖
crescent rothound	新月腐烂猎犬
crescent salt swallow	新月盐蓝燕
crescent sand serpent	新月沙地巨蟒
crescent sapria	新月寄生花
crescent satana	新月小恶灵
crescent skatene	新月斯卡尼特
crescent snapweed	新月捕捉草
crescent soblyn	新月盐爬虫
crescent stoneshell	新月石壳蟹
crescent succubus	新月梦魔
crescent taurus	新月牛头魔
crescent tomato	新月番茄
crescent tormentor	新月折磨蜥
crescent triceratops	新月三角龙
crescent troubadour	新月行吟诗人
crescent uragnite	新月乌菊石
crescent urolith	新月乌洛里石
crescent vinegaroon	新月醋蝎龙
crescent void viper	新月虚无蝰蛇
crescent wamoura	新月瓦魔蛾
crescent weapon	新月兵装
crescent woolback	新月鬃背兽
crescent worm	新月巨虫
crescent wraith	新月幽灵
crescent zaghnal	新月扎戈斧龙
crescent zangbeto	新月赞比托
crescent zaratan	新月扎拉坦
crescent zirnitra	新月札尼尔查妖蛇
cresceregina	新月女王
crest of time borrowed	守护纹
crest of time returned	活性纹
crestfallen merchant	无计可施的商人
crewel slice	人偶剑技
crier briareos	悲叹的布里阿柔斯
crime and punishment	罪与罚
crimson blade	深红之刃
crimson breath	深红吐息
crimson cyclone	深红旋风
crimson ember	红焰
crimson gremlin	绯红格雷姆林
crimson heart	红之心
crimson lotus	红舞华莲
crimson mandate	赤之法力
crimson morpho	绯闪蝶
crimson nail	红莲之楔
crimson riddle	深红谜煞
crimson rise	红色山棱
crimson rush	绯红快攻
crimson savior	深红救世
crimson scourge	深红灾变
crimson shard	红色魔石碎片
crimson standard	红军战旗
crimson streak	深红疾袭
crimson strike	深红强袭
crimson strike ready	深红强袭预备
crimson sunrise	红色黎明
crimson sunset	红色夜阑
crimson ward	绯红管制区
crimson wings	红翼之焰
crippling blow	痛击
critical axeblow	致命斧
critical bite	致命咬
critical bug	致命错误
critical dual storage violation	引爆记忆污染P
critical error	严重错误
critical factor	致命因子
critical gravity	临界重力
critical hit	暴击
critical lanceblow	致命枪
critical overflow bug	严重错误：上溢
critical performance bug	严重错误：性能
critical reaver	暴击分断
critical rip	暴击撕裂
critical skill	战技暴击化
critical storage violation	引爆记忆污染S
critical strikes	暴击威震
critical surge	临界突破
critical sweep	痛恨一击
critical swing	痛恨一击
critical synchronization bug	严重错误：同步
critical underflow bug	严重错误：下溢
critical wrath	必中决心
critter resistance	抵抗动物
critter vulnerability	害怕动物
crius longbeard	长房克利俄斯
croakadile	咕尔呱洛斯
croakdown	呱呱呱♪
croaking chorus	齐声合唱
crock amphisbaena	珍珠双向海龙
crock of pearls	珍珠沙壶
crocoroid	基迦巨鳄
croftlight	墓火
crom dubh	幽黑曲偶
cromlech	曲石祭坛
cronos sling	时神宿星落
crooked gladiator	无赖剑斗士
crooked pugilist	无赖拳斗士
crop rotation	灵魂轮转
croque-mitaine	护土精灵
cross attack	交叉攻击
cross barby	箭头十字
cross charge	十字放雷
cross current	交汇的洋流
cross lance	十字枪
cross lasers	十字射线
cross lightning	十字雷
cross of blades	兵刃之间
cross of chaos	混沌十字
cross reaper	交错收割
cross reaping	交错收割
cross reaver	绝双十闷刃
cross tail switch	交叉乱尾击
crossblaze	冰焰交错
crossblaze and repeat	双重冰焰交错
crossbones	剔骨十字
crossbreeze	十字风
crossbridge	联络桥
crossfire	交叉火力
crossfire blade	交叉火焰剑
crosshatch	交叉冲击
crossing bateleur	大桥短尾雕
crossing crosswinds	交叉突风
crossing hippocerf	大桥骏雕
crossroads	十字大堂
crosswind	侧风
crow's lift	乌鸦之梯
crowd kill	全场杀伤
crown jewel	云上王冠
crown lift	树冠梯
crown of arcadia	天顶的主宰
crown of karnak	卡纳克城塞
crown of the gorgon	戈尔贡石光
crown of the immaculate	完璧王座
crown pelican	云冠鹈鹕
crown play	出王冠卡
crown torama	云冠长须豹
crown tuco tuco	云冠巨嘴鸟
crowned collider	王室对撞机
crowned marchosias	首领马可西亚斯
crucible antidote	魔兽解毒药
crucible eye drops	魔兽眼药
crucible feather	魔兽羽毛
crucible item penalty	禁止使用道具：斗兽奇弈
crucible needle	魔兽金针
crucible of the unbroken	斗兽奇弈
crucible stimulant	魔兽缩时药
crucible tannin	魔兽硬肤药
cruel coil	残暴拘束
cruel path of darkness	暗之波涛
cruel path of light	光之波涛
cruelty	残忍
cruise chaser	巡航驱逐者
cruise missile	巡航导弹
crumbling bridge	崩塌的桥
crumbling bulwark	魔法障壁：崩坏
crumbling crust	地面崩裂
crumbling down	岩层崩落
crumbling hold	城塞内部
crumbling sky	召唤流星
crusade	群体突进
crush accessory	咬击冰狼破
crush armor	强甲破点突
crush helm	星天爆击打
crush weapon	冥界恐叫打
crusher of lions	狮王破点击
crushing blade	粉碎剑
crushing blow	圣光散裂
crushing bolt	雷锤
crushing brand	灵土之剑
crushing charge	踩杀
crushing comet	重彗星
crushing fangs	粉碎锐牙
crushing gaze	凝望
crushing hoof	重压杀
crushing tide skirmisher	海啸派的鱼人族
crushing wheel	碾轮夹击
crustal dynamics	地壳动态
cry of havoc	下级灾乱魔
cry of rage	疯狂咆哮
cry of victory	战吼
crying dark	悲叹竖井
cryoconite	冰小藻
cryodragon	凌寒巨龙
cryomania	冰之蛊魅
cryonics	人体冷冻
crypsis	保护色
cryptcall	死灭诅咒
cryptic communications	视觉妨碍
cryptic flames	火焰咒印
cryptic poem	新生韵文
cryptic portal	传送咒印
crystal	晶石
crystal bearer	水晶守护者
crystal brave archer	水晶义勇队弓箭手
crystal brave conjurer	水晶义勇队幻术师
crystal brave gladiator	水晶义勇队剑术师
crystal brave lancer	水晶义勇队枪术师
crystal burden	结晶禁锢
crystal call	生成晶石
crystal chandelier	水晶灯
crystal claw	水晶爪
crystal courier	搬运水晶
crystal dragon	水晶龙
crystal dragon's bloom	水晶龙的领地
crystal exarch	水晶公
crystal gate	水晶门
crystal ice	冰花
crystal incarnation	水晶化身
crystal mirror	转移晶石
crystal nail	打桩
crystal needle	水晶针
crystal of darkness	暗水晶
crystal of light	光之水晶
crystal quarry	水晶矿场
crystal rain	水晶雨
crystal tower	水晶塔
crystal tower training grounds	水晶塔演习场
crystal veil	水晶纱帐
crystal wolf	晶狼
crystalline blizzard iii	水晶冰封
crystalline crush	结晶碎击
crystalline debris	结晶石
crystalline fracture	水晶剥落
crystalline gaol	水晶监狱
crystalline mean	中庸工艺馆交易
crystalline resonance	水晶连锁
crystalline shot	天上击
crystalline shower	水晶弹雨
crystalline stingers	水晶刺
crystalline stone iii	水晶垒石
crystalline storm	结晶雨
crystalline thorns	金刚棘
crystalline water iii	水晶狂水
crystallize	结晶
crystallize time	时间结晶
crystallized	结晶化
crystallized caverns	水晶洞窟
crystallized chaos	水晶乱流
crystallized energy	水晶波动
crystallized rock	结晶石
crystallum	魔晶堂
crystarium	水晶都
crystarium aetheryte plaza	以太之光广场
crystarium botanist	雷克兰德的樵夫
crystarium guard	水晶都的卫兵
crystarium personal suites	水晶都起居室
cuachac	丘哈克
cubic ray	立方体射线
cubus huaca	华迦斯卡部斯
cuca fera	库卡龙龟
cuchulainn	丘库雷因
cuelebre	库耶列布希
cuff of the father	戈耳狄俄斯之袖
cuff of the son	弥达斯之袖
cuijatender	库伽巨人掌
culinarian	烹调师
culinarians guild	烹调师行会
culinary affection	爱心烹饪
culling blade	冲击斩
cultivated morbol seedling	增殖魔界花骨朵
cultivated moss fungus	增殖苔菇
cultivated ochu	增殖大口花
cultured bowyer	人工培养拉米亚弓师
cultured chimera	人工培养奇美拉
cultured cobra	人工培养眼镜蛇
cultured conjurer	神秘的幻术师
cultured dancer	人工培养拉米亚舞师
cultured empuse	人工培养疫虫
cultured mirrorknight	人工培养镜骑士
cultured naga	人工培养那迦
cultured reptoid	人工培养爬虫半人马
cultured shabti	人工培养沙布提
cumulonimbus	积雨云
cunning bhujamga	狡猾曲蛇
cunning consort	精明的风水师
cunning keywork	更换锁芯
curator	博物总管
cure iii	愈疗
cure iii ready	愈疗预备
curing choreia	治疗之舞蹈
curing waltz	治疗之华尔兹
curiosity	好奇
curious gorge	极北战士 居里斯·高吉
curious kojin	神秘的甲人族
curling iron	咒发武装
currency	货币
current leakage	漏电
curse of companionship	聚火药之咒
curse of darkness	波动诅咒
curse of everlasting light	无尽光之束缚
curse of immolation	烧尽之咒
curse of solitude	散火药之咒
curse of the bombpyre	爆炸蝙蝠
curse of the corporeal	动体咒印
curse of the fallen	咒怨咆哮
curse of the fiend	魔法印
curse of the flesh	疫病诅咒
curse of the monument	咒怨连击
curse of the mummy	太阳神的诅咒
curse of the ronka	隆卡诅咒
curse of the tides	潮之祝词
cursebind	诅咒之缚
cursed casting	诅咒发动
cursed change	诅咒的零钱
cursed echo	诅咒回声
cursed eye	诅咒之眼
cursed flameshot	炎弹咒法
cursed gaze	诅咒视线
cursed iceblade	冰刃咒法
cursed levinbolt	雷箭咒法
cursed noise	诅咒噪声
cursed screech	咒声
cursed shriek	诅咒之嚎
cursed sight	诅咒目光
cursed sphere	诅咒球
cursed tide	凶水之咒
cursed voice	诅咒之声
cursed weapon	诅咒兵装
cursekeeper	咒怨的替身
cursing atomos	怨声的阿托莫斯
curtain call	谢幕的疯狂
curupira	库鲁皮拉
curved-beak cockatrice	弯喙魔蛇鸟
custom deliveries	老主顾交易
customs hold	交易仓库
customs office a-1	一号交易办公室
customs office a-2	二号交易办公室
cut and run	利爪突进
cutback blaze	火浪回切
cute chocobo	可爱的陆行鸟？
cute courtesan	盛夏的舞女
cute justice	极合金正义号
cutter's cry	樵鸣洞
cutting counter	风属性反击
cutting jewel	光玉
cutting leaves	落叶击
cutting wind	风刃
cyan tentacle	青蓝触手
cyan's theme	凯严主题曲 ～红莲～
cyancap cavern	蓝檐洞中转点
cycle of chaos	混沌连续剑
cycle of faith	魔装连续剑
cycle of retribution	复仇连续剑
cyclomedusa	环轮水母
cyclone	气旋
cyclone crossing	交叉气旋
cyclone wing	旋风之翼
cyclonic break	暴风破
cyclonic chaos	龙卷雷暴
cyclonic ring	旋风环
cyclonic separation	旋风分离
cyclonic slaughter	圆火杀戮
cyclops piece	奇子·独眼巨人
cycloswords	风旋剑
cycloswords unsheathed	风旋剑出鞘
cytolysis	细胞溶解
d'fhul tia	德·福尔·提亚
dabog fragment	分裂后的达波格
dacite golem	英安岩巨像
dactail	尾部打击
dactail to turnspit	甩尾转向吐息
dad joke	洪巴巴吐息
dadaluma	达达鲁玛
dadaluma simulation	达达鲁玛模拟程序
daddy longlegs	长腿老爹
daedalus	代达罗斯
daen lor	代恩·罗儿
daen ose the avaricious	视财如命 代恩·奥瑟
daen wyd	代恩·卫德
daggerflight	飞刀
daggers	小刀石柱群
daguerreo medical collection	达盖雷奥医疗史博物馆
daguza the shrewd	兽性兽心 达古扎
daguza's henchman	达古扎的下属
dai ame-no-habakiri	大妖刀天羽羽斩
daidarabotchi	大太法师
daidukul the mirthful	好汉歹都库勒
daigoro	大五郎
daimyo yumemi	大名观梦螺
dainty step	淑女步
dairyu chain	大龙山脉
dairyu moon gates	大龙月门
dais of ascension	斗舞台
dais of darkness	暗黑领域
daivadipa	明灯天王
dalamud dive	月华冲
dalamud fragment	卫月岩屑
dalamud impact	卫月冲击
dalamud priest	卫月祭司
dalamud spawn	卫月巨像
dalamud's shadow	陨石背阴地
dalamud's talons	卫月爪痕
dalmasca estersand	达尔马斯卡沙漠
dalo nokosero	夜色之道
dalriada communications system	旗舰达尔里阿达号舰内通信
dalriada defense unit	达尔里阿达号防卫装置
dalu dilumu	曙色之道
dalu qurupe	暮色之道
dalvag's final flame	菲兰德的遗火
damage barrier	伤害屏障
damage down	伤害降低
damage over time	持续伤害
damaged adjudicator	受损的审判化身
damantus	怨火
damcyan antlion	达姆希安蚁狮
damcyan soldier ant	达姆希安兵蚁
damcyan worker ant	达姆希安工蚁
damnation	戮罪
damnation dive	诅咒俯冲
damning edict	诅咒敕令
damning ray	诅咒射线
damning strikes	诅咒强袭
dampsole	湿鞋栈桥
damselfly	灯心蜻蛉
danbania	刺枪鱼
danbania netcutter	破网刺枪鱼
dance of domination	统治的战舞
dance of domination trophy	铸兵之令：统治
dance of the dawn	拂晓舞
dance of the dead	黄泉之舞
dance of the fireflies	萤火之舞
dance of the incomplete	半兽舞蹈
dance partner	舞伴
dance to dust	破石之舞
dancing bear	舞熊
dancing blade	转移斩机
dancing blaze	夜晚飘舞的火焰
dancing calcabrina	跳舞娃娃卡尔克布莉娜 ～苍穹～
dancing edge	炫舞刃
dancing fan	舞扇
dancing flame	煽火
dancing green	热舞绿光
dancing mad	魔发狂舞
dancing marionette	库库尔坎人偶
dancing plague	妖灵王舞场
dancing sword	舞动之剑
dancing weapon	舞动兵装
dancing wind	舞风
dancing wolf	铁牙 丹兴·伍尔夫
danger zone	危险领域
dangerous when dead	绝妙傀儡师——都灵
dangerous words	危言
dangerously doped	强效打药
dangertek	险技
danglylimbs	公开处刑塔
dangoulain's devotion	当古兰纪念公园
dangoulain's devotion subdivision	[扩建区]当古兰纪念公园
daniffen pass	圣人旅道
danneroad	龙人路
danse macabre	死者之舞
dantalion	但他林
daphnia	月蚤
daphnia magna	巨月蚤
dapper zombie	僵尸绅士
dappled stalls	树冠商店街
dappled stalls subdivision	[扩建区]树冠商店街
daring dalliances	惬意
daring harrier	鲁莽异端者
dark aero	黑暗疾风
dark aero iii	黑暗暴风
dark aether	暗以太
dark aether isten	暗以太·壹
dark aether salas	暗以太·叁
dark aether sina	暗以太·贰
dark and light	光与暗的调停
dark arrivisme	黑暗野心
dark arts	暗技
dark ashes	冥灰
dark aurora	黑暗极光
dark beckons	黑暗侵蚀：重击
dark binds	黑暗侵蚀：锁链
dark blade	月刀右斩
dark blizzard	暗冰结
dark blizzard iii	黑暗冰封
dark breath	黑暗吐息
dark brown bear	暗黑棕熊
dark cannon	暗黑炮
dark cannonade	暗炮击
dark chain	暗链
dark chains	暗之锁
dark chill	冷暗
dark clay beast	高山泥岩巨兽
dark cloud	暗云
dark crusader	黑暗十字军
dark crystal	黑水晶
dark current	黑暗奔流
dark dance	暗中起舞
dark dealing	黑色一击
dark defenses	暗之防势
dark deluge	黑浪
dark design	黑暗设计
dark devours	黑暗侵蚀
dark divides	黑暗侵蚀：飞散
dark dome	暗天顶
dark dominion	深暗领域
dark doubles	黑暗侵蚀：双重
dark dragon	暗龙
dark elf	暗黑精灵
dark elusive jump	黑暗回避跳跃
dark eruption	暗炎喷发
dark ewer	暗云水瓶
dark explosion	暗爆炸
dark fire	黑暗火炎
dark fire iii	黑暗爆炎
dark flame	黑暗烈火
dark flare	黑暗核爆
dark force	暗黑之力
dark forte	强音黑暗
dark freeze	黑暗玄冰
dark gaelicat	暗黑风筝猫
dark gargoyle	暗黑石像鬼
dark geas	暗黑魔法阵
dark general	暗黑将军
dark grenade	暗黑榴弹怪
dark harvest	黑暗收割
dark helmet	暗盔魔蟹
dark helot	黑暗农奴
dark high jump	黑暗高跳
dark impact	暗黑魔弹
dark inside	月球深处
dark invitation	炼狱入口
dark knight	暗黑骑士
dark lanner	暗黑猎鹰
dark levin	紫电
dark levin crystal	紫电水晶
dark matter	暗物质
dark matter aurelia	暗物质水母
dark matter blast	暗物质冲击
dark matter bulb	暗物质球茎
dark matter cluster	暗物质结晶
dark matter coeurl	暗物质长须豹
dark matter golem	暗物质巨像
dark matter hornet	暗物质黄蜂
dark matter mantis	暗物质螳螂
dark matter pelican	暗物质鹈鹕
dark matter pteroc	暗物质翼蜥
dark matter pugil	暗物质陆鱼
dark matter roselet	暗物质妖红花
dark matter slime	暗物质粘液怪
dark matter slug	暗物质蛞蝓
dark megaflare	暗黑百万核爆
dark meltdown	黑暗熔毁
dark mind	弃明投暗
dark missionary	暗黑布道
dark mist	暗黑雾
dark morning rise	遮晨岩
dark mutant	暗黑变异体
dark nebula	新星爆发
dark nova	黑暗新星
dark of lasting cumber	重担之暗
dark orb	暗天球
dark parthenope	暗黑帕尔忒诺珀
dark passenger	暗行破
dark perimeter	黑暗回环
dark plasma	暗黑离子电
dark propolis	黑蜂胶
dark pulse	黑暗波动
dark rain	暗云雨水
dark reflection	芝诺斯的幻影
dark resistance down	暗属性耐性降低
dark rider	暗黑骑手
dark rite	暗之仪式
dark sabbath	安息日
dark seal	黑暗咒印
dark shock	黑暗冲击
dark shot	装填近距离弹
dark souls	黑暗之魂
dark sphere	黑暗球
dark spike	暗之刺爪
dark spineshatter dive	黑暗破碎冲
dark sprite	暗元精
dark star	暗星
dark storm	大暗云
dark summoner	黑色召唤师
dark territory	黑暗领域
dark thorn	暗荆棘
dark thunder	黑暗闪雷
dark troubadour	暗黑行吟诗人
dark twister	暗旋风
dark ultima	暗黑究极
dark vengeance	暗之回音
dark vision	梦祸视线
dark void monk	暗黑虚无鬼鱼
dark vomit	黑暗喷吐
dark vortex	黑暗涡动
dark vows	漆黑的誓言
dark wanderer	暗龙气息
dark water	暗水之滨
dark water iii	黑暗狂水
dark wave	黑暗波动
dark well	黑暗爆碎
dark whispers	暗火之咒
dark wings	飞翼领地
dark wyrmtail	暗黑之尾
dark wyrmwing	暗黑之翼
dark's accord	暗之判纹：调和
dark's course	黑暗奔流
dark's discord	暗之判纹：失调
dark's embrace	黑暗的拥抱
dark-energy particle beam	诅咒式波动炮
dark-eyed other	暗眼再者
darkblaze twister	边境暗炎旋风
darkblight	黑暗毒雾
darkburst	暗爆破
darkdragon dive	黑暗龙炎冲
darkened blaze	暗之炽焰
darkened fire	暗之炎
darkened vestibule	溪谷深处
darkening deluge	暗云沉淀
darkening rainfall	暗云之雨
darker note	断唱：黑
darkest dance	暗夜舞蹈
darkfire dive	暗龙炎冲
darkgate	特雷诺大门
darkhold	泽梅尔要塞
darklit dragonsong	光与暗的龙诗
darkness	黑暗
darkness of eternity	永远之暗
darkness unleashed	释影
darkness's design	暗之巫女的惩戒
darkscale	暗鳞黑龙
darkside	暗黑
darksight	夜视
darksteel reins	玄钢缰绳
darkwight in disguise	可疑的黑影之民
darkwing devilet	夜翼小恶魔
dartboard	飞镖大挑战
dartboard of dancing explosives	飞镖·炸弹·转转转
darya the sea-maid	人鱼达莉娅
dashing cut	滑斩
dastardly devilet	懦弱小恶魔
dataqi sheep	答塔克部的羊
daughter of ankabut	安卡布特蛛之女
daughter of glaukopis	明眸的侍从
daughter of imdugud	伊姆都古德之女
dawn field	晓气炮
dawn judgment	太阳的威风
dawn knight	拂晓骑士
dawn mantle	职责更换
dawn of an age	新曦世纪
dawn of time	星天极光
dawn star	晨曦之星
dawn throne	晨曦王座
dawn trial	晨曦之试炼
dawn visage	晨曦之颜
dawn's edge	妖蛇之牙
dawn's promise	图拉尔的威严
dawn's resolve	金曦之决意
dawn's respite	未明之间
dawnborn dragonfly	太阳神无霸勾蜓
dawnbound	通向黎明
dawnbound seiryu	破晓之青龙
dawnherald	曙歌大鼓
dawnlit bolt	明锐初阳箭
dawnlit conviction	图拉尔的曙光
dawntrail	Dawntrail -曦光旅路-
dawon the younger	小达温
daxio of the dawn	黎明药 达奇希奥
daybreak	破晓
daybreakers axeslinger	荒野黎明的斧手
daybreakers gunslinger	荒野黎明的枪手
daybreakers swordslinger	荒野黎明的剑手
daylight pommery	拿来吧你库啵
dazzletype magitek vangob g-iii	3号哥布林装甲E型
dazzling bomb	璀璨爆弹怪
dazzling display	开屏
deactivated	机能停止
dead alive	虽死犹生
dead ends	末世终迹
dead fire	死焰
dead gaze	邪眼视线
dead in their tracks	触电咆哮
dead iron	热拳振动波
dead leaves	污秽双叶
dead living quarters	遗忘的离宫
dead man's blastpipe	超增压排雾
dead man's dirge	亡者之歌
dead man's drink	雾须王基地
dead man's express	超增压急行
dead man's moan	亡者的叹息
dead man's overdraught	超增压
dead man's windpipe	超增压抽雾
dead or alive	死或生
dead or undead	僵尸猛击
dead outside	葬送波动
dead rebirth	黑暗不死鸟
dead space	咒印之痛
dead star	坍缩星
dead stars	星头三兄弟
dead wake	前进
dead water	死水
dead wind	死风
dead wringer	死亡旋转
dead-eyed glare	无表情射线
deadly bite	致死咬
deadly blow	一击
deadly charge	致命冲锋
deadly current	激流冲
deadly curse	咒杀
deadly dandan	丹丹
deadly dealing	致命碎击
deadly demesne	魔刃结界
deadly discharge	死亡冲锋
deadly dodo	致命渡渡鸟
deadly doornail	致命电杖
deadly draco	致命蜥龙
deadly drive	致命冲动
deadly dustcloak	砂砾
deadly embrace	暗之拥抱
deadly hold	致命拥抱
deadly impact	黑死流星群
deadly momentum	临终回念
deadly phantom aim	强狙击
deadly rebirth	魂生
deadly slash	致死斩
deadly swoop	死亡俯冲
deadly tentacles	致死触手
deadly thrust	致命尾刺
deadly toxin	致死毒
deadly trimmer	致命修剪螳螂
deadly twist	咒发刺
deadly vapor	毒素
deafening bellow	龙啸
death becomes you	半僵尸化
death blossom	血雨飞花
death bolt	死亡落雷
death bomb	死亡爆弹
death by claw	死亡爪
death by ilms	锁死毒发
death cap	死帽蕈
death claw	死爪螳螂
death drive	死亡驱动
death foreseen	死亡魔眼
death from above	天之灾厄
death from below	地之灾厄
death grip	死亡之爪
death jacket	死衫蜂
death link	死亡连锁
death mask	死亡面罩
death of the heavens	至天之阵：死刻
death penalty	死刑宣告
death rattle	蛇尾击
death ray	死亡射线
death rings	死亡圆环
death scythe	死镰
death sentence	死刑
death shriek	死亡尖叫
death shroud	魔力注入
death sickle	死镰螳螂
death spin	死亡回旋
death spiral	死亡螺旋
death sprite	死亡元精
death streak	死亡延绵
death strike	必杀
death surge	死亡波涛
death throes	死亡引领
death unto dawn	死斗至黎明
death warrant	斩首令
death wave	死亡波纹
death's design	死亡烙印
death's door	葬送击
death's embrace	死亡拥抱
death's embrace assassin	毒尾暗杀者
death's embrace controller	毒尾支配者
death's embrace executioner	毒尾惨杀者
death's embrace master	毒尾刺客首领
death's embrace poisoner	毒尾咒杀者
death's embrace torturer	毒尾虐杀者
death's gaze	死神之瞳
death's hand	攥魂之手
death's harvest	生命繁茂之凶
death's journey	死亡之旅
death's toll	死亡的命运
deathflare	死星核爆
deathfrog medium	通灵之术·虾蟆仙
deathgate	召唤之门
deathgaze	死亡凝视
deathgaze hollow	虚空死亡凝视
deathly cadenza	亡者之歌
deathly ray	灭亡射线
deathly verse	死者之歌
deathly vine	灵树藤
deathly whisk	致死挥拂
deathservant	祭品大人
deathstorm	死亡风暴
deathstream	死亡流动
deathstrike	死亡冲击
deathstroke assassin	夺命刺客
deathtrap	死地
debauched degenerate	等待春意的男子
debilitating spout	衰竭之水
debilitator	弱点生成
debitage	废片
debris burst	岩屑爆炸
debris deathmatch	荆棘生死战：墙面
decaying gourmand	腐坏贪吃鬼
decaying treant	衰退树精
deceit of pain	溃烂之言
deceiver	伪神面具
deceiver's mantel	奸臣的展示台
deception	策谋
decimate	地毁人亡
decimation	烧尽光线
decipher	解读
decisions	进退
decisive battle	决战
deckhands quarters	甲板员室
declaration	大亮相
decollation	断头
decompress	压缩爆炸
deconceptualize	概念消除
decotitus	迪戈泰塔斯
decotitus drudge	迪戈泰塔斯仆从
decoy crab	诱饵陆蟹
decree nisi a	判决α
decurion aggressor	侵略者十夫长
dedicated to moonlight	满月之夜
dedication	献身
deep aerial	腾水踏浪
deep beckons	海魔斗气
deep below	以太池
deep blue	深蓝
deep breath	深呼吸
deep chill	寒气
deep clean	大扫除
deep crust	地壳深处
deep cut	经典铭心
deep darkness	深暗
deep darkside	深度暗黑
deep depression	大萧条
deep dive	坠海渊
deep down	幽深
deep draught	供水
deep dungeon weapons	深层迷宫聚魔装备
deep earth aether	大地以太
deep flow	暗之奔流
deep fog	浓雾
deep fracture	魔石破裂
deep freeze	深度冻结
deep hatch	魔力大爆散
deep impact	深海冲击
deep jungle coeurl	深林长须豹
deep jungle torama	深林特拉玛长须豹
deep lake tusi mek'ta	蛇水湖湖底深部
deep palace abaia	深宫阿巴伊
deep palace adamantoise	深宫精金龟
deep palace ahriman	深宫冥鬼之眼
deep palace anzu	深宫安祖
deep palace arch demon	深宫上级恶魔
deep palace archaeosaur	深宫古恐龙
deep palace bandersnatch	深宫斑攫兽
deep palace basilisk	深宫石蜥蜴
deep palace bear	深宫白熊
deep palace bhoot	深宫浮灵
deep palace biast	深宫雷蛟
deep palace bicephalus	深宫双头腐尸
deep palace bifericeras	深宫对菊石
deep palace biloko	深宫比洛克
deep palace black coeurl	深宫长须黑豹
deep palace catoblepas	深宫卡托布莱帕斯
deep palace centaur	深宫半人马
deep palace claw	深宫巨钳虾
deep palace cobra	深宫眼镜蛇
deep palace crawler	深宫毛爬虫
deep palace croc	深宫中音巨鳄
deep palace dahak	深宫扎哈克
deep palace deepeye	深宫深瞳
deep palace demon	深宫恶魔
deep palace devilet	深宫小恶魔
deep palace dhalmel	深宫长颈驼
deep palace diplocaulus	深宫笠头螈
deep palace doblyn	深宫矿妖虫
deep palace dullahan	深宫无头骑士
deep palace dung beetle	深宫粪甲虫
deep palace effigy	深宫泥岩巨兽
deep palace fachan	深宫幽鬼之眼
deep palace follower	阿普切的随从
deep palace gaelicat	深宫风筝猫
deep palace gargoyle	深宫石像鬼
deep palace garm	深宫加姆
deep palace gigantoad	深宫巨蟾蜍
deep palace gourmand	深宫贪吃鬼
deep palace gremlin	深宫格雷姆林
deep palace grenade	深宫榴弹怪
deep palace guard	深宫护卫
deep palace hecteyes	深宫百目妖
deep palace hellhound	深宫地狱犬
deep palace hippogryph	深宫骏鹰
deep palace hornet	深宫黄蜂
deep palace iron corse	深宫铁面腐尸
deep palace ked	深宫巨虻
deep palace keeper	深宫守卫
deep palace knight	深宫骑士
deep palace ladybug	深宫花甲虫
deep palace leech	深宫水蛭
deep palace lindwurm	深宫森疾龙
deep palace lion	深宫雄狮
deep palace manticore	深宫曼提克
deep palace marolith	深宫马洛里石
deep palace minotaur	深宫弥诺陶洛斯
deep palace monk	深宫鬼鱼
deep palace morbol	深宫魔界花
deep palace mummy	深宫木乃伊
deep palace mylodon	深宫磨齿兽
deep palace nanka	深宫南加
deep palace ochu	深宫大口花
deep palace ogre	深宫食人魔
deep palace persona	深宫假面
deep palace pot	深宫魔力罐
deep palace pteranodon	深宫无齿翼龙
deep palace pteroc	深宫翼蜥
deep palace pudding	深宫软糊怪
deep palace salamander	深宫蝾螈
deep palace sarcosuchus	深宫帝王鳄
deep palace sasquatch	深宫大脚巨猿
deep palace seedling	深宫幼苗
deep palace shabti	深宫沙布提
deep palace skatene	深宫斯卡尼特
deep palace slime	深宫粘液怪
deep palace snowclops	深宫独眼雪巨人
deep palace soul	深宫游魂
deep palace soulflayer	深宫夺魂魔
deep palace spriggan	深宫魔石精
deep palace sprite	深宫元精
deep palace squirrel	深宫松鼠
deep palace stag	深宫雄羚羊
deep palace succubus	深宫梦魔
deep palace taurus	深宫牛头魔
deep palace trap	深宫寒冰陷阱草
deep palace triceratops	深宫三角龙
deep palace troubador	深宫行吟诗人
deep palace tursus	深宫图苏斯水龙蜥
deep palace urolith	深宫乌洛里石
deep palace vindthurs	深宫风巨魔
deep palace vinegaroon	深宫醋蝎龙
deep palace wamoura	深宫瓦魔蛾
deep palace wamouracampa	深宫瓦魔蛾幼虫
deep palace wisent	深宫文森野牛
deep palace wivre	深宫犀蜴
deep palace wolf	深宫白狼
deep palace worm	深宫洪水巨虫
deep palace wraith	深宫幽灵
deep palace yarzon	深宫盲头蟹
deep palace ziz	深宫席兹
deep reaches	海魔冲击
deep red x'rhun tia	深红剑士 西·如恩·提亚
deep rends	海魔斩击
deep seeks	海魔强击
deep stratum	工厂废墟深层
deep tangle	纠缠沼泽林源流
deep thunder	锤平
deep varial	浪尖转体
deep vigor	雕工之力
deep-dreaming brahmin	深眠的婆罗门
deep-mountain gallimimus	深山似鸡龙
deep-mountain wyvern	深山双足飞龙
deep-sea anemone	深海风花
deep-sea cubus	深海卡部斯
deep-sea leech	深海水蛭
deep-stained sprite	愠怒元精
deepblack rune	纯黑刻印
deepcroft miteling	墓园灵蛛蝎
deepest pit	死爆華
deepeye	深瞳
deepeye piece	奇子·深瞳
deepglider	宽翼飘龙
deepgrey hippocerf	深灰骏雕
deepmoat	深壕
deeproot	根系深埋
deepshadow nova	深影新星
deepspine	青炎棘刺
deepvoid bavarois	深空奶冻怪
deepvoid butcher	深空屠夫
deepvoid deathmouse	深空山鼠
deepvoid devilet	深空小恶魔
deepvoid eye	虚无深瞳
deepvoid flan	深空粘液怪
deepvoid gelato	深空明胶怪
deepvoid mud pie	深空疯狂馅饼怪
deepvoid pikeman	深空守卫
deepvoid planebreaker	深空破坏魔
deepvoid pudding	深空软糊怪
deepvoid scamp	深空顽鬼
deepvoid slave	深空巨魔
deepvoid sludge	深空淤泥怪
deepvoid soul	深空之魂
deepvoid torch	深空火炬
deepvoid warrior	深空战士
deepvoid watcher	深空之眼
deepvoid wizard	深空巫师
deepwood swim	鱼群镇
deer stalker	猎鹿者
def down	防御力降低
defamation	判决确定：名誉罪
defeat an occupied target	配合防护职业打倒多个敌人
defective aerostat	故障航空机
defective caretaker	次品代管机
defective drone	次品无人机
defective lamia	缺陷拉米亚
defective ronkan thorn	次品隆卡石蒺藜
defective scraper	次品刮削机
defective supporter	次品协助机
defective talos	次品塔罗斯
defective turret	故障炮塔
defender of the realm	艾欧泽亚的守护者
defense down	物理防御力降低
defense kit	防御道具包
defense node	防卫系统
defenseless	魔法障壁：无法展开
defensive array	魔导防护激光
defensive maneuvers	防守策略
defensive optimization	防御形态
defensive posture	妨碍准备
defensive protocols	防卫行动开始
defensive reaction	防卫反应
defensive stance	防御态势
defensive supplies	防御补给箱
defensive tactics	守势作战
defiance	守护
defiant burn mage	叛逆的重装魔兵
defiant mage	叛逆法师的成员
defiant strike mage	叛逆的轻装魔兵
defibrillate	电震
defilers deserts	处刑场
deflagration	爆轰
deflect	偏折屏障
defoliator	食叶虫
deformation	变换形态
defroster	除霜爬虫
defying gravity	强制浮空
dehumidifier	除湿之火
deinonychus	恐爪龙
delay-action charge	定时炸弹
delayed neurotoxicity	缓释型神经毒素
delboisse	德尔布瓦斯
deliberating doll	瞑目石兵
delicate designs	指尖馆
delight's hourglass	愉快的沙漏
delighted	太感动了
delightful revelation	喜悦的神气
delirious melanion	错乱墨拉尼昂
delirium	错乱剑
deliverance	破坏
delivery moogle	莫古邮件
delkfutt's tower	德尔库夫塔之塔
delousery	洗濯室
delphyne	达菲妮
delta attack	三角攻击
delta blizzard iii	三角冰封
delta fire iii	三角爆炎
delta gabriel	加百列δ
delta gabriel kai	改良版加百列δ
delta gabriel plus	加强版加百列δ
delta invader	德尔塔入侵者
delta mog attack	莫古三角攻击
delta quadrant	德尔塔管区
delta thunder iii	三角暴雷
delta trance	三角迷失斩
deltascape	德尔塔幻境
deltascape v1.0	德尔塔幻境1
deltascape v2.0	德尔塔幻境2
deltascape v3.0	德尔塔幻境3
deltascape v4.0	德尔塔幻境4
delubrum reginae	女王古殿
deluge of darkness	暗之大泛滥
deluge of death	死亡暴雨
delusion dust	混乱鳞粉
delusions	幻视
demi parhelion	亚幻日
demi ultima	亚究极
demi-aquarius	亚灵水瓶座
demi-aries	亚灵白羊座
demi-bahamut	亚灵神巴哈姆特
demi-belias	亚灵贝利亚斯
demi-cochma	亚灵智慧之灵
demi-famfrit	亚灵法姆弗里特
demi-gukumatz	亚灵羽蛇
demi-hashmal	亚灵哈修马利姆
demi-leo	亚灵狮子座
demi-medusa	半灵美杜莎
demi-ozma	半灵奥兹玛
demi-phoenix	亚灵神不死鸟
demi-phoinix	亚灵菲尼克司
demi-virgo	亚灵室女座
demiblizzard	亚冰结
demiblizzard iii	亚冰封
demiburst	亚磁暴
demiclone generator	亚灵复制体生成器
demiclone penalty	禁止亚灵复制体
demifire	亚火焰
demifire iii	亚爆炎
demiflare	亚核爆
demigod double	半神双击
demigravity	亚重力
demilune	半月谷
demimagicks	亚魔法
demithunder iii	亚暴雷
demiwyvern	半灵双足飞龙
demolish	破碎拳
demolish structure	地形破坏攻击
demolition deathmatch	荆棘生死战：楼体
demolition site	第八层建设区域
demon box	祝福礼盒
demon brick	恶魔砖块
demon butler	恶魔管家
demon chadarnook	恶魔查达奴克
demon eye	恶魔之瞳
demon haul	恶魔板
demon of the incunable	珍卷恶魔
demon of the tome	书中恶魔
demon pawn	恶魔兵卒
demon piece	奇子·恶魔
demon simulation	加载恶魔模拟程序
demon slaughter	恶魔杀
demon slice	恶魔切
demon tablet	恶魔板
demon tome	恶魔书墙
demon wall	恶魔墙
demon's claw	鬼神之爪
demon's elemental	恶魔元灵
demon-gall inkhorn	恶魔墨水壶
demoniacal mogcane	莫古之杖
demonic descent	恶魔下坠
demonic dive	鬼神冲
demonic eye	魔眼
demonic flame	恶魔焰
demonic howl	恶魔啸
demonic lanner	厉鬼猎鹰
demonic pain	恶魔痛
demonic rose	魔界蔷薇
demonic shear	恶魔斩
demonic spout	恶魔喷
demonic stone	恶魔飞石
demonic storm	恶魔风暴
demonic typhoon	恶魔台风
demonic wave	恶魔波
demonize	妖异招魂
demonograph of dangers near	压溃式恶魔录
demonograph of expulsion afar	排斥式恶魔录
demonography	恶魔录
demonsgate	鬼之门
demonstool	恶魔魔饵
demonswake	觉醒魔蝇
demoralize	斗魂压
den of thieves	盗贼的碰头点
denali the bejeweled	辉耀石 怛赖利
dendainsonne	丹代恩索涅
dendrite	冰结晶
denizen of the dark	暗黑扎哈克
denizens of the deep	召唤海蛇
denn the orcatoothed	海虎牙 邓恩
dense darkness	黑暗弥漫
dense emptiness	集束波动
dense planting	溅射播种
deorbit	牵引
deploy armaments	武装启动
deploy defenses	支援：防护壁展开
deployment	出击
deployment tactics	展开战术
depress	压溃
depth charge	蓄力冲击
depth grip	海洋之手
depths of oblivion	忘却的彼岸
depths of the soul	灵魂深处
deracinator	根除
derailment siege	脱轨捶打
deranged germinant	疯狂发芽大口花
deranged tragopan	疯狂角雉
derelict railway	铁马车轨道
derelicts	废船街
derrick	铁架塔
dervish	速度之星
descend	降落
descent	横断崖
desert armadillo	荒漠犰狳
desert bandit	荒野的强盗
desert burrow	荒漠地洞遗迹
desert coyote	郊狼
desert desman	荒漠麝鼹
desert peiste	沙漠毒蜥蜴
desert spice	荒漠芬芳
desert storm	沙漠风暴
desert sun	萨纳兰的热沙
desert tempest	飞沙
desert viper	沙蛇
desert vulture	荒漠兀鹫
desertmaker beetle	沙漠化甲虫
desertwalkers	行于荒野
designated conductor	选定目标：重雷
desolation	荒芜新星
despair	绝望
despair unforgotten	绝望侵蚀：记录事件
despairing brobinyak	绝望布罗宾雅克
despairing dragonfly	绝望蜻蜓飞蜥
despairing lesser dragon	绝望小龙
despairing shelled dragon	绝望龟甲龙
despairing wyvern	绝望飞龙
desperado	亡命暴徒
desperate measures	怒涛之计
desperate mongrel	绝望的土狗
desperation	破罐破摔
despicable devilet	卑鄙小恶魔
destiny drawn	命运抽卡
destiny's sleeve	袖内抽卡·命运
destroyer	破坏神像
destroyer's might	拉尔戈之威能
destruct	自爆指令
destruction	灭亡
destructive bolt	坏灭雷击
destructive charge	坏灭雷球
destructive heat	热能破碎
destructive static	坏灭雷斩
destructive strike	破坏神斩
destrudo	破坏本能
desynthesis	分解
detector	探测器
determined	干劲十足
deterrence grounds	威慑山丘
deterrent pulse	灵变射线
detonation	引爆炸弹
detonator	大爆炸
deuterolab	第二实验室
devastate	石火豪拳
devastating bolt	激雷
devastation	拉哈布雷亚讨伐战
devatagara	天神寺
devil eye	魔兽之眼
devil's quarter	魔冲击
devilet piece	奇子·小恶魔
devilish thrall	被迷惑的尸鬼
devilment	进攻之探戈
devious miscreant	奸猾的男子
devitalize	夺命
devoted dragoon	伊修加德的龙骑士
devotion	灵护
devour soul	填充击
devour taco	一直吃夹饼
devoured	捕食
devoured eater	被侵蚀的食罪灵
devouring brand	十字地火
devouring dark	暗黑侵蚀
devout disciple	优雷卡圣徒
devout of darkness	暗之导师
devout pilgrim	虔诚的朝圣者
dewdrinker ladybug	饮露花甲虫
dewspun bank	露草河岸
dextral icecleave	右侧冰刃斩
dhalmel	长颈驼
dhalmel calf	小长颈驼
dhalmel of nightmares	噩梦长颈驼
dhara sentinel	哨兵陀罗
dharani	密语
dhorme chimera	死化奇美拉
dhoro iloh	朵洛衣楼
dhrupad	德鲁帕德
dhruva cluster	簇生陀鲁婆
diablo armament	迪亚布罗魔兵
diabolic bit	迪亚布罗浮游炮
diabolic chimney	魔界喷烟
diabolic curse	虚无的诅咒
diabolic gate	异界之门
diabolic headlamp	魔界前照灯
diabolic key	异界的钥匙
diabolic light	魔界光
diabolic whistle	魔界汽笛
diabolic wind	魔界风
diabolos	迪亚波罗斯
diabolos hollow	虚空迪亚波罗斯
diabrosis	溃破
diadem beast	云冠巨兽
diadem bloated bulb	云冠膨胀球茎
diadem bulb	云冠球茎
diadem coblyn	云冠矿爬虫
diadem doblyn	云冠矿妖虫
diadem dryad	云冠树妖
diadem endymion	云冠恩底弥翁
diadem golem	云冠巨像
diadem grotto	云冠洞穴
diadem hunting grounds	云冠群岛黄昏探索（狩猎专用）
diadem ice bomb	云冠寒冰爆弹
diadem ice golem	云冠寒冰巨像
diadem icetrap	云冠寒冰陷阱草
diadem marid	云冠魔象
diadem melia	云冠枯树精
diadem plantoid	云冠植生兽
diadem sapling	云冠花苗
diadem skysprings	云冠涌泉
diadem urolith	云冠乌洛里石
diadem werewood	云冠变种树
diadem wood golem	云冠树木巨像
diadem zoblyn	云冠矿怪虫
diagnosis	诊断
diagrammatic doorway	展开步法阵
diairesis	分离
dialogos	对话
diamond dust	钻石星尘
diamond flash	钻石闪光
diamond forge	钻石工房
diamond frost	钻石星尘
diamond gwiber	钻石玲龙
diamond rain	钻石雨
diamond shot	钻石射击
diamond shrapnel	钻石爆发
diamond storm	钻石风暴
diamond weapon	钻石神兵
diamond-tooth hedgemole	金刚牙针鼹
diamondback	超硬化
diamondjaw nezedd gah	金刚爪 奈寨德·夏
diaphanous doblyn	透明矿妖虫
diarchy	两头政治
diatryma	不飞恐鸟
dibrid blaster	双重冲击波
dichroic spectrum	二色光谱
differential diagnosis	齐衡诊断
diffractive break	衍射裂破
diffractive laser	扩散射线
diffractive magitek cannon	魔导加农散弹炮
diffractive plasma	扩散等离子
diffuse darkness	黑暗扩散
diffuse energy	扩散能量弹
diffuse laser	扩散射线
diffuse light	光散射
diffuse wave cannon	扩散波动炮
diffuse wave cannon kyrios	扩散波动炮P
diffusion beam	耀星
diffusion ray	扩散射线
diffusive-force particle beam	分散式波动炮
dig three graves	其墓须有三
digested juice	大瘴气炮
digesting	消化中
digestive enzymes	消化酶
digestive fluid	消化液
digititis	指尖
dii-iii	DII-III号
dikaiosyne	义德
dilemma	星导山山间
diligence of the alacran	钳蝎帮勤奋术士
diligent worker	热心工作的工人
diluxio	可疑的迪露希奥
diluxio's lackey	迪露希奥的手下
diluxio's toady	迪露希奥的小弟
dim crystal	褪色水晶
dimension castle	次元城
dimension zero	零次元
dimensional brake	时空潜行装置
dimensional collapse	空间破碎
dimensional compression	压缩次元
dimensional distortion	空间扭曲
dimensional purgation	次元引爆
dimensional rip	空间裂痕
dimensional shift	空间转换
dimensional surge	次元涌动
dimensional tear	次元裂伤
dimensional torsion	次元波
dimensional wave	次元波动
diminutive dualcast	小小连续咏唱
dimwold	昏暗林
diplocaulus	笠头螈
dire deepcroft	废弃墓地
dire gargoyle	凶残石像鬼
dire straits	两舷横扫
direct attack	直接攻击
direct seeding	直接播种
directed grotesquerie	引爆细胞：指向
directional disregard	免除方向要求
directional invincibility	特定方向无敌
directional parry	招架
director's belone	附魔佩罗涅·职责
director's office	所长室
director's order	制作人命令
diremite	凶蛛蝎
diremite piece	奇子·凶蛛蝎
diresaur	变种龙
direwolf	恐狼
dirge of second death	第二次死亡
dirge of the lost	丧失的哀歌
dirigible landing	气球起降所
dirty cannons	污染加农
dirty claw	麻痹爪
dirty eye	肮脏之眼
dirty eye piece	奇子·肮脏之眼
dirty mongrel	肮脏土狗
dirty nails	腐坏爪
dirty rat	肮脏沟鼠
dirty rotten azulmagia	邪恶青魔法师——启示者
dirty slash	腐坏挥打
dirty sneeze	腐坏喷嚏
dirty venom	污毒
disable auto-target	关闭自动选取目标
disappearing dais	地板消失
disappearing falls	雾散瀑布
disappointed	大失所望
disassembly	解体
disaster	灾难
disaster zone	灾祸领域
disastrous spell	魔力解放·灭
discarded body	被丢弃的躯体
discarded eye	被丢弃的眼睛
discerning eye	审美眼
discharge	枪击
discharger	能量放出
dischordant cleansing	不平衡之罚
dischordant damnation	不平衡神罚
disciples of levin	内环雷
disciples of magic	魔法导师
disciples of the hand	能工巧匠
disciples of the land	大地使者
disciples of war	战斗精英
discipline	风纪
disciplined fist	功力
disclosure	揭露
disco infernal	激热跳舞街
discoid	圆盘
discomposed	动摇
discontinue	停刊
discordance	咆哮五重奏
discordant calx	失调石灰灵
discordant echo	不协和音波
discordant flourish	反向断锁剑
discordant harmony	杂音
discordant moon	反向巨圆斩
discovery	荣誉野挖掘地
discrete magick	离散魔法
disdain	蔑视
disease	病弱
diseased treant	病害树精
disembodied head	颅浮巨像
disembowel	开膛枪
disengage hatch	开放仓库舱口
disesteem	掠影的蔑视
disgorge	吐魂
disgust	厌恶
dishonor's discord	反向厌忌剑技
dishonored temple knight	堕落的神殿骑士
disillusioning swing	猛烈挥打
disinfection	消毒
disintegrate	爆碎拳
disintegration	崩毁
dismal roar	暗吼
dismantle	武装解除
dismantled	武装解除
dismember	肢解
dismemberment	斩足刃
dismissal overruling	驳回否决
dismissal ruling	驳回判决
dismount	降落
disorderly adventurer	粗野的冒险者
disorienting groan	吼叫
disorienting static	混乱表情
disparagement	蔑视
dispassionate kick	罗汉脚
dispatch	召集小队
dispel card	驱魔卡
dispelling wind	驱魔之风
dispense explosives	设置采掘炸弹
dispersivity	剑气波动
displaced engineer	沦为难民的魔导技师
displacement	移转
disposal node	焚烧系统
dispose	执行清理
disquiet	动摇
disquieting gleam	忧虑光
disregard	蔑视
disrobe	徒手
disruption	崩裂
disruption field	妨碍思念
disruption wave	妨碍波
disruptor	抗魔咒
disseminate	魔力飞散
dissever	割裂爪
dissipate	毒素飞散
dissipation	转化
dissociation	分离
dissolve union	融光解除
dissonance	不和谐音
distant clap	远雷
distant scream	影之狂吠
distant tune	远音
distorted	污染
distortion	污染
distracted	道具封印
distraught evacuee	忐忑不安的难民
distress beacon	请求救援
distress signal	请求救援
diurnal balance	中间学派（日）
diurnal benefic	吉星相位（日）
diurnal intersection	天星交错（日）
diurnal knight	白昼骑士
diurnal opposition	天星冲日（日）
diurnal sect	白昼学派
div's perfume	浮空的恶臭花
divan mold	沙发霉菌
dive formation	一齐突击
dive from grace	堕天龙炎冲
dive ready	幻象冲预备
divebomb	爆破俯冲
diveboom	强震冲
divers dare	斗志昂扬
diversion	迂回
divesting gale	剥夺突风
divide and conquer	分治法
divide by five	算术：5的倍数
divide by four	算术：4的倍数
divide by three	算术：3的倍数
divider	我流雪月花
dividing wings	分割之翼
divination	占卜
divination rune	魔之符文
divine arm	激活神机手铠
divine arrow	圣箭
divine audience	圣礼拜台
divine aura	神爱环
divine awakening	化身开眼
divine benison	神祝祷
divine bolt	圣光枪
divine breath	女神的气息
divine call	天声
divine caress	神爱抚
divine cataract	玄天武水壁
divine denial	完全拒绝
divine desire	完全引诱
divine dhalmel	神域长颈驼
divine diminuendo	渐弱神音
divine disk	激活神机项环
divine dominion	方舟支配
divine doubt	完全惑乱
divine embrace	女神的束缚
divine excoriation	神罚
divine favor	落光
divine gale	神域旋风
divine grace	神爱抚预备
divine judgment	神圣审判
divine judgment volts	制裁之热雷·天帝
divine light	幻光波
divine lure	女神的诱惑
divine mandate	天命
divine might	神圣魔法效果提高
divine mist	神域水泡
divine punishment	天罚
divine retribution	违令
divine right	苍穹体势
divine ruination	圣光爆裂破
divine seal	神封印
divine sordes	神域索德斯龙
divine spark	灼热视线
divine spear	圣炎
divine sphere	国王宫殿
divine sprite	圣化元精
divine threshold	神前石门
divine tiara	激活神机王冠
divine veil	圣光幕帘
divine vespa	神域胡蜂
divine wasp	神域海蜂水母
divine will	向守护神祈祷
divine wind	神域龙卷
divine words	众神的教诲
divining	神谕预备
divinity	化身
divisive dark	黑暗侵蚀：飞散
divisive overruling	分歧否决
divisive ruling	分歧判决
djanan qhat	天母寝宫
do-re-misery	雨中鸣
dobharch	杜尔胡
docile miacid	驯化的细齿兽
docile tiger	驯化的猛虎
dock poga	水果码头
dock storehouse	码头小屋
dock tumu	生息码头
doctore	无头教练
dodo of paradise	乐园渡渡鸟
dodo piece	奇子·渡渡鸟
dodo's nest	渡渡鸟窝
doesmaga poisonheart	黑心的杜斯玛伽
dofagan the penitent	忏悔者 多夫甘
doga demiclone	多加亚灵复制体
doga's clone	多加复制体
dohn lran	幻惑之城
dohn mheg	多恩美格禁园
dohn toch	幻惑之湖
dohnfast anemone	禁园风花
dohnfast basket	禁园篮筐
dohnfast echevore	禁园石莲猬
dohnfast etainmoth	禁园爱蒂恩蛾
dohnfast fuath	禁园水妖
dohnfast kelpie	禁园凯尔派
dohnfast moss fungus	禁园苔菇
dohnfast rowan	禁园花楸树
dohnfast undine	禁园温蒂尼
dojun-maru	道顺丸
dokumori	介毒之术
doliodus	原祖鲨
dollhouse	变成人偶
dolorous shadow	不祥的阴影
dolphin calf	聪慧小海豚
doma castle	多玛城前
doma jonin	多玛的上忍
domakin	多玛金鱼儿
doman armored weapon	多玛武装重甲
doman canis pugnax	多玛军犬
doman colossus	多玛魔导巨兵
doman distractions	东方游戏
doman enclave	多玛飞地
doman enclave aetheryte plaza	以太之光广场
doman enclave docks	多玛飞地码头
doman eques	多玛骑士
doman gunship	多玛魔导炮艇
doman hastatus	多玛青年兵
doman hoplomachus	多玛斗士
doman laquierius	多玛绳斗士
doman liberator	多玛战士
doman magpie	喜鹊儿
doman reaper	多玛魔导死神
doman secutor	多玛拳斗士
doman shadow	多玛阴影
doman shaman	多玛巫师
doman signifer	多玛旗手
doman sky armor	多玛魔导浮空装甲
doman slasher	多玛魔导螳螂
doman vanguard	多玛魔导先锋
doman weasel	多玛鼬
domesticated alpaca	商队的羊驼
domesticated banemite	驯化祸蛛蝎
dominion	支配者的一击
dominion slash	支配斩
domovoi	杜莫伊
donation basket	支援物资放置处
donden-gaeshi	翻转之术
doom arc	毁灭之弧
doom chimney	魔烟囱
doom impending	怪死宣告
doom of the living	生者必灭
doom spear	厄运枪
doom spike	死天枪
doom strike	魔灵击
doomed gigantoad	劫难巨蟾蜍
doomed stars	迈向终结的星球
dooming force	死天力
doomsay	死亡诅咒
doomsday	末日审判
doomsday comet	末日彗星
doomtrain	格莱杨拉波尔
doomvoid cleaver	末日虚无劈
doomvoid guillotine	末日虚无断
doomvoid slicer	末日虚无切
doped and detonative	过量打药
doping draught	打药
doppelganger	二重分身
doppro illusionist	朵普罗族妖贤士
doppro spearbrother	朵普罗族枪手
dorgerwor the astute	多格渥野营地
dorgono blueblade	草原斧 朵尔格诺
dorgono the bedeviled	恶鬼附身的朵尔格诺
dormant altar	无命的神殿
dormitory	毁坏的宿舍
doro-no-shiki	泥之式鬼
dorpokkur	染泥叶小妖
dosis iii	注药III
dossal gate	幔布门
dotharl khaa	朵塔儿水洲
dotharli chuluu	朵塔儿朝鲁
dotharli hunter	朵塔儿部猎人
dotharli khun chuluu	朵塔儿浑朝鲁
dotharli spiritcaller	朵塔儿部魔战士
dotharli warrior	朵塔儿部战士
dotharli white eye	朵塔儿部狂战士
dotoli ciloc	旋风扇 德托里·西罗克
doton corruption	土遁之术·腐化
doton heavy	重土
double attack	双重攻击
double axe handle	握掌斧劈
double bubble	水泡
double buster	双重破坏炮击
double cast	双重咏唱
double charge	二连填充
double check	双将
double dive	双重俯冲
double down	倍攻
double drill crush	双重飞钻冲击
double edge	双刃剑
double gambit	幻影术
double hammer	二连锤
double hex eye	大凶眼
double hook	双重提钩
double iai-giri	二段迅步居合斩
double immolation	双炎法
double kasumi-giri	二段霞斩
double meteor	双重陨石
double misdirect	双重魔术雷
double ray	双重射线
double rocket punch	双重火箭飞拳
double rush	二连冲
double scrapline	双重碎颈臂
double sever	多重斩击
double slap	双剑斩
double smash	双重碎击
double sobat	双重飞踢
double standard finish	双色标准舞步结束
double style	双手涂鸦
double swipe	双重利爪
double technical finish	双色技巧舞步结束
double tyrannhilation	双重霸王坠击
double vision	双重视线
double wringer	旋转连击
double-edged swords	双锋合刃
double-trouble trap	连环环陷阱
doubled dark	黑暗侵蚀：双重
doubled impact	双重冲击
doubling	幻影生成
dousing spirit	水灵
dove aevis	巨鸽龙鸟
down and out	强制死斗
down for the count	击倒
down where daemons dwell	鬼岛
down wyvern	山岗双足飞龙
downburst	下行突风
downcast hippocerf	低沉骏雕
downfall	陨落
downfall alarum	坠落报警虫
downfall droid	坠落机甲
downfall hunter	坠落猎手
downhill	落山箭
downpour	水刑
downpour of death	死亡箭雨效果提高
downripple	休喙泉
downriver ihuykatumu	生息河岸下游
downy aevis	丘岗龙鸟
downy dunstan	毛茸茸邓斯坦
dozol meloc the yea-sayer	乐观的德佐尔·梅罗克
drachen apparition	圣龙幻影
drachen armor	圣龙护甲
drachen wanderer	圣龙气息
drachenlance	腾龙枪
draco statue	蜥龙雕像
draconian fire	龙眼
draconian fury	龙眼苍穹
draconian gaze	龙眼封印
draconian light	龙眼加护
draconic double	水晶龙的幻影
draconic regard	龙首
draconic strike	圣龙一击
draconiform motion	龙态行动
dragging tail	尾之道
dragon aevis	巨龙龙鸟
dragon breath	巨龙吐息
dragon force	龙之力
dragon hornbill	大龙红角犀鸟
dragon kick	双龙脚
dragon maiden	龙美人
dragon night	龙星击
dragon sight	巨龙视线
dragon sound	红血之龙骑士
dragon spirit	龙气
dragon star observatory	龙星观测站
dragon stomp	龙踏
dragon weasel	大龙狼獾
dragon's aery	龙巢
dragon's blood	龙血
dragon's breath	雷鸣吐息
dragon's curse	龙咒
dragon's descent	降龙爆火
dragon's eye	龙眼之光
dragon's flight	龙炎升预备
dragon's gaze	龙眼之邪
dragon's glory	邪龙目光
dragon's head	龙头
dragon's lair	云蒸龙变
dragon's mouth	大龙关门
dragon's neck	艾玛吉娜杯斗技大会决赛
dragon's rage	邪龙魔炎
dragon's roar	雷电大咆哮
dragon's struggle	大龙瀑水底
dragon's voice	雷电咆哮
dragon's wake	云蒸龙变
dragon-king thordan	龙威骑神托尔丹
dragonbreath falls	龙息瀑布
dragonet	幼龙
dragonfall	亢龙天锤落
dragonfire	龙火
dragonfire dive	龙炎冲
dragonfire fly	龙火飞蜥
dragonfist	龙掌
dragonflame	龙咒炎
dragonflight	龙腾
dragonfly	蜻蜓飞蜥
dragonfly avatar	武毅化身
dragonfly chaser	追猎蜻蜓飞蜥
dragonfly hunter	狩猎蜻蜓飞蜥
dragonfly tracer	追踪蜻蜓飞蜥
dragonfly watcher	守望蜻蜓飞蜥
dragonfoot hropken	龙足洛浦肯
dragonhead	巨龙首
dragonhead latrines	巨龙首营地水库
dragonkiller	对龙弩炮
dragonshadow dive	暗影龙炎冲
dragonsleep	龙巢
dragonsong	Dragonsong -千年龙诗-
dragonsong dive	苍穹龙炎
dragonspark	龙光
dragonspirit	龙气
dragonspit	龙涎
dragonstar	龙星
dragonstrike	画龙点睛
dragoon	龙骑士
drain aether	以太吸取
drain touch	吸血触
drainage	排水
drained fortitude	被抽取
drained power	被抽取
drainstrikes	吸血攻击
drake familiar	雷蛟守护精
drake piece	奇子·火蛟
drakesbane	云蒸龙变
drakespur	龙毒草
dramatic burst	大爆炸
dramatic flare	炎翔击
dramatic lysis	细胞爆炸
dran sorn gahr	怨军龙鸟
draught chocobo	大陆行鸟
dravania	龙堡
dravanian aevis	龙堡龙鸟
dravanian bee cloud	龙堡蜜蜂云
dravanian forelands	龙堡参天高地
dravanian hinterlands	龙堡内陆低地
dravanian hornet	龙堡黄蜂
dravanian outflyer	龙堡低空飞蜥
dravanian outwalker	龙堡奔走雷蛟
dravanian outwatch	索敌飞蜥
dravanian slug	龙堡蛞蝓
dravanian wyvern	龙堡双足飞龙
draw and junction	抽取融合
draw fortitude	抽远融合
draw power	抽近融合
draw steel	铸兵之令：猛攻
draw weapon	亮出武器
drawn gasame	被吸引来的拥剑蟹
drawn tatsunoko	被吸引来的龙之子
dread deluge	恐慌泛滥
dread dive	落喙俯冲
dread dragon	恐慌巨龙
dread fangs	毒烈尖齿
dread gale	风球
dread gaze	恐怖视线
dread servant	兹姆嘶的部下
dread tide	恐慌潮水
dread wind	恐慌之风
dread wyrmsbreath	邪龙的吐息
dreadguard	恐慌守卫
dreadknight	恐慌骑士
dreadnaught	恐慌装甲
dreadnaught landing	飞空战舰着陆场
dreadnaught piece	奇子·恐慌装甲
dreadstorm	恐慌风暴
dreadwash	恐慌洗礼
dreadwinder	毒烈灵蛇
dreadwolf	恐慌黑狼
dreadwyrm trance	龙神附体
dream gate	梦想宫
dream of the rood	十字架之梦
dream she lived	她生前的时代
dream she lost	她将逝的时代
dream shroud	梦境之障
dream within a dream	梦幻三段
dreamborough north	美梦园区北
dreamborough south	美梦园区南
dreamer's run	彩蛋预言鸡舍
dreaming brahmin	梦寐的婆罗门
dreaming dragon	卧龙岛
dreaming fighter	美神信徒
dreaming halls	入梦地下道
dreaming kshatriya	梦寐的刹帝利
dreaming rowan	被幻惑的花楸树
dreaming shudra	梦寐的首陀罗
dreamlight	治愈之光
dreamlike palace	如梦宫殿
dreams aloft	梦中的天空
dreams of ice	寒冰的幻想
dreams of man	迷梦
dreamtoad	梦蟾蜍
dreamwalker	梦明旅人
dreamweave cocoon	祭器之魂
dreamwoven mimicry	拟态
drear rising	阴郁风暴
drenched	湿衣
drenching blow	流水吹息
drenching pulse	猛烈波动
dreskil grimdark	幽深静肃 德莱斯基尔
dress-up alisaie	新型迷你阿莉塞
dress-up estinien	新型迷你埃斯蒂尼安
dress-up raubahn	新型迷你劳班
dress-up tataru	新型迷你塔塔露
dress-up thancred	新型迷你桑克瑞德
dress-up y'shtola	新型迷你雅·修特拉
dress-up yugiri	新型迷你夕雾
driftdowns	终流地
driftdowns reforger	终流地的再造者
drifting aurelia	游荡海月水母
drifting dynamite	游荡炸药怪
drifting encampment	移动部落
drifting morgawr	游荡莫高海怪
drifting petals	落花流水之术
drifting soul	游荡之魂
drill cannons	钻头炮
drill drive	钻头驱动
drill primed	钻头启动
drill sergeant	黑涡团训练教官
drill shot	穿甲弹
drillemont the honest	诚实的德里耶蒙
drink green tea	饮用绿茶
drink tea	饮用红茶
dripping fang	毒滴牙
dripping sallet	潮湿角盔
drive cylinder	隔离壁
driving frost	冰霜刺
drone crawler	鸣叫毛爬虫
drone piece	奇子·无人机
droningway	嗡鸣威
drooling daisy	痴情魔花黛西
drop and roll	闪躲
drop of light	落光
drop of love	爱之滴
drop of venom	毒液滴落
dropsea	沉海
drought dweller	帕祖祖的信徒
drowned boatswain	海蛇甲板长
drowned bowman	海蛇射手
drowned brawler	海蛇格斗家
drowned butcher	海蛇斧术师
drowned city of skalla	斯卡拉遗迹
drowned courtesan	溺水的情妇
drowned crofter	海蛇剑术师
drowned deckhand	溺水的甲板员
drowned demolisher	海蛇破碎兵
drowned diviner	海蛇占卜师
drowned gunner chief	海蛇炮击长
drowned lodesman	溺水的领航员
drowned outranger	海蛇弓箭手
drowned powder monkey	溺水的火药员
drowned raider	海蛇强攻兵
drowned ravager	海蛇掠夺者
drowned saltmage	海蛇妖术师
drowned seaman 1st class	海蛇一等领航员
drowned seaman 2nd class	海蛇二等领航员
drowned seaman 3rd class	海蛇三等领航员
drowned steersman	海蛇操舵员
drowned steersman chief	海蛇操舵长
drowned swordsman	海蛇阻碍者
drowned topman	溺水的瞭望员
drowned wench	溺水的荡妇
drowning	淹没
drowning brand	灵水之剑
drowning counter	水属性反击
drowning in the horizon	沉没于天际
drowning mist	溺水雾
drowning wench	沉溺海豚亭
drowsie	瞌睡怪
drowsie's grotto	瞌睡怪的老窝
drowsy dance	瞌睡舞
drubbed	打伤
drum of vollok	无敌之击
drumbeat	枉曲术
drunk with power	般若汤
drunken fists	醉拳地狱突
drunken toad	醉蛙小屋
druochole	灵橡清汁
drusilla	德鲁西拉
dry blows	拳震
dry cycle	火炎旋风
dry fin	干燥鳍棘
dry ice	冰尘
dry sands	枯水沙层
dry slug	干燥蛞蝓
dry typhoon	沙台风
drybone	枯骨
drybone tuco-tuco	枯骨土针鼹
dryland iguana	干旱鬣蜥
dryland shroud	幽冥的森林
dryroad	湿地小路
dryspine gigantender	干刺巨人掌
dschubba	额星蛛蝎
dual apocalypse	双重启示
dual blows	两边都砍
dual cut	双重魔发斩
dual earthen fists	大地之双拳
dual predation	甲软双击
dual pyres	两边都点着了砍
dual storage violation	清除记忆污染P
dual strike	双重强袭
dual-flank cannons	侧面齐射
dualcast	连续咏唱
dualfire	双炎流
dualfist flurry	重拳崩
duality	双击
duality of death	双重死亡
dualspell	双重咏唱
dualstar	双重晶球
dubious dandy	可疑的帅哥
dubious tulidisaster	图拉尔灾祸？
duck-billed porter	脚夫鸭
duel descent	双重降临
duel or die	点名决斗
dueling area	决斗区
dueling circle	个人练习场
dueling gryps	决斗鹰头狮
dueling yggdreant	决斗世树精
duergar mountains	侏儒山脉
duergar's tewel	侏儒烟囱
dull blade	钝剑
dull pain	钝痛
dullahan	无头骑士
dulling arrow	消声箭
dun scaith	影之国
dun scaith dragon	影国尸龙
dun scaith parthenope	影国帕尔忒诺珀
dun scaith ruins	影之国遗迹
dune angler	沙丘鮟鱇
dune bogy	沙丘妖魂
dung midge swarm	粪蚊群
dung wespe	粪便胡蜂
dungeon	迷宫
dungeon anemone	宝库风花
dungeon basket	宝库篮筐
dungeon blood morpho	宝库血闪蝶
dungeon blue morpho	宝库青闪蝶
dungeon boss chest	副本首领宝箱
dungeon byrgen	宝库坟灵
dungeon chest	副本宝箱
dungeon crew	宝库蔓德拉战队
dungeon crocota	宝库犬狮
dungeon djinn	宝库镇尼
dungeon echevore	宝库石莲猬
dungeon egg	宝库茄子
dungeon etainmoth	宝库爱蒂恩蛾
dungeon garlic	宝库蒜头
dungeon glider	宝库飘龙
dungeon hawker	宝库鹰蜓
dungeon irismoth	宝库虹膜蛾
dungeon kelpie	宝库凯尔派
dungeon killer bee	宝库杀人蜂
dungeon lorikeet	宝库鹦鹉
dungeon moss fungus	宝库苔菇
dungeon naiad	宝库那伊阿得斯
dungeon onion	宝库洋葱
dungeon phooka	宝库普卡精
dungeon porxie	宝库仙子猪
dungeon psammead	宝库赛米德
dungeon purple morpho	宝库紫闪蝶
dungeon queen	宝库王后
dungeon rabbit's tail	宝库兔尾
dungeon rosebear	宝库玫瑰熊
dungeon rowan	宝库花楸树
dungeon tomato	宝库番茄
dungeon tot aevis	宝库幼体龙鸟
dungeon werewood	宝库变种树
dungeon witchweed	宝库独脚金
dungeons	次元城地下牢狱
dungeons of lyhe ghiah	梦羽宝境
dunstan's spire	邓斯坦哨塔
dunur strike	雷鸣冲击
duology of implements	二连召唤·封印武器
duplicate	复制
duplicitous battery	双连魔弹
duplicity	口是心非
durant heart	兽心技一式·坚
durante	杜兰特
durendaire manor	狄兰达尔伯爵府
durga piece	奇子·杜尔迦
durzurgir	杜祖基
dusk bat	黄昏蝙蝠
dusk knight	黄昏骑士
dusk star	暮晖之星
dusk throne	暮晖王座
dusk trial	暮晖之试炼
dusk vigil	暮卫塔
dusk visage	暮晖之颜
dusk wolf	暮狼
duskblade	暗影之剑
duskbound byakko	落晖之白虎
duskfall bhoot	黄昏浮灵
duskfall dullahan	黄昏无头骑士
duskfall mummy	黄昏木乃伊
duskfall skeleton	黄昏尸鬼
duskwight freelancer	黑影之民佣兵
duskwight freelancer captain	黑影之民佣兵队长
duskwight lancer	黑影之民枪术师
duskwight outlaw	黑影之民恶徒
dust anila	尘阿尼罗
dust bluster	掸土
dust bunny	灰尘兔
dust cloud	土烟
dust devil	沙龙卷
dust dhara	尘陀罗
dust diffusion	粉尘扩散
dust explosion	粉尘爆炸
dust poisoning	粉尘中毒
dust storm	尘暴
dust to dust	尘归于尘
dust yoke	沙兔的封印
dusty detonation	粉尘爆炸
dusty devilet	浮尘小恶魔
dusty eye	尘封之眼
dusty hand	尘埃之手
dusty imp	浮尘小魔精
dusty mongrel	土狗
dustyfoot drysnagl	波涛斧 德瑞斯纳古尔
duty's edge	责任之刃
dvalinn	杜华林
dwarf diremite	矮凶蛛蝎
dwarf rabbit	小矮兔
dwarven charge	矮人式雷击弹
dwarven decking	矮人拳
dwarven deluge	矮人式齐射
dwarven discharge	矮人雷击弹
dwarven dynamite	矮人式导弹
dwarven hollows	矮人洞窟
dyers wash	染洗沼地
dying gasp	末日亚马乌罗提
dying memory	垂死的记忆
dynamic atmosphere	冲风
dynamic dominance	震荡压制
dynamic fluid	混沌之水
dynamic pound	超电磁地面重击
dynamic scrapline	超电磁回转碎颈臂
dynamic sensory jammer	运动体探知干扰器
dynamic systems	动力控制区
dynamis dice	命运骰子
dynamite	炸药怪
dynastic diadem	王冠之力
dynastic flame	霸王狱炎波
dyskrasia	失衡
dyunbu the accursed	污身秽心 尤恩布
dyunbu the blessed	施恩布德 尤恩布
dzemael darkhold	泽梅尔要塞
dzemael manor	泽梅尔伯爵府
dzu-teh	巨脚雪人
e'bandala sweetmane	芳香鬃 艾·巴恩妲拉
e'lahmui ruby-eyes	火红眼 艾·拉姆伊
e'ptolmi	艾·帕特尔密
e'sanuwa vundu	温杜埃腾云蛇
e'tajha sapphire-eyes	蔚蓝眼 艾·塔嘉
e-tatt's spire	艾·塔塔哨塔
eager conjurer	气盛的幻术师
eager lancer	气盛的枪术师
eager marauder	气盛的斧术师
eager thaumaturge	气盛的咒术师
eagle eye shot	锐眼追击
eagle-eyed buzzard	鹰眼兀鹫
eaglesight	苍鹰广场
eald'narche	埃尔德纳修
eale's golem	耶鲁的石偶
ear wiggle	摇兔兔耳
early turret	古代机工兵器
earnest adventurer	认真的冒险者
earth aether	土属性以太
earth and water	部队特效：采集经验值提高
earth arcanum	土天奥秘
earth blade	土魔剑
earth breath	大地吐息
earth crusher	碎地
earth eater	大地吞噬者
earth familiar	变色土龙
earth hammer	大地之锤
earth homunculus	人造土元素
earth missile	大地导弹
earth quaker	大地震动
earth resistance down	土属性耐性降低
earth resonance	金刚神髓
earth shaker	大地摇动
earth sprite	土元精
earth tackle	金刚罗刹冲
earth's reply	金刚转轮
earth's resolve	金刚决意
earth's rumination	金刚周天预备
earth-aspected	土属性化
earth-rending eight	地烈八叶
earth-shattering particle beam	贯地式波动炮
earthborne end	土之咒痕
earthbound heaven	天降露滴
earthbreak	大地崩裂
earthbreaker	地碎
earthen accord	土之协议
earthen aether	土以太
earthen anguish	大地之痛
earthen armor	大地之铠
earthen auger	大地钻击
earthen brickman	巨像兵
earthen eternity	土神的激怒
earthen familiar	大地守护精
earthen fist	大地之拳
earthen fury	大地之怒
earthen gauntlets	大地之手甲
earthen geyser	流沙泉
earthen heart	核心之光
earthen ring	核心环光
earthen shot	地击
earthen sky	地中天道
earthen sky hideout	地中天道秘密基地
earthen wall	大地之壁
earthen ward	大地之护
earthen wheels	大地之车轮
earthenshire	土陶郡
earthly dance	大地之舞
earthly dominance	地星主宰
earthly star	地星
earthquake	地震
earthrender	大地劈裂
earthrising	大地隆起
earthshake	地盘震动
earthshatter	地表碎裂
earthshock	震地
earthsong	大地之歌
earthstorm	地啸
earthy breath	腐臭气
east agelyss river	东永恒川
east balshahn bazaar	东巴尔夏恩大巴扎
east caliban gap	卡利班古巢东
east colonnade	东柱廊
east end	东境混交林
east flamerock	火岩溶洞东侧
east hammer	一号打桩塔
east hathoeva river	哈希瓦河东支流
east hawkers alley	东国际商贩路
east longmirror lake	身镜湖东部
east othard coastline	奥萨德东岸
east sanctum lift	庭园东侧升降室
east shroud	黑衣森林东部林区
east val river bank	瓦尔河东岸
east vein	东叶脉
east watchtower	东侧监视塔
east wind	东风
east wind of change	东风纹
east yyasulani	亚斯拉尼荒野东部
eastbound zorgor	佐戈海峡东侧
easterly	极风
easterly boreneus	偏东北风航
easterly reprise	定时诅咒·东风
easterly sanuwa	东方腾云蛇
easterly shift	换位强袭·东
easterly winds	东风魔印
eastern alliance ninja	东方联盟忍者
eastern alliance samurai	东方联盟武士
eastern alliance shinobi	东方联盟的忍者
eastern barrier isle	境岛东部
eastern bow	行东方礼
eastern buzzard	东方秃鹫
eastern columns	东部魔力桥脚
eastern dance	东方传统舞蹈
eastern edge	东缘崖
eastern ewer	倒水瓶
eastern ewers	倒水瓶
eastern greeting	抱拳礼
eastern isle of ken	贤岛东侧
eastern kholusian coast	珂露西亚岛东海岸
eastern marsh ligaka	虹彩水底东侧
eastern onsal hakair	昂萨哈凯尔东部
eastern pyre	东炎
eastern risensong quarter	东升歌文化区
eastern ruby sea	红玉海底东部
eastern ryurin bridge	东龙鳞桥
eastern shirogane subdivision	[扩建区]白银乡东区
eastern stretch	热身
eastern thanalan	东萨纳兰
easton eyes	东方眼目
eastward march	向东进军
eastward stream	横向小溪
eastwind wheel	青龙旋息
eat apple	吃苹果
eat chicken	吃炸鸡
eat chocolate	吃恋人巧克力
eat egg	吃水煮蛋
eat from the hand	部队特效：作业精度提高
eat pizza	吃披萨
eat pumpkin cookie	吃南瓜曲奇
eat rice ball	吃饭团
eat taco	吃夹饼
ebisu catfish	惠比寿鲶鱼精
eblan bear	艾布拉纳熊
eblan icetrap	艾布拉纳寒冰陷阱草
eblan rime	艾布拉纳冰原
eblan thaw	艾布拉纳不冻池
ebon-clad summoner	黑袍召唤师
ebony stalls	黑檀商店街
ebrelnaux	埃布雷尔诺
eccentric eve	古怪魔花伊芙
echelon	斜行升降机
echevore	石莲猬
echidna	艾奇德娜
echioceras	海胆菊石
echo of hydaelyn	海德林的回声
echo of qitana	奇坦那回声
echo of the fallen	咒怨残响
echo of the lost	逝者的回声
echoed reprise	和声重奏曲
echoed serenade	和声小夜曲
echoes from time's garden	悠久时光庭园
echoes in the distance	天边回响
echoes of ages past	昔日的回响
echoes of agony	惨痛的回响
echoes of befoulment	绝望侵蚀：脓液弹
echoes of benevolence	绝望侵蚀：博爱
echoes of memory	久远的遗音
echoes of nausea	绝望侵蚀：疾病激流
echoes of the future	绝望侵蚀：未来不再
echoing eight	八叶残响
echoing heat	灼热残响
echoing hush	残响剑
echoing orbit	转轮残响
eclipsing exhaust	大喷射
ecliptic bite	冰狼蚀日
ecliptic comet	黄道彗星
ecliptic meteor	黄道陨石
ecliptic stampede	陨石狂奔
ectoplasm	外灵质
ectoplasmic ray	外质射线
edda blackbosom	漆黑的艾达
edda pureheart	纯洁的艾达
eden minor	迷你伊甸
eden prime	至尊伊甸
eden's blizzard iii	伊甸冰封
eden's fire iii	伊甸爆炎
eden's flare	伊甸核爆
eden's gravity	伊甸重力
eden's promise	伊甸之约
eden's thunder iii	伊甸暴雷
edge of darkness	暗黑锋
edge of death	生死之境
edge of oblivion	忘却的此岸
edge of shadow	暗影锋
edge unbound	妖刃无双
editha the nonchalant	春风和气 艾迪希亚
educator	管教
educator boot sequence	管教装置启动
eerie air	虚无的妖气
eerie light	怪异光
eerie soundwave	怪音波
efficient bladework	剑击
effluvium	病患臭气
eftstool	水蜥魔饵
egg runner	彩蛋搬运员
egg surprise	彩蛋幻影
eggeater	食蛋兽
egglayer dodo	堆蛋渡渡鸟
egglaying damselfly	产卵灯心蜻蛉
egglaying tarantula hawk	产卵蛛鹰蜂
eggplant knight	茄子骑士
eggshilaration system	彩蛋系统
eggstreme egg acuity	预言蛋发现率大幅提高
egi assault	灵攻I
egi plume	灵羽
ego collective a	电脑空间A
ego death	自我概念崩坏
ego eris	终有一日你将成为我
egotism	自我对抗
ehll tou	艾尔·图
ehs daih	哀思洞窟
eight sentinels	八剑士前庭
eight star	八雷星
eighteenth floor	开发室
eightfold suffering	八苦之歌
eighth beats	8拍节奏
eighth blade	第八刃区
eighty sins of sasamo	萨萨莫八十罪梯
eikonizer	荒蛮破坏者
eil tohm	招恶荒岛
ein sof	无限
ein sof ohr	无限光
einhander	独爪妖禽
einherjar	英灵冲击
eironeia	反讽
ek-wawya plaza	捷足广场
ekpyrosis	宇宙火劫
ekstasis	恍惚
ektothermos	爆热波动
elbow drop	落肘
elddragon dive	远古龙炎冲
elder aspis	古老毒蝰
elder buffalo	古老水牛
elder demiwyvern	半灵古老双足飞龙
elder flint	古老燧石
elder glider	古老飘龙
elder goobbue	古菩猩猩长老
elder hapalit	哈帕利特长老
elder ibruq	貒猪长老
elder longhorn	巨角元老
elder nauplius	古老无节幼体
elder stump	老树的树桩
elder syricta	古老希里科塔
elder tablitaur piece	奇子·牛魔老哥
elder triffid	古老三尖树
elder wyvern	古老双足飞龙
eldergrowth	古树湿原
elderly gnome	古老诺姆
eldertaur	牛头魔长老
eldritch heart	兽心技一式·魔
eldthurs	火巨人
electray	雷转质射线
electric absorption	雷气吸收
electric aether	雷以太
electric anvil	电砧
electric arc	弧状放电
electric burst	电光爆发
electric cachexia	雷云放射
electric charge	雷气
electric current	电水流
electric discharge	排电
electric entrapment	电流陷阱
electric eruption	惊电喷发
electric excess	雷转质电火花
electric field	灵变电火花
electric flux	咔啦啦雷电
electric node	雷击系统
electric potential	蓄雷增幅设施
electric predation	放电雷息
electric pulse	电磁脉冲
electric shock	电流冲击
electric slide	欧米茄滑跃
electric stream	电激流
electric swipe	带电扫尾
electric velitation	电争
electric vortex	电闪圆
electric whisker	电光晶须
electric whorl	电漩涡
electrical charge	电气积蓄
electrical condenser	蓄雷装置
electrical overload	广域奔雷
electrification	电气
electrified	过量带电
electrified gentleman	雷霆绅士
electrified gunshield	枪盾：魔导冲击
electrify	大放电
electrifying conduction	电热波
electrifying flight	雷风
electrifying witch hunt	惊电魔女狩猎
electrobeam	雷转质光束
electroblast	雷转质冲击波
electrocharge	蓄电
electrochemical reaction	雷力放射
electrochemical transfer	雷力供给
electroconductivity	导电
electrocute	电击
electrocution	感电
electrocution gallery	公开处刑广场
electroflame	雷转质火焰
electrogenesis	生物电
electrogenetic blast	超雷击
electrogenetic force	电击
electrogolem	雷之巨像
electrolance	雷枪投掷
electrolance assimilation	雷枪收回
electromagnetic blockade	电磁障壁
electromagnetic burst	超电磁爆发
electromagnetic coil	超电磁线圈
electromagnetic field	电磁力场
electromagnetic pulse	电磁脉冲攻击
electromagnetic release	电磁放射
electromagnetic repellant	超电磁放射
electromagnetic shockwave	电磁冲击
electromagnetism	电磁学
electromine	雷转质地雷
electron	电子
electron stream	电子流
electrope edge	雷转质展开
electrope mine	废弃矿区
electrope strike	雷转质矿场
electrope transplant	雷转质移植
electrostatic contact	电气冲击
electrostatic trouncing	震电呵斥
electrostrike	雷转质强袭
electrosurge	雷转质激射
electroswipe	雷质横扫
electrothermia	雷转质升温
electrowave	雷转质波动
electrowhirl	雷转质回旋
elegant evisceration	优雅除脏
elegeia	辞世绝句碑
elegeia unforgotten	哀歌：记录事件
element of surprise	速攻军学书
elemental angst	元素之虑
elemental belone	附魔佩罗涅·元素
elemental blade	魔法剑
elemental blessing	元灵加护
elemental brand	冰炎咒印
elemental break	元素破
elemental cascade	元素倾泻
elemental converter	魔法障壁发动器
elemental edge	剑闪
elemental harmony	静魔药
elemental impact	轰击
elemental jammer	元素干扰
elemental magicks	元素魔法
elemental overload	元素过载
elemental purge	风震魔印
elemental resistance down	属性耐性降低
elemental resonance	属性反应
elemental shift	元素切换
elemental spark	电光元素
elemental star	元素之星
elemental weave	元素天赋
elementally amplified ice crystal	冰属性增幅水晶
elementally amplified lightning crystal	雷属性增幅水晶
elementally amplified wind crystal	风属性增幅水晶
elementary absorption	元素吸收
elementary chemistry	元素整合
elementary deficiency	元素匮乏
elementary evocation	元素创造
elementary expansion	元素展开
elenchos	反诘
elevate and eviscerate	腾身开膛
elevated	固定高位
elevated detritus	残骸A
elevator	升降机
eleventh blade	第十一刃区
elidibus	艾里迪布斯
elimbit	清除者浮游炮
elimination	对人光线
elimination claw	清除者之爪
eliminator	清除者
eline the razor	凄厉的艾莉娜·罗阿耶
elite bedesman	精英受施者
elite enemy	强敌
elite onmitsu	攘夷隐密
elite priest	精英祭司
elite quarryman	精英采石员
elite roundsman	精英巡逻员
elixir burst	真空波
elixir field	苍气炮
ellerete venomheart	恶意毒心 艾尔蕾特
elm gigas	神木巨人
elpis minotaur	厄尔庇斯弥诺陶洛斯
elucidate	说明
elusive jump	回避跳跃
elusive jump target	选定目标：黑暗回避跳跃
elusive super jump	超级回避跳跃
elvaan adventurer	艾尔凡族冒险者
elven brigand	菁灵劫道兵
elven burglar	菁灵窃贼
elven knight	菁灵骑士
elven smuggler	菁灵走私者
elven thief	菁灵盗贼
elysian fields	农业区
elysian groves	森林区
elysian playgrounds	游乐区
elysian seas	海洋区
elysion	至福乐土
emaciated engineer	阿拉米格技术兵
emanation	美神地下神殿
embalming earth	不朽大地
ember sprite	余烬元精
emberflash matamata	余光闪烁玛塔蛇颈龟
embittered dance	严峻之舞
embittered soul	污秽恶灵
emblazon	活性纹
emblazoned shield	光辉的大盾
embodiment	吉尔伽美什的分身
emboite	蔷薇曲脚步
embolden	鼓励
embolus	栓塞
embrace	仙光的拥抱
embrasure	射孔
embrittling blade	石剑冲波
embroiling flame	气炎万丈
emerald avenue	翠玉大街
emerald beam	绿宝石光束
emerald carbuncle	绿宝石兽
emerald catastrophe	绿宝石灾变
emerald crusher	绿宝石碎击
emerald disaster	绿宝石灾祸
emerald echoes	翠核深谷
emerald garuda	绿宝石迦楼罗
emerald gwiber	绿宝石玲龙
emerald nervure	叶脉绿道
emerald outburst	绿宝石迸裂
emerald rite	绿宝石之仪
emerald ruin	绿宝石毁灭
emerald ruin iii	绿宝石毁荡
emerald salamander	翡翠蝾螈
emerald shot	绿宝石射击
emerald springs	翠绿圆泉
emerald under sapphire	天空与森林的交界
emerald ward	翠绿管制区
emerald weapon	绿宝石神兵
emergency cooldown	紧急冷却
emergency deployment	紧急出击
emergency liftoff	紧急上升
emergency mode	紧急模式
emergency order	紧急召集
emergency override	紧急超驰控制
emergency quarantine	紧急隔离
emergency tactics	应急战术
emergency transport	前往紧急探索任务地点
emergent	树叶层
emergent artillery	火炮铺设
emergent diflare	二分核爆之现
emergent octaflare	八分核爆之现
emergent tetraflare	四分核爆之现
emet-selch	爱梅特赛尔克
eminence	威光
eminent grief	卓异的悲寂
eminent reign	扫击群狼剑
emissary of the dawn	拂晓的少年
emissary's will	调停者之意
emmanellain the lofty	名流剑 埃马内兰
emperor of anemos	常风皇帝
emperor's crossroads	皇族区域大厅
emperor's rose	皇帝的玫瑰
emperor's throne	始皇宝座
emperor's wont	魔导军团
empirical research	实证研究
empower beast	极大野兽
empowered beast	至大野兽
empowered ketu	计都强化
empowered rahu	罗睺强化
emprise	启程回廊
emptiness	无之失控
empty archmagus	傀儡魔法师长
empty assassin	傀儡暗杀者
empty beleaguer	空围
empty cutter	空砍
empty dimension	无维空间
empty flood	虚无泛滥
empty gaze	空洞之瞳
empty hand	虚空之手
empty hate	空无的恶意
empty heart	空心穴
empty magus	傀儡魔法师
empty plane	暗黑天空
empty pocket	无钱洞
empty portal	残破的传送门
empty proclamation	空虚的宣言
empty promise	空话
empty rage	空无的恶念
empty refrain	反复的空话
empty road	神圣路废弃
empty room	死路
empty salvation	神歌
empty seed	空虚之种
empty shadow	虚无冲击
empty soul	虚无之魂
empty souls caliber	魂剑之虚
empty thinker	空虚思考之物
empty vessel	昏倒的身体
empty wanderer	空虚彷徨之物
empty wave	虚无波动
empty weeper	空虚叹息之物
empty-bellied draco	饥饿蜥龙
empyreal arrow	九天连箭
empyreal banish iii	强放逐III
empyreal flame	九天连火
empyreal paradox	天象之锁
empyreal vortex	高天气旋
empyrean iniquity	天魔鬼神爆
empyrean peak	高耸入云
empyrean rain	天降甘霖
empyreum	穹顶皓天
empyreum east	穹顶皓天东区
empyreum northeast	穹顶皓天东北区
empyreum northeast subdivision	[扩建区]穹顶皓天东北区
empyreum northwest	穹顶皓天西北区
empyreum northwest subdivision	[扩建区]穹顶皓天西北区
empyreum south subdivision	[扩建区]穹顶皓天南区
empyreum southeast	穹顶皓天东南区
empyreum southeast subdivision	[扩建区]穹顶皓天东南区
empyreum southwest	穹顶皓天西南区
empyreum southwest subdivision	[扩建区]穹顶皓天西南区
empyreum subdivision	[扩建区]穹顶皓天
enable auto-target	开启自动选取目标
enamored	强魅惑
enblizzard	赋冰
enceladeum	恩塞拉都斯魔导工厂
enchain	捕获
enchained soul	灵魂束缚
enchanted fan	魔法风扇
enchanted funguar	着魔魔菇
enchanted inkhorn	魔法墨水壶
enchanted moulinet	魔划圆斩·一段
enchanted moulinet deux	魔划圆斩·二段
enchanted moulinet trois	魔划圆斩·三段
enchanted redoublement	魔连攻
enchanted reprise	魔续斩
enchanted riposte	魔回刺
enchanted zwerchhau	魔交击斩
encierro	超级突进
encinder	焚化炉
encircling thorns	玫瑰荆棘
enclave barracks	巡逻队驻所
enclave demesne	农耕地
encore of light	英雄的返场余音
encore of light ready	英雄的返场余音预备
encroaching twin tides	环浪连潮
encroaching twintides	环浪连潮
encumber	挡路
end of days	米吉多烈焰
end of history	魔启示
end of the end	哈尔米吉多烈焰
end of the unknown	异形的末路
end's embrace	引导之翼
endangered flare	绝灭核爆
endcaller	呼唤终结之神
endless chase	追尾波动
endless city	壮丽都城
endless draught	不息风口
endless draught subdivision	[扩建区]不息风口
endless frost	大冰雪时代
endless house	永久屋
endless ice age	光之泛滥
endless nightmare	死重爆
endless rise	无限回廊
endless slashes	无尽挥打
endless swing	无尽回转
endless swipes	无尽横扫
endsinger	讴歌终结之物
endsong	绝望轮唱
endsong's aporrhoia	流溢：绝望轮唱
enduring fortitude	守护之祈祷
enduring glory	尤卡巨人的荣耀
enduring grudge	积怨
endwalker	晓月之终途
endymion	恩底弥翁
energetic eruca	强力毛虫
energize	供给动力
energizing equilibrium	能量共享
energy assault	连续能量弹
energy barrage	能量弹幕
energy blast	能量炸裂
energy bomb	能量爆炸
energy bombardment	迫击能量弹
energy burst	能量爆发
energy compression	能量凝缩
energy conduit	能源供给线
energy discharge	能量放出
energy dispersal	能量雾散
energy drain	能量吸收
energy field	防御力场
energy field down	防御力场抵消
energy generation	生成能源体
energy load	铲斗蓄能
energy orb	能量球
energy ray	能量射线
energy ring	全方位能量弹
energy siphon	能量抽取
energy sphere	能量弹
energy wave	能量收束炮
enervating gloom	金刚暗气
enervation	攻防削弱
enfeebled	弱化试剂
enfeebling trap	弱化陷阱
enforcement droid	执法机甲
enforcement droid 208	执法机甲208
enforcement droid 209	执法机甲209
enforcement droid 210	执法机甲210
enforcement ray	增援射线
engage ballistics systems	射击总控系统启动
engage enemy reinforcements	留心增援的敌人
engage goliath tank support	请求支援：大型战车
engage marx support	请求支援：麦喀士
engage multiple targets	实战控制多个敌人的仇恨
engagement	交剑
engendered anemone	创造出的风花
engendered bandersnatch	创造出的斑攫兽
engendered bomb	创造出的爆弹怪
engendered bombfish	创造出的爆弹鱼
engendered cactuar giant	创造出的巨人掌
engendered clionid	创造出的冰海天使
engendered danbania	创造出的刺枪鱼
engendered lycopersicum	创造出的狼桃
engendered monk	创造出的鬼鱼
engendered pegasus	创造出的天马
engendered pteraketos	创造出的翼鲸
engendered shark	创造出的鲨鱼
engendered snapweed	创造出的捕捉草
engendered soma	创造出的苏摩
engetsu	偃月
engine deck	动力区
engine oil	引擎润滑油
engine room	引擎室
engorge	吞咽
engravement	刻斩
engravement of souls	灵魂刻印
engulfing flames	火焰吐息
engulfing ice	寒冰吐息
enhanced cross reaping	交错收割效果提高
enhanced egg acuity	预言蛋发现率提高
enhanced enpi	燕飞效果提高
enhanced flare	核爆效果提高
enhanced gallows	缢杀效果提高
enhanced gibbet	绞决效果提高
enhanced harpe	勾刃效果提高
enhanced mobility	高速机动
enhanced noulith	经过改良的贤具
enhanced piercing talon	贯穿尖效果提高
enhanced royal road	神圣路效果提高（效果量增加）
enhanced scatter	散碎效果提高
enhanced slug shot	独头弹效果提高
enhanced unleash	释放效果提高
enhanced void reaping	虚无收割效果提高
enhancement testing grounds	强化实验室
enigma codex	英格玛秘典
enkelados	恩克拉多斯
enkindle	内力迸发
enkindle bahamut	龙神迸发
enkindle phoenix	不死鸟迸发
enkindle solar bahamut	烈日龙神迸发
enkindling flame dance	火焰之舞：燃烧舞步
enlarged	巨大化
enlightened meditation	万象斗气
enlightenment	星导山山顶
enliven	奋起
enochian	天语
enomotos	军誓
enormous egg	巨型彩蛋
enormous slug	庞大蛞蝓
enraged elpis minotaur	愤怒厄尔庇斯弥诺陶洛斯
enraged melanion	愤怒墨拉尼昂
enraged pegasos	愤怒飞天马
enraged strike	攻击
ensemble assemble	伴舞团
enshielded	守护之翼
enshroud	夜游魂衣
enshrouded	夜游魂
enslaved love	被奴役的爱
ensnare	诱捕
enspirited swordplay	心神之剑
enstone	赋土
entangle	根系纠缠
entangled flames	同归于尽之炎
entangled pyre	同归于尽之爆炎
entanglement	咒发束缚
entangling web	纠缠之网
enter night	入夜
enthrall	迷魂之眼
enthralled citizen	被魅惑的市民
enthrallment	醉生梦死
enthunder	赋雷
enticed ocelot	上钩的豹猫
entomophobic woodcutter	厌恶虫子的樵夫
entr'acte	间歇
entrance	空虚眼瞳
entrance square	入口广场
entranced citizen	被操控的游末邦市民
entranceway	入口
entrapment	设置陷阱
entrechat	小鸟交叠跳
entrench	强袭机动
entropic excess	焦热波
entropic flame	熵火
entropic sphere	熵球
entropifaction	熵火之兆
entropy	过去空间
entropy resistance	熵火耐性
entry counter	接待处
enumeration	计数
envenomate	毒素注入
environmental control	环境控制所
enwater	赋水
eo'ghrah	艾欧晶片
eoraptor	始盗龙
eorzean alliance headquarters	艾欧泽亚同盟军大本营
eorzean subterrane	艾欧泽亚地下空间
epaphus	厄帕福斯
epea pteroenta	长了翅膀的话语
ephemeral blade	隐蔽魔刃
ephemeral knight	幻影骑士
ephemeral necromancer	幻影亡灵法师
ephemeral observer	观察者的幻体
ephemeral standard	幻影的咒具
ephemeral sword	幻影的利剑
ephemerality	神出鬼没
epic brotherhood	兄弟同心
epic echo	强化超越之力
epic hero	应战α
epic stormsplitter	我流破浪斩
epic villain	求战α
epicenter	震源制造
epicenter shock	圆状放雷
epicycle	本轮
epidemic	感染爆发
epigonoi	后裔
epigraph	碑文魔法
epilogi	艾匹罗基
epimeleia	牵挂
epimetheus	厄毗米修斯
epistemology theater	全知之间
epithymias idea	欲望理念
equable amaro	稳重的阿马罗
equal concentration	水量均等化
equal of heaven	齐天击
equal weight	灵魂的加算
equalizer	均衡器
equilibrium	泰然自若
equinox	昼夜二分
erase gravity	微重力
erasure	排异反应
eremology	干燥带展示厅
erenville	埃伦维尔
erg eris	无风无息沙漠
ergodragon	工雷巨龙
erichthonios	埃里克特翁尼亚斯
eroded earth sprite	被侵蚀的土元精
eroding marolith	侵蚀马洛里石
erosion	侵入
erosion darts	鳞粉弹
erosive eye	石化光
erralig's burial chamber	艾拉里格墓地
errant akasa	虚空击
errant revenant	彷徨亡魂
errant soul	彷徨之魂
errant yok huy	迷路的尤卡巨人
erratic blaster	飘忽爆破
errn scorh	人类之罚
erupting pain	痛苦喷发
eruption	地火喷发
eruption forte	强音喷发
escape detection ordained	逃亡监察命令
escape prohibition ordained	逃亡禁止命令
escaped luncheon toad	脱逃山鸡
escaped oreias	逃走的奥瑞亚斯
escaped tyrannosaur	脱逃暴龙
escelons fall	凌空错
eschiva the aetherial	灵妙 艾希娃
esh thom	愚神台
eshceyaani wilds	艾休凯亚尼荒原
eshtaime's aesthetics	艾斯泰姆珠宝店
eshtaime's lapidaries	艾斯泰姆直营工房
esoteric dyad	神秘二分
esoteric finisher	魔力连击
esoteric fusion	融合魔法
esoteric instruction	学习指令
esoteric palisade	神秘领域
esoteric ray	神秘光线
esoteric scrivening	水晶召唤
esoteric sect	神秘切割
esoterikos	内纹
esperance wheels	希望之轮
espertype magitek vangob g-iii	3号哥布林装甲E型
ess khas	艾斯·卡斯
essence of the aetherweaver	术士的秘药
essence of the beast	狼人的秘药
essence of the bloodsucker	吸血鬼的秘药
essence of the breathtaker	盗贼的秘药
essence of the guardian	守护者的秘药
essence of the irregular	狂战士的秘药
essence of the martialist	斗士的秘药
essence of the ordained	祭司的秘药
essence of the platebearer	重骑兵的秘药
essence of the profane	破戒僧的秘药
essence of the savior	治愈者的秘药
essence of the skirmisher	武人的秘药
essence of the templar	圣骑士的秘药
essence of the veteran	魔战士的秘药
essence of the watcher	斥候的秘药
essential dignity	先天禀赋
estinien	埃斯蒂尼安
estinien wyrmblood	屠龙者 埃斯蒂尼安
estinien's avatar	埃斯蒂尼安的幻体
estinien's chambers	埃斯蒂尼安的房间
estinien's image	埃斯蒂尼安的幻影
eta invader	伊塔入侵者
etainmoth	爱蒂恩蛾
etched in memory	铭记
eternal breath	永恒吐息
eternal calm	幽寂的圆环
eternal conviction	永恒信仰
eternal damnation	断罪之瞳
eternal darkness	黑暗命运
eternal doom	死灵宣告
eternal ease	勇士安睡之地
eternal flame	苏生大火
eternal oblivion	永恒忘却
eternal wind	悠久之风
eternity ring	同心戒指
etesian axe	季风斧
ethoseletikos boreas	北风玻瑞阿斯的默剧
eubuleus	智者忠言
eudaimon eorzea	福润艾欧泽亚
eudaimonia	幸福
eudestand	厄德斯唐
eugenia's spire	欧金尼娅哨塔
eugennoix	厄让努瓦
euhedral swat	自形重击
eukrasia	均衡
eukrasian diagnosis	均衡诊断
eukrasian dosis	均衡注药
eukrasian dosis iii	均衡注药III
eukrasian dyskrasia	均衡失衡
eukrasian prognosis	均衡预后
eulmoran adjutant	游末邦军军官
eulmoran army headquarters	游末邦军总司令部
eulmoran healer	游末邦军治疗兵
eulmoran soldier	游末邦军士兵
eulmore	游末邦
eulmore aetheryte plaza	以太之光广场
eulogia	欧罗基亚
eulogia's avatar	欧罗基亚的分身
eunomia	秩序
euphonious kamuy	朱焰神威
euphrosyne	喜悦神域欧芙洛绪涅
euphrosynos behemoth	欧芙洛绪涅贝希摩斯
euphrosynos colossus	欧芙洛绪涅巨兵
euphrosynos dhruva	欧芙洛绪涅陀鲁婆
euphrosynos gigantoad	欧芙洛绪涅巨蟾蜍
euphrosynos ktenos	欧芙洛绪涅牲兽
euphrosynos werewood	欧芙洛绪涅变种树
eureka anemos	优雷卡常风之地
eureka hydatos	优雷卡丰水之地
eureka moment	理智同兴预备
eureka orthos	正统优雷卡
eureka pagos	优雷卡恒冰之地
eureka pyros	优雷卡涌火之地
eureka weapons	禁地兵装
eurekan aero	优雷卡·疾风
eurekan dahak	优雷卡扎哈克
eurekan deathgaze	优雷卡死亡凝视
eurekan petrel	优雷卡盐蓝燕
eurekan screamer	优雷卡尖叫雕
eurekan vindthurs	优雷卡风巨魔
euroneus	东风航
euryale	尤瑞艾莉
eurydike	欧律狄克
eurytos	美声的欧律托斯
evacuation zone	难民居住区
evaluation and authentication	评测场
evaporation	云散
evasion down	回避力降低
even bigger chigoe	更大的沙蚤
evenfall firefly	黄昏萤火
event rise	视界井
event square	演出广场
eventide	夜昏
eventide fall	集束黑龙闪
eventide sword	黑龙剑
eventide triad	三連黒竜閃
ever march heavensward	仰望苍穹，不断迈进
ever-ripe vineyard	葡萄园
everburn	创造不死鸟
everfire	死之袭火
everkeep	永护塔
everkeep aerostat	永护塔航空机
everkeep sentry g10	永护塔哨兵G10
everkeep sentry r10	永护塔哨兵R10
everkeep turret	永护塔激光炮塔
everkeep ward	永护塔外围
everlasting flight	不死鸟之翼
everlasting yew	永恒杉树精
everliving bibliotaph	永世珍本
everschade	常影区
everwinter bear	永冬熊
everyone's grudge	大家的怨恨
everywhere and nowhere	无处之处
evil armor	恶魔装甲
evil curl	罪恶发旋
evil dreamer	梦祸
evil earth	邪土
evil emission	黑暗喷流
evil eye	邪视
evil mist	恶魔毒雾
evil phlegm	邪痰
evil scheme	邪恶诡计
evil seed	种子弹
evil spirit	黄金狐的恶灵
evil switch	罪恶发钩
evil tress	罪恶发团
evil weapon	恶魔兵装
evil weapon piece	奇子·恶魔兵装
evil-seer	邪瞳
evilsphere	邪球
evisceration	腹裂
evocation of earth	地脉祝词
evocation of water	水脉祝词
evocation of wind	风脉祝词
ewer brimmeth	知识的水瓶
ewer drawn	河流神之瓶（抽卡）
ewer held	河流神之瓶（暂留）
ewer-bearer	打水的女子
ex-factor	因子崩坏
exaflare	百京核爆
exaflare strike	百京核爆冲击
exaflare's edge	百京核爆剑
exaltation	擢升
exalted detriment	相害
exalted plumes	羽化
exalted wing	高贵之翼
exalted wobble	图拉尔的怪异
examine self	自视
exarch gate	水晶公之门
excalibur	斗神 王者之剑
excavate	掘洞
excavated	采掘炸弹爆炸
excavating vacuum suit	挖掘型强力机兵
excavation bomb	采掘炸弹
excavation tunnels	机械遗迹坑道
excavator	掘地飞轮
excavator ready	掘地飞轮预备
excavatory node	采掘系统
excellence	卓异
excelsior	优越
exchange of agonies	极苦交换
excitatron 6000	惊奇百宝城
exciting alarum	惊奇报警虫
exciting armalcolite	惊奇阿姆阿尔柯尔石
exciting bug	惊奇发条虫
exciting caretaker	惊奇代管机
exciting chocolate mousse	惊奇巧克力慕斯怪
exciting cleaner	惊奇清洁机
exciting curator	惊奇总管
exciting daphnia	惊奇月蚤
exciting droid	惊奇机甲
exciting dynamite	惊奇炸药怪
exciting egg	惊奇茄子
exciting garlic	惊奇蒜头
exciting golem	惊奇巨像
exciting hunter	惊奇猎手
exciting iron claw	惊奇钢铁之爪
exciting lublyn	惊奇矿魔虫
exciting luminare	惊奇泛光晶体
exciting lunatender	惊奇月面仙人刺
exciting mandragora	惊奇蔓德拉战队
exciting mousse	惊奇慕斯怪
exciting naga	惊奇那迦
exciting onion	惊奇洋葱
exciting osculator	惊奇亲吻蛭
exciting panopt	惊奇帕诺普特
exciting queen	惊奇王后
exciting regolith	惊奇月壤
exciting scraper	惊奇刮削机
exciting spinner-rook	惊奇转盘堡
exciting supporter	惊奇协助机
exciting sweeper	惊奇清扫者
exciting thinker	惊奇思考之物
exciting tomato	惊奇番茄
exciting trimmer	惊奇修剪螳螂
exciting wanderer	惊奇彷徨之物
exciting weeper	惊奇叹息之物
excogitation	深谋远虑之策
exconcentrativity	压缩妖气
excretion	粘液
excruciate	磔杀
excruciating equilibrium	要死一起死
excruciation	剧痛
excruciationator	科学万能处刑场
exdeath	艾克斯迪司
execrated thew	活力信徒
execrated wile	狡诈信徒
execrated will	意志信徒
execrated wit	智慧信徒
execration	缩小射线
execrator	执行者
executable	运行程序
execute	处决
execution	处刑
execution chamber	告解之间
execution model	代码读取
execution wheel	月环断
executioner	处刑人
executioner's gallows	缢杀处刑
executioner's gibbet	绞决处刑
executioner's guillotine	断首处刑
executioner's guillotine ready	断首处刑预备
executioner's sword	处刑之剑
executor summons	生成仆从
exegesis	解经
exflammeus	极热炎流
exglacialis	极寒冰川
exhaust	排气
exhausted ego	灯枯的自我
exhibit level iii	第三展示区
exhibit level viii	第八展示区
existential dread	万死的憎恶
exocleaver	外劈
exorcise	驱魔
exoterikos	外纹
exp bonus	经验值加成
expanded attack	范围攻击
expanded royal road	神圣路效果提高（效果范围化）
expansive one	膨胀个体
expecting damselfly	怀卵灯心蜻蛉
expedience	疾风之计
expedient	疾风怒涛之计
expedition base camp	调查队营地
expedition information	讲解员
experimental artifice	创造研究层
experimental ashplume	魔力炼成：暗黑劫火焚天
experimental charplume	魔力炼成：暗之劫火焚天
experimental fireplume	魔力炼成：劫火焚天
experimental gloryplume	魔力炼成：炎暗劫火
expert delivery	筹备稀有品
expiacion	偿赎剑
exploding catapult	投掷炸弹
exploration	探索
exploratory ice hole	调查队冰洞
exploratory site entrance	勘查据点
explosion	大引爆
explosive aether	魔力爆散
explosive chemistry	追踪爆炸
explosive countdown	连续起爆
explosive dehiscence	爆裂
explosive ending	压轴魔法
explosive fists	爆裂拳
explosive flare	核爆弹
explosive force	起爆
explosive frequency	共振大炸裂
explosive hatch	爆炸性孵化
explosive huldu	炸弹爆岩怪
explosive impulse	爆炸性冲击
explosive juggling	杂技炸弹
explosive power	引爆采掘炸弹
explosive pyre	爆炎击
explosive rain	爆弹雨
explosive theorem	魔爆法
explosive turret	冲击炮塔
explosives distribution	炸弹供给
exponential entropy	指数崩坏
expulse	驱除
expulsion	驱逐
exsanguination	断绝斩
extended royal road	神圣路效果提高（效果时间增加）
extensible tendrils	藤条抽打
extension	接发
extermination sequence	抹杀程序
extinction flare	灭绝核爆
extinction impact	消灭冲击
extinguishment	银牙之焰
extractor beam	拖曳光束
extractor beam charged	拖曳光束预备
extraplanar feast	空间灭斩
extraplanar pursuit	空间斩
extrasensory expulsion	念动排斥
extrasensory field	念动力场
extreme caution	慎行警告
extreme edge	加速刃
extreme impact	强震动
extreme wind	业风
extremely bad breath	恶臭气
exultation	鸾翔城
exuviation	蜕皮
eye for an eye	以眼还眼
eye gouge	穿目
eye of gatorl	加托尔之眼
eye of the beholder	眼魔之眼
eye of the chakram	激光战轮
eye of the cyclone	旋风眼
eye of the fierce	猛禽之眼
eye of the fire	惧乱之眼
eye of the gorgon	戈尔贡石眼
eye of the hurricane	霸王飓风
eye of the scorpion	装甲之眼
eye of the slithered	蛙变之瞳
eye of the storm	台风眼
eye of the stunted	缩小之瞳
eye of the thunderstorm	雷电之眼
eye of the tyrant	暴君之瞳
eye of the wildered	混乱之瞳
eye of troia	特罗亚魔眼
eye society	铁鹰战士
eyeclops	孤眼巨人
eyes for you	热情视线
eyes of anguish	苦闷之眼
eyes of the creator	亚历山大之眼
eyes open	开眼
eyeshine	冰冷视线
f-0 switch	色相反转
fabineau the heedless	无心无惭 法比诺
fabled hope	一角兽的愿望
fableflight	幻影炎舞
fabricated singha	复制僧伽
fabulous firecrackers	魔法礼花
face first	面对
face in the crowd	公演观众
face of delight	喜悦的神气
face of the beast	灾兽之面
face of the hero	英雄之相
face of true evil	极恶之人木枯
face of wrath	愤怒的神气
face off	对决
facepalm	捂脸
facet potion	中庸恢复药
facilities	设备管理室
facility dreadnaught	特别警戒恐慌装甲
factor in	因子还原
fade to shadow	潜影
faded footstep	到访之人的遗迹
faded memories	褪色的记忆
faded out	身体高负荷
fading consciousness	意识模糊
fading fast	命脉负荷
fading footsteps	即将毁灭的国都
fading hearth	即将毁灭的行星
fading soul	褪色之魂
fae cloak	妖灵驱散
fae gwiber	仙子玲龙
fae light	妖灵光
fae trap	妖灵陷阱
faerie battle	仙灵战斗
faerie funguar	仙境魔菇
faerie ring	仙女环
faerie road	仙女路
fafnir the forgotten	法芙尼尔
failure of imagination	混沌概念
fair flight	仙女击飞
fair winds to guide	心愿如风随行
faith in her fury	战神的教义
faith unmoving	坚定信仰
faithbound kirin	信仰之麒麟
faithful fisher	认真的渔夫
faithless guard	刻托的守卫
faithlessness	逃逸之罪
fake fuath	水妖玩偶
fake smile	表情：假笑
falcon base	猎隼基地
falcon chaser	猎隼驱逐者
falcon core	猎隼核心
falcon justice	猎隼正义号
falcon magus	猎隼法师人偶
falcon mercenary	猎隼佣兵
falcon oppressor	猎隼压迫者
falcon tank	猎隼坦克
falcon viking	猎隼维京人偶
falcon's nest	隼巢
falcon-blue gobtank	发条蓝色哥布林坦克
fall into forever	沉溺于永久
fall malefic	落陷凶星
fall of belah'dia	贝拉哈迪亚遗迹风格运动设施
fall of faith	罪壤断
fall of man	堕罪
fallen angel	堕天使
fallen grace	降魔弹
fallen kuribu	堕天基路伯
fallen luminion	堕落遗光
fallen mage	阵亡法师
fallen pikeman	阵亡守卫
fallen ring	崩塌的试掘坑
fallen rock	岩石
fallen soldier	阵亡士兵
fallen star	暮色凶星
fallen supplies	掉落的补给物资
fallen tears	流星的泪痕
fallen turali	图拉尔赞比托
fallen wizard	阵亡巫师
fallen xobr'it	白烬浮灵
fallgourd float	秋瓜浮村
falling	自由落体
falling boulder	大落石
falling city of nym	尼姆浮游遗迹风格运动设施
falling dusk	娜玛流星
falling laughter	月剑招来
falling leaves	落叶纷飞
falling nightmare	噩梦降临
falling phoenix	落凤破
falling rock	落石
falling rubble	瓦砾掉落
falling sky	天降
falling star	坠星
falling water	落水
fallingway	落名威
fallow portal	凋零的传送门
false dawn	黎明机动
false demon eye	恶魔义眼
false flame	火仙女的幻影
false genesis	虚无世界
false gigantopithecus	布拉巨猿
false gravity	伪重力
false idol	伪造的神明
false midnight	极夜机动
false moon	伪月
false moonlight	白夜机动
false prayer	伪造的宫殿
false prediction	虚假预言
false spellblade holy	拟造魔法剑·神圣
false temple knight	伪装神殿骑士
false temple knight banneret	伪装神殿骑士枪骑兵
false temple knight chirurgeon	伪装神殿骑士医师
false thunder	伪雷
false twilight	薄暮机动
falsiam mage	法尔夏姆法师人偶
falsiam warrior	法尔夏姆维京人偶
falsifying wall	虚空岩墙
familiar aficionado	使魔爱好者
familiar call	呼唤家臣
familiar male voice	熟悉的青年声音
familiar marauder	很像行会会长的人
familiar temple knight	眼熟的神殿骑士
family outing	家族活动
family ranch	朋友牧场
family ties	莱韦耶勒尔的情谊
famine's harvest	生命繁茂之猛
fan ail	凡·艾尔
fan dance	扇舞·序
fan dance iii	扇舞·急
fan flames	炎扇灯火
fan of flames	火焰浪
fanatic bloodletting	乱刺
fanatic gargoyle	盲信石像鬼
fanatic succubus	盲信梦魔
fanatic vodoriga	盲信石像魔
fanatic zombie	盲信僵尸
fanaticism	盲信
fancy bladework	给我挺住了
fandaniel	法丹尼尔
fang and claw	龙牙龙爪
fang and claw bared	龙牙龙爪预备
fang cage	红牙囚笼
fang of earth	土之牙
fang of fire	火之牙
fang of ice	冰之牙
fang of light	光牙
fang of lightning	雷之牙
fang of water	水之牙
fang of wind	风之牙
fang's end	终牙
fangbound	邪龙之牙
fanged charge	突进光牙
fanged crossing	十字光牙
fanged foundry	磨牙铸工
fanged lunge	尖牙穿刺
fanged maw	回转光牙
fanged muse	尖牙构想
fanged perimeter	回旋光牙
fangs of the br'aax	狞豹的双牙
fangs of the underworld	冥界重光波
fangs of the viper	蝰蛇剑士的使命
fangward dustdevil	前方回旋沙暴
fangward sandspout	前方沙暴
fanning flame	扇火
fanow huntress	法诺的猎人
fanow jaculus	法诺飞翼兽
fanow warder	法诺的看守
fantastical regeneration	再生因子
far afield	遥远之地
far cry to detonate	爆炸声明：远
far east	东方地域
far east of eorzea	东方之地
far eastern onmyoji	东方的阴阳师
far edge	远刃击
far from heaven	天界交叉斩·环
far from home	离乡
far shore shackles	水流链：远
far tide	环浪
far wind	晴岚
far-flung eruption	远冲击波
far-flung fire	生之聚轰
faraway portent	大蛇的魔力：远
farburst	环形爆炸
farmer in need	求助的农夫
farshot	远射
farside regolith	背面月壤
farsight	远见的魔击
fast blade	先锋剑
fast boulder	高速球
fast draw	快速装填
fast thrust	疾刺
fastcast	快速咏唱
fastitocalon	法斯提托卡伦
fat black chocobo	黑色胖陆行鸟
fat cat	猫小胖
fat chocobo	胖陆行鸟
fat dodo	胖渡渡鸟
fat moogle	胖莫古力
fat wamoura	肥胖瓦魔蛾
fatal allure	魔性诱惑
fatal attraction	痴迷
fatal cleave	夺命飞环
fatal current	大感电
fatal fire	全军攻击
fatal flail	致命刺锤
fatal poison	致死恶疾
fatal scream	夺命尖啸弹
fatalism	宿命
fate of the wurm	大蛇的束缚
fate participant	参加危命任务
fate sealed	命运既定
fate's course	奔流
fatebreaker	绝命战士
fatebreaker's image	绝命战士的幻影
fated brand	命运之印
fated burn mark	死爆印
fated circle	命运之环
fated hero	应战β
fated strife besieged	宿命冲突 -防卫战-
fated villain	求战β
fateful words	诅咒的危言
fates unending	万象魔操
father collard's chambers	科拉德菌床
father collard's failings	科拉德排水沟
father of armored dragons	硬龙之首
fattened sarcosuchus	肥胖帝王鳄
fatter cat	猫大胖
fault line	断层线
fault warren	地层穿刺
fault zone	断裂带
faultfinder	求疵小鬼
faunal figure	召唤动物
faunehm	法乌涅姆
faustlet	迷你浮士德
faux hollows	幻巧拼图
fawning peiste	温顺的毒蜥蜴
fawning raptor	温顺的盗龙
fawning wivre	温顺的犀蜴
fear gorta	饥饿之灵
fear itself	恐惧迷雾
fear of death	死之恐惧
fearful boy	受到惊吓的少年
fearful girl	受到惊吓的少女
fearless	勇气
fearless fawn	菲尔莱丝·冯
fearsome facet	幻影晶石
fearsome fireball	大火
fearsome flotsam	凶水之楔
fearsome fracture	大炸裂
fearsome glint	裂魄惊芒爪
feast of the ladies	淑女的盛宴
feasting grounds	狼狱演习场
feasting hall	卫兵食堂
feasting hall gate	食堂大门
feat of the brotherhood	友之试炼
feather breeze	飞羽清风
feather field	鸟羽结界
feather flea	羽毛跳蚤
feather marionette	羽制傀儡
feather of despair	绝望的羽毛
feather of ruin	艳羽
feather of the winged	妖鸟之羽
feather rain	飞翎雨
feather ray	羽环鳐
feather shots	羽毛射击
feather squall	狂风暴羽
feather wind	风羽
featherbrained	叽叽喳喳
feathercut	飞羽斩
feathered rainbow	彩虹鸟
featherfall	落羽商业区
featherfoot	飘羽步
featherglide	强袭滑空
feathergust	暴羽突风
featherlance	羽枪
feculent flood	污泥泼洒
federation of windurst	温达斯联邦
feeding call	飨宴之吼
feeding frenzy	狂食
feeding pit	饱食的前堂
feeding time	献上养分
feelin hot	热量上升
feint particle beam	潜地式波动炮
feinted cavalier piece	奇子·游侠骑士的幻影
felicitous fuzzball	猫耳小小员
fell beast	末日野兽
fell cleave	裂石飞环
fell confluence	强魔击
fell court of troia	特罗亚宫廷
fell firework	黑火花
fell flow	污浊奔流
fell forces	魔击
fell gale	咒风
fell lightning	污浊的雷球
fell spark	黑火
fell swipe	邪恶冲
fell swoop	迅雷风烈波
fellbite peiste	丘陵毒蜥蜴
fellhunter's venom	连闪双锐牙
fellruin trio	灾厄的三重奏
fellskin's venom	乱闪双锐牙
felyne support team cart	猫车
femme fatale	红颜祸水
fenrir pup	芬里尔幼崽
ferae domitae blade-wolf	狼人连队刀术士
ferae domitae bow-wolf	狼人连队弓术士
ferae domitae spear-wolf	狼人连队枪术士
feral charge	野性冲锋
feral croc	野生巨鳄
feral dodo	野生渡渡鸟
feral fission	野性分裂
feral howl	野性嚎叫
feral leap	猛扑
feral lizard	野生蜥蜴
feral longjaw	野生巨颚蜥
feral lunge	急袭
feral peck	野性连啄
feral rail	野生秧鸡
feral thrall	被迷惑的猛虎
ferdiad	弗迪亚
ferdiad hollow	虚空弗迪亚
ferdiad's fool	弗迪亚小丑
fermata	延音
fern flower	蕨花
fernehalwes	悬赏魔物：遥圣之眼弗恩哈沃思
ferocious ferrobeast	磁岩兽
ferocious fore carve	前方猛袭乱流
ferocious forehand	凶残正打
ferocious fuath	凶猛的水妖
ferocity	强袭
ferostorm	凶猛风暴
ferrofluid	磁石
ferromantoise	精铁龟
ferry docks	渡轮码头
fertile ground	多产的土壤
fertile plains	丰饶之地
fervid impact	狂热冲击
fervid limbo	万魔殿边境下层
fervid pulse	炙热脉冲
fervid surge	大火球
fervor enhancement	信仰增幅区
fesca's wash	菲斯卡冒险者营地
fesca's watch	菲斯卡瞭望台
festal cant	魔咒
festina lente	从容不迫
festive mortar	发射筒
fetching fighter	纤细的斧术师
fetching fulgence	魅惑之光
fetid faerie	恶臭仙蝇
fetid fang	恶臭尖牙
fetter ward	隔离罩
fetters	拘束
fever reversed	热火的命运：逆位
fevered flagellation	热情鞭笞
fevered flame	烈焰缠身
fevered pitch	极度狂热
fey blessing	异想的祥光
fey caress	异想的柔光
fey covenant	异想的盟光
fey fire	妖炎
fey glow	异想的炽光
fey illumination	异想的幻光
fey light	异想的辉光
fey union	异想的融光
fey wind	异想的流光
fibrous psammead	盘丝赛米德
fictitious flood	幻影水灾
fiebras the dull	死脑筋 费布拉斯
field generator	结界发生装置
field mastery	环境探知
field mastery iii	环境探知III
field medicine	治愈术
field of ash	灰烬荒野
field of dust	破乱的广场
field of scorn	厄运冲击
field of soot	硝烟荒野
field operations	特殊场景探索
fields of amber	琥珀原
fields of glory	荣誉野
fields of gold	金涡水田
fiendish lantern	退魔提灯
fiendish orbs	追踪
fiendish rage	魔神之怒
fiendish wail	魔神之叹
fierce and free	残忍与自由
fierce beating	激烈捶打
fierce picket	站岗的战士
fierce wind	龙卷
fiercest fang	凶猛之牙
fiery bauble	火之辉石
fiery breath	烈火吐息
fiery conception	火灵的概念
fiery crossroad	燃烧路口
fiery edge	烈火刃
fiery epigraph	碑文火炎
fiery expiation	狱炎
fiery fury	怒焰
fiery portent	热浪术
fiery rampage	燃火狂怒
fiery sneeze	烈焰喷嚏
fiery star	红色天体
fifth blade	第五刃区
fifth chakra	斗气V
fifth element	阴阳五行
fifth floor	5层
fifth sluice	第五闸区
fifth story	五堂塔上层
figaga's gift	斐加加大水车
figgy pudding	映日软糊怪
fight or flight	战逃反应
fighter's flourish	断锁剑
fighters of the crystal	水晶战士
fighting spirits	般若汤
fighting vulture	战斗兀鹫
figments	虚构
filoplumage	绒毛羽
filoplumes	毛羽
filthy bodyguard	肮脏的保镖
filthy shackle	咒链
fin rays	鳞鳍射线
final apocalypse	终极末世宣言
final appraisal	最终确认
final art	绝剑风雷妖
final bastion	女王之盾
final battle	最终之战
final beam	终极巨型光束炮
final chorus	灭绝之诗
final curtain	皇家歌剧场
final day	尽头的终点
final decree nisi a	最终判决α
final draw	究极抽取
final ease	旅人安息所
final exaltation	灰烬豪焰
final exam	期末考试
final exercise	最终训练
final fantasia	英雄的幻想曲
final flight	最终风葬
final flourish	最终一击
final formation	全军列队
final fusedown	零式导火线爆弹
final heaven	最终天堂
final hourglass	死亡沙漏
final liberation	光焰【灭】
final prayer	最终祈祷纪念地
final punch	终极双重火箭飞拳
final punishment	最终体罚
final sentence	死刑判决
final sky	末日流星
final song	最后之歌
final steps of faith	尼德霍格征龙战
final sting	终极针
final verification	最终检测区
final verse	卓异的悲寂歼灭战
final word	终审判决
final yip	临终嚎叫
finale fatale	致命的闭幕曲
finality	终局
find the flame	寻火
finders bluff	山人岩穴
findertype magitek vangob g-iii	3号哥布林装甲F型
findingway	探明威
finish line	终点
finisher	必杀
finishing fervor	必杀强化
finishing move	结束动作
finishing move ready	结束动作预备
firaga forte	强音爆炎
fire aether	火属性以太
fire alchemy	魔力操纵：火
fire and brimstone	无尽狱火
fire and fury	兽焰连尾击
fire and lightning	雷火一闪
fire and moonstone	熊熊火炎
fire angon	火投枪
fire arcanum	炎天奥秘
fire arrow	火矢
fire arts	喷火杂技
fire away	扫射命令
fire beam	火焰光束
fire blade	火魔剑
fire blast	火焰冲击
fire bomb	火焰弹怪
fire brand	炎帝十文字
fire break	烈焰破
fire breath	火焰吐息
fire burst	烈火晶球炸裂
fire call	火球生成
fire charged	魔法储存：爆炎
fire control system	武器火控系统
fire convergence	非火反射
fire devil	火焰
fire dust	火尘
fire familiar	火焰守护精
fire fighter	烧毁装置
fire flies	焰之风
fire homunculus	人造火元素
fire iii	爆炎
fire in red	火炎之红
fire loaded	火属性充填
fire magick	火魔法
fire of victory	升火
fire pellet	火弹
fire powder	爆炸粉
fire resistance down	火属性耐性降低
fire resonance	红莲神髓
fire shot	燃烧弹
fire silver coblyn	火银矿爬虫
fire sphere	烈火晶球
fire sphere prime	融合烈火晶球
fire spin	野蛮旋火
fire spread	喷火
fire sprite	火元精
fire squall	狂风烈火
fire tackle	红莲罗刹冲
fire toad	火蛙
fire toss	投射火焰
fire trap	火炎陷阱
fire weakness	看穿弱点：火
fire well	重火
fire whirl	火灾旋风
fire's domain	炎狱杀
fire's ire	炎狱闪
fire's reply	乾坤斗气弹
fire's rumination	乾坤斗气弹预备
fire-resistance test	耐火焰检测
firearms	重装大岩兵
fireball	火球
firebird	凤凰
firebird trance	不死鸟附体
fireblossom flare	火花升腾之术
firebomb	火焰弹
firebreathe	岩浆吐息
firecracker shower	爆竹雨
firedamp	沼气
firedrake	烈火火蛟
firedrone exterminator	火兵根除者
firedrone scout	骨颌火兵侦察员
firedrone sniper	骨颌火兵狙击手
firedrop blast	热火弹
firefall splash	落火飞溅
fireflight	炎舞
fireflight by emberlight	火粉炎舞
fireflight by pyrelight	集火炎舞
fireflood	烈火弹
fireflow	火流
firefly	萤火虫
fireglide	滑空强袭
fireglide sweep	连续滑空强袭
firehorn	火角
firelight's coffin	冷灰大洞
firemane	炽热火丛
firemeld	炎魔冲
firemire	火焰漩涡
fireplume	劫火焚天
fires of mt gulg	格鲁格之火
firesand keg	火药桶
firescorched	火角
fireshower	连火弹
firesnaking	火蛇夺浪
firesphere	烈火晶球
firespit	小火球
firestarter	纵火
firesteel fracture	石火豪打
firesteel strike	石火豪冲
firestone golem	涌火宝石巨像
firestorm	火焰流
firestorm cycle	冲击脉冲
firestorms of asphodelos	边境火焰风暴
firestream	火焰流
firestrike	重火炮
firewalker	火种漫步
firewall	防御程序
firewater	火水
fireworks	焰火嘉年华
firing chamber	耐热实验场
firing orders	请求炮击
firkins	小桶炮群
firmament	天穹街
firmament boy	天穹街的男孩
firmament foreman	联合重建工程的现场监督
firmament girl	天穹街的女孩
first aid	急救
first battlehorn	一号兽笛
first beast	第一之兽
first blade	第一刃区
first bloom	新芽玄关
first blush	月闪
first brand	第一咒印
first central ring	中层底部
first chakra	斗气
first column	第一桥柱
first daughter	长女蛛
first demiurge	信徒其一
first doom	第一之灾难
first drop	地下1层
first flame	第一火焰咒印
first floor	1层
first form	壹之体势
first generation	祖灵之牙一式
first in line	第一目标
first legacy	祖灵之蛇一式
first lesson	惩戒铁链
first level	1层
first light	黎明灿星
first line	第一防线
first lower ring	下层底部
first master's board	斗兽奇弈高段 第一盘
first mate haerstymm	荷尔修缇姆大副
first mercy	慈悲四刀第一念
first mountain	塞尔法特尔山麓
first platform	第一区
first rambade	第一舷梯门
first sluice	第一闸区
first song	初始之歌
first strike	先发制人
first ward	（仮）第１障壁
first worm	大沙虫的遗骸
first-generation monoceros	第一代一角兽
firstminds focus	天龙眼
fish basket	装满的鱼笼
fish eyes	鱼眼
fish out of water	急袭
fish-filled basket	装有鱼的鱼笼
fisher's intuition	捕鱼人之识
fisherman's bottom	网仓
fisherman's son	渔夫的儿子
fishermen's guild	捕鱼人行会
fission chamber	强硬电火花预备
fist bump	对拳
fist of judgment	审判左拳
fist of the father	戈耳狄俄斯之拳
fist of the son	弥达斯之拳
fist of wrath	愤怒右拳
fist pump	振作精神
fists of earth	金刚体势
fists of fire	红莲体势
fists of rage	重拳波
fists of wind	疾风体势
fit for a queen	神佑女王
five-fingered punishment	五行山
five-headed dragon	五头巨龙
fivefold blast	五重加农炮
fivefold fallout	冲波五连斩
fixed sign	不动宫
fizzling duster	电气除尘
fizzling suds	电气泡泡
flabbergasted farmwife	束手无策的农妇
flagrant combustion	赤热爆烟
flagrant fire	呼啦啦爆炎
flagrant fire iii	呼啦啦爆炎
flagrant spread	淤泥四溅
flagship	阿济兹拉旗舰岛
flagship landing	旗舰停泊地
flail smash	重锤碎击
flailing strike	回转乱打
flailing tail	尾部抽打
flailing tentacles	触手轰击
flambeau	烈火弹怪
flame and sulphur	岩火招来
flame arrow	烈焰箭
flame barracks	恒辉队军营
flame blade	火焰剑
flame blast	烈焰十字爆
flame breath	火焰吐息
flame burst	火焰爆发
flame cannon	恒辉队大炮
flame commander swift	斯威夫特正耀校
flame conjurer	恒辉队幻术师
flame dance	火焰之舞
flame dragon	炎龙
flame floater	浪顶炽火
flame general aldynn	劳班
flame gladiator	恒辉队剑术师
flame hammer	烈火锤
flame hatchling	恒辉队巧儿陆行鸟
flame landing	恒辉队阵营
flame lieutenant nonoku noku	诺诺库·诺库副耀尉
flame of ruin	破灭的白炎
flame officer	恒辉队士官
flame outpost	恒辉队前哨
flame personnel officer	恒辉队人事负责人
flame petty officer	恒辉队下级士官
flame private	恒辉队二等耀兵
flame private crispin	克里斯平上等耀兵
flame pugilist	恒辉队格斗家
flame quartermaster	恒辉队补给负责人
flame recruit	恒辉队兵卒
flame rune	火之符文
flame salute	恒辉队军礼
flame scout	恒辉队侦察兵
flame scroll	火遁之术
flame sergeant	恒辉队副耀士
flame sergeant dalvag	永恒不灭的菲兰德副耀士
flame sergeant denise	蒂妮丝副耀士
flame shiver	忏悔之火
flame slash	火焰斩
flame sphere	火焰晶球
flame thaumaturge	恒辉队咒术师
flame thrower	火炎放射
flame veteran	恒辉队老兵
flame voidragon	虚无炎龙
flame warsteed	恒辉战马
flame wreath	火焰花冠
flame zonure	火焰缠尾蛟
flame's fantasia	热腾腾的火洞
flame-kissed beacon	火之征兆
flameborn	火焰分身
flameborne zirnitra	火焰札尼尔查妖蛇
flamecrest afajj koh	流火印 阿法基·天
flamedive	烈焰俯冲
flamedrake	烈焰火蛟
flamedrinker	饮火魔
flamefang archer	炎牙弓箭手
flamefang commander	炎牙指挥官
flamefang elite	炎牙精英
flamefang lancer	炎牙枪术师
flamefang pugilist	炎牙格斗家
flamefang ravager	炎牙破坏者
flameflow	烈炎流
flameforge	烈焰汇聚
flamerake	烈火赤灭爪
flames fork	通往圣战的歧路
flames meet	十字狱炎波
flames of ascalon	阿斯卡隆之焰
flames of asphodelos	边境火焰
flames of bozja	博兹雅火焰
flames of decay	绝望之炎
flames of eventide	黒竜炎
flames of fury	狂怒的火焰
flames of hate	怨念之火
flames of hatred	憎恶之火
flames of passion	爱之火
flames of rebirth	转生之炎
flames of the apocalypse	烈火启示
flames of the dead	死之炎环
flames of undeath	返魂之炎
flames of unforgiveness	炼狱之燎火
flames revelation	烈焰天启
flamesent	炎妖
flameshadow	影烈火
flamespire	炀火
flamespire brand	炀火之咒
flamespire claw	炀火武爪
flamespitter	唾火
flamethrower	火焰喷射器
flamethrower flames	火焰喷射器
flameviper	炎蛇炮
flaming arrow	烈火箭
flaming beacon	燃烧的圣火台
flaming crush	烈焰碎击
flaming cyclone	烈焰旋风
flaming epigraph	碑文烈焰
flaming halberd	焚身炎戟
flaming rain	火雨
flaming recoil	火焰反冲
flaming shot	火焰弹
flaming sword	回转火焰剑
flaming tizona	提佐纳火焰
flamingo	红鹳
flamisphere	火焰球
flan piece	奇子·甜羹怪
flanborg	机械软糊怪
flank cleaver	侧面剁肉刀
flank fulguration	王权闪光
flanksbane fang	侧裂獠齿
flanksbane venom	侧裂锐牙
flanksting strike	侧击獠齿
flankstung venom	侧击锐牙
flare breath	核爆吐息
flare dampening	拘束装置
flare nova	核爆灾祸
flare of condemnation	狱炎火击
flare of happiness	开心信号弹
flare play	怒不可遏的核爆
flare sphere	核爆球
flare star	耀星
flarethrower	大火炎放射
flaring epigraph	碑文核爆
flash evaporation	熔岩吐息
flash fire	闪光炎
flash flood	洪水闪
flash foehn	闪光突风
flash freeze	全面冻结
flash gale	闪光风
flash in the dark	暗天雷光
flash of steel	斗士波动
flash powder	闪光粉
flash torrent	闪光雨
flash-freeze	冻天击
flashback	闪回
flashover	闪燃
flashthoom	震撼弹
flashvane	闪光箭
flat blade	平直剑
flat-footed opken	平足欧浦肯
flatland fury	大地的愤怒
flatliner	绝命分断击
flatten	跺脚
flauros	佛劳洛斯
flauros piece	奇子·佛劳洛斯
flavien's arm	对龙弩炮弗拉维安
flavors of the heart	爱是绝佳的秘密调味库啵
flawed naga	缺陷那迦
flawed shabti	缺陷沙布提
flawless bubble	完美水球
flawless chimera	完美奇美拉
flawless empuse	完美疫虫
flawless naga	完美那迦
flaying flail	断罪的铁球
flaying fry	剥蚀的低嗓
fledged rattler	响尾箭
fledgling apkallu	幼碧企鹅
fledgling dodo	渡渡鸟雏
fledgling flight	群鸟飞翔
fledgling fury	天罚石块
fledgling of ligaka	虹彩幼鸟
fleece butt	冲撞
fleet thrust	迅猛刺
fleet-footed	部队特效：城内冲刺时间延长
fleetfooted	架招疾行
fleeting edge	斩击
fleeting eternity	转瞬
fleeting iai-giri	迅步居合斩
fleeting impulse	闪现脉冲
fleeting moment	转瞬即逝
fleeting raiju	月影雷兽牙
fleeting raiju ready	月影雷兽牙预备
fleeting rays	一瞬的光彩
fleeting spark	烈火旋扫
fleeting spirit	黄金狐的鬼火
fleeting summer	翼宿击
flesh back	爆风细胞：后
flesh forward	爆风细胞：前
flesh wound	切伤
flesh-boiling punishment lake	地狱赤炎汹涌回转
fleshbuster	戮肉
fleshfly swarm	肉蝇群
fleshless captive	幽灵囚徒
fleshripper	撕肉
fleshy member	触手
fleshy necromass	不净压杀
fleshy pod	小口花苞
fletcher's cabin	猎人小屋
flexiclaw	潜地爪
flibbertigibbet	小小捣蛋鬼
flickering flame	怪火招来
flight of the griffin	狰猛的狮鹫
flight of the luwatena	猛雕的旋风
flight of the malefic	魔王之翼
flight path	突击机动
flight unit	飞行装置
flinging charge	轻快冲
flint strike	爆裂脚
flint's reply	斗气弹
flinted foehn	焚风箭
flintlock	火炮
flintshell	硬壳蟹
flip to a-side	放入A面
flip to b-side	放入B面
floater turn	浮空回旋
floating city of nym	尼姆浮游遗迹
floating eye	浮游之眼
floating fetters	浮游拘束
floating pass	开拓的山路
floating snapweed	游荡捕捉草
floating turret	气球炮塔
flock frenzy	狂乱指令
flock of souls	附魂
flood cellar	地下1层
flood conditions	大水
flood dragon	水龙
flood in blue	洪水之蓝
flood of darkness	黑暗泛滥
flood of emptiness	暗之泛滥：暗黑天空
flood of naught	无之泛滥
flood of obscurity	暗之泛滥：暗黑森林
flood of pollution	污染大浪
flood of shadow	暗影波动
flood ray	泛光射线
flood worm	洪水巨虫
floodlight	泛光灯
floodstide	潮水涌动
floor mandrill	地山魈
floorclaw sahagin	滨爪鱼人
floorscale sahagin	滨鳞鱼人
floorspine sahagin	滨棘鱼人
floortooth sahagin	滨齿鱼人
flora mastery	植被专精
flora overseer	负责植物的观察者
floral bouquet	芳香
floral figure	召唤植物
floral haze	魅惑的叶花
floral trap	鲜花陷阱
florentel's spire	弗洛朗泰尔哨塔
flounder	挣扎
floundering in the depths	潜伏于沙
flounders floor	鳎沙地窖
flourish	百花争艳
flourishing bow	盛装致敬
flourishing cascade	逆瀑泻预备
flourishing charge	草木丛生
flourishing fan dance	扇舞·急预备
flourishing finish	提拉纳预备
flourishing flow	非对称投掷·百花争艳
flourishing fountain	坠喷泉预备
flourishing saber dance	剑舞预备
flourishing shower	落血雨预备
flourishing starfall	流星舞预备
flourishing symmetry	对称投掷·百花争艳
flourishing windmill	升风车预备
flow of the abyss	深渊激流
flow together	众生如归流
flower basket	花束篮筐
flower devour	狼吞虎咽
flower motif	花朵彩绘
flower shower	花雨
flower wespe	鲜花胡蜂
flowering cactuar	开花仙人掌
flowering gigantender	开花巨人掌
flowering lunatender	开花月面仙人刺
flowering sabotender	开花仙人刺
flowering witchweed	怒放独脚金
flowertender amirah	埃米拉仙人花
flowertender piece	奇子·仙人花
flowing lance	水枪
flue bridge	烟管桥
fluff ruffler	攻其不备库啵
fluffcourt	蓬松庭院
fluid aura	水流环
fluid ball	流体球
fluid claw	流体之爪
fluid convection	流体对流
fluid dynamic	流体动力
fluid flare	流体核爆
fluid soul	液态灵魂
fluid spread	流散
fluid strike	流体强袭
fluid swing	流体摆动
fluid toss	投射水弹
fluke gale	鲸尾突风
fluke typhoon	鲸尾台风
flume toad	渡槽蟾蜍
flummoxed farmhand	困惑的农民
flummoxed fisher	惊慌失措的渔夫
fluorescence	萤光
flurry of rage	激怒的连击
flustered fisher	慌张不安的渔夫
flustered fisherman	慌张不安的渔夫
flutter	颤动
flutterfall	羽落如雨
fluturini	浮蝶
flux flan	熔体软糊怪
fly agaric	毒蝇伞
flyblown failure	肮脏的失败品
flyblown praefectus	黑铠甲帝国阵营官
flying bream	飞鱼
flying carpet	魔法绒毯
flying chair	飞行座椅
flying cumulus	筋斗云
flying fist	大力拳
flying fount	飞泉
flying frenzy	狂乱
flying high	气势高昂
flying killer	飞行杀手
flying mount roulette	随机飞行坐骑
flying popoto	飞天新薯
flying press	飞跃重压
flying sardine	投掷沙丁鱼
flying shark	飞鲨
flying trap	陷阱草
fo'c'sle	船首楼
foaming croc	泡沫巨鳄
foaming goobbue	泡沫古菩猩猩
foaming wolf	泡沫白狼
foamy fetters	气泡凝集
focalization	精神统一之策
focus inferi	焦炭烤箱
focused tremor	局部地震
foe requiem	魔人的安魂曲
foe splitter	劈裂
foerzagyl	福尔扎吉尔
fog basilisk	迷雾石蜥蜴
fog of phantom	幽幻夜雾
fog plume	放射雾
fogfens	迷雾湿地
folding flare	神火十字
fond farewells	各自的旅程
fons manalis	冥魂泉
font of devotion	关爱泉
font of earth aether	土以太块
font of earthly treasures	后巷庭院
font of maya	摩耶幻泉
font of paths aplenty	中央广场
font of quintessence	春水涌泉
font of wind aether	风以太块
fool falls	愚者瀑布
fool's figure	幻觉：自我变异
fool's gambit	幻惑术
fool's rest	愚者大厅
fool's tightrope	幻觉：独木桥
fool's tumble	坠落幻觉
foot graze	伤足击
footfalls	足迹谷
footman piece	奇子·发条步兵
footprint	践踏
footsteps in the snow	雪上的足迹
footwork	步法
for honor	战死击
for hope and happiness	为了守护笑容
for'ard cabins	船头小屋
foraging doe	雌觅食羚羊
foraging stag	雄觅食羚羊
forbidden arts	刀禁咒
forbidden chakra	阴阳斗气斩
forbidden crystal peddler	采取结晶的鼹灵族
forbidden factor	禁忌因子
forbidden fruit	生命之果
forbidden gate	禁忌之门
forbidden meditation	阴阳斗气
forbidden passage	无法传送
forbidden seal	禁忌的封印
forbidden tome	禁书
forborn beast	后天野兽
force against magic	魔抗力场
force against might	物抗力场
force field	力场
force of loathing	憎恶波动
force of nature	大压杀
force of restraint	节制辉煌
force of the land	大地之轰
force of will	妖气解放
force quit	强制结束
forced march	强制移动
forced transfer	强制传送
forced withdrawal	强制归还
forceful impact	大震动
forceful strike	刚力一击
forcible difreeze	强制二分玄冰
forcible failure	术式崩坏
forcible fire iii	强制爆炎
forcible trifire	强制三分火炎
fordola lupis	芙朵拉·卢普斯
fordola rem lupis	芙朵拉·雷姆·卢普斯
fore and aft	前后双斩
fore arms	前方扫荡
fore arms 2.0	零式前方扫荡
fore carve	前方乱流
fore honor	前方炎剑闪
fore interment	前葬
fore-hind cannons	前后齐射
fore-hind folly	纵断击
fore-to-aft fire	前后齐射
forearming	前方剑闪
foreboding aether	负能量以太体
foreboding aura	负能量
foreboding fluffery	哈气
foreboding statue	灾兆魔像
foreburst	远程爆破
forecast	天气预报
forecaster	天气预报机器人
forecastle	低层
forecourt	悲愤的前庭
forefather	爆弹之祖
foregone fatality	夺命链
foregone gleam	太古目光
foregone oasis	先驱者绿洲
foreign merchant	异国出身的商人
forelands hippocerf	参天骏雕
forelash	前尾刃
foremast	前桅塔
foreseen flurry	天罚飞石
foreseen offense	先手必胜
foreseer k'lyhia	先知 克·莉霞
foreshadowing	预示
foresight	预见
forest axe beak	丛林斧喙魔鸟
forest bat	丛林蝙蝠
forest echo	回声
forest fire	森林火灾
forest flamingo	丛林红鹳
forest funguar	丛林魔菇
forest hare	丛林兔
forest heritage	森林圣域
forest woolback	丛林鬃背兽
forest yarzon	丛林盲头蟹
foretold phenomenon	预言现象
forever lost	永远的离别
forevermore	以津真天
foreward blaster	前向冲击波
forgall	弗加尔
forged fury	护龙乱击
forged in crimson	魂火铸就
forged track	利刃冲
forget-me-nogg gardens	好脑袋庭园
forgiven adulation	得到宽恕的奉承
forgiven ambition	得到宽恕的奢望
forgiven apathy	得到宽恕的冷漠
forgiven arrogance	得到宽恕的傲慢
forgiven attachment	得到宽恕的依恋
forgiven bribery	得到宽恕的贿赂
forgiven clamor	得到宽恕的喧哗
forgiven complacency	得到宽恕的自满
forgiven conceit	得到宽恕的自负
forgiven conformity	得到宽恕的盲从
forgiven contempt	得到宽恕的轻蔑
forgiven contention	得到宽恕的主见
forgiven corruption	得到宽恕的腐败
forgiven cowardice	得到宽恕的懦弱
forgiven cruelty	得到宽恕的残忍
forgiven deceit	得到宽恕的欺骗
forgiven disobedience	得到宽恕的违命
forgiven dissention	得到宽恕的争执
forgiven dissonance	得到宽恕的失调
forgiven doubt	得到宽恕的疑念
forgiven emulation	得到宽恕的模仿
forgiven enmity	得到宽恕的憎恨
forgiven extortion	得到宽恕的勒索
forgiven flattery	得到宽恕的谄媚
forgiven folly	得到宽恕的蠢笨
forgiven gossip	得到宽恕的流言
forgiven grudge	得到宽恕的怨恨
forgiven hate	得到宽恕的仇恨
forgiven hesitance	得到宽恕的踌躇
forgiven hypocrisy	得到宽恕的伪善
forgiven ignorance	得到宽恕的无知
forgiven imparity	得到宽恕的不公
forgiven indecency	得到宽恕的卑劣
forgiven insult	得到宽恕的侮辱
forgiven intolerance	得到宽恕的狭隘
forgiven jealousy	得到宽恕的妒忌
forgiven mimicry	得到宽恕的拟态
forgiven mischief	得到宽恕的捉弄
forgiven mockery	得到宽恕的嘲笑
forgiven naivety	得到宽恕的天真
forgiven obscenity	得到宽恕的猥亵
forgiven pedantry	得到宽恕的炫学
forgiven perversion	得到宽恕的背德
forgiven petulance	得到宽恕的暴躁
forgiven plague	得到宽恕的疫病
forgiven prejudice	得到宽恕的偏见
forgiven profanity	得到宽恕的不敬
forgiven rebellion	得到宽恕的叛乱
forgiven reticence	得到宽恕的沉默
forgiven revelry	得到宽恕的放纵
forgiven riot	得到宽恕的暴动
forgiven shame	得到宽恕的耻辱
forgiven slander	得到宽恕的诋毁
forgiven spite	得到宽恕的恶意
forgiven thievery	得到宽恕的偷窃
forgiven treachery	得到宽恕的背信
forgiven unbelief	得到宽恕的怀疑
forgiven vainglory	得到宽恕的虚荣
forgiven vanity	得到宽恕的虚夸
forgiven venery	得到宽恕的情欲
forgiven violence	得到宽恕的暴力
forgiven voracity	得到宽恕的贪食
forgiven whimsy	得到宽恕的无常
forgiven zeal	得到宽恕的热忱
forgotten arena	古代斗技场
forgotten by the sun	落日遗迹
forgotten campeador	忘却勇士
forgotten cliffmole	忘却壁崖鼹鼠
forgotten dhara	忘却陀罗
forgotten drakebrother	忘却火蛟长兄
forgotten drakefather	忘却火蛟父亲
forgotten drakeling	忘却火蛟幼子
forgotten drakemother	忘却火蛟母亲
forgotten drakesister	忘却火蛟次女
forgotten footfalls	被遗忘的行路
forgotten forecourt	花园前庭
forgotten knight	忘忧骑士亭前（圣瓦勒鲁瓦扬广场）
forgotten ovibos	忘却麝牛
forgotten phoebad	忘却弗巴德
forgotten revenant	忘却亡魂
forgotten sabotender	忘却仙人刺
forgotten sanctum	被遗忘的神殿
forgotten spider	忘却蜘蛛
forgotten springs	遗忘绿洲
forgotten wisent	忘却野牛
forgotten wraith	忘却幽灵
forked fissures	惊电裂隙
forked fury	两歧之怒
forked lightning	叉形闪电
forked raiju	月影雷兽爪
forlorn	迷失者
forlorn glory	涅尔瓦的帝国
forlorn impact	绝望冲击
forlorn maiden	迷失少女
forlorn stone	土之狼吼
forlorn wind	风之狼吼
form shift	演武
formation alpha	第一阵型
formation beta	第二阵型
formation gamma	第三阵型
former eulmoran soldier	目光锐利的无赖
formic pheromones	蚁酸信息素
formidable	畏惧装甲
formidable foper	强力弗帕
formless fist	无相身形
formless judgment	天罚波动
formula case	成长剂补给箱
formula diffuser	成长剂喷洒器
forneus	弗内乌斯
forsaken	遗弃末世
forsaken fount	魔力球
forsaken haze	烟岚废路
forsaken ruins	舍弃遗迹
forsaken soul	遗弃之魂
forsworn promise	密约大堂
fort gohn	戈恩要塞
fort jobb	乔布要塞
fortemps blade	福尔唐之剑
fortemps manor	福尔唐伯爵府
fortified recuperation	强痊愈宣告
fortius	更强
fortress of lies	谎言之城
fortress praesidium	魔导要塞的指挥官
fortune's flux	命运变迁
fortune-blade sigil	阳之刀印
forum floricomum	花冠广场
forum messorum	收割广场
forum patens	开放广场
forum solius	索鲁斯广场
forward barrage	正面火力
forward bearing	变换方向：前
forward cannon	攻击
forward complex	舰首构造群
forward deck	前部甲板
forward edge	前向斩
forward fulguration	王权闪光
forward gates	前门
forward guard	前线护卫
forward half	前跃半身残
forward implosion	前向心聚爆
forward interceptors	前方迎击火箭
forward kick	前踢
forward laser	魔导激光
forward march	移动命令：前
forward omen	转向准备：前
forward port ventilator	左舷后部换气室
forward ring	袖环前部
forward shadow implosion	影·前向心聚爆
forward whimsy	反复无常：前
forward with thee	强制传送：前
fossil dragon	龙化石
fossilshell	古壳蟹
foul apa	秽浊阿帕斯
foul bite	纠缠咬
foul breath	污浊吐息
foul dagon	秽浊大衮
foul echo	病毒回声
foul nail	巫婆魔爪
foul river hapalit	秽流哈帕利特
foul waters	污水
foul-tempered chicken	发狂的小鸡
foulques	富尔克
foulques of the mist	云水枪 富尔克
found wanting	大断罪
foundation	伊修加德基础层
foundation framework	基础区域外框
foundation sector	基础区域
foundational debris	崩坍
founder's crypt	卫士军墓
founder's deck	旗舰中枢
fountain	喷泉
fountain of death	灵泉之波动
fountain of fire	灵泉之炎
fountain of life	灵泉之气息
fountainfall	坠喷泉
four arms	四臂广场
four elements	四元素
four parts resolve	四连断重击
four sisters	姐妹丘
four star	四雷星
four winds	风来剑
four-crossed memory	猫生九命：四连
four-eyes	四眼怪
four-point fury	四面脚
four-sided circle	曼德维尔金碟游乐场
four-swipe memory	猫生九命：四重
four-way fireball	四向回旋火
fourchenault	富尔什诺
fourfold attack order	四连攻击命令
fourfold blast	四重加农炮
fourfold blight	青之四重波
fourfold fan dance	扇舞·终
fourfold fires	四重火炎风暴
fourfold flame	四重爆炎
fourfold sacrifice	牺牲之四战士
fourfold shackles	结咒四连魔锁
fourfold shear	四连双斩
fourfold suffering	四苦之歌
fourfold-come ruin	破灭之印：肆
fourpenny inflation	四币咒爆风
fourth blade	第四刃区
fourth brand	第四咒印
fourth chakra	斗气IV
fourth flame	第四火焰咒印
fourth floor	4层
fourth generation	祖灵之牙四式
fourth in line	第四目标
fourth legacy	祖灵之蛇四式
fourth mercy	慈悲四刀第四念
fourth platform	第四区
fourth royal casern	第四禁军兵舍
fourth season	四重青之波潮
fourth sluice	第四闸区
fourth spire	第四塔基
fourth ward	（仮）第4障壁
fourth's fortis	第四军团式强壮剂
fourth-wall fusion	细胞轰炸
fowl stench	禽臭
fox fire	狐火爆弹怪
fox kit	小妖狐
foxfang	妖狐之牙
foxfire	狐狸出嫁
foxflare	狐火
foxglove	毛地黄
foxshot	狐步舞
fractal continuum	无限回廊
fracture	碎骨打
fractured ego	破碎的自我
fractured eventide	黑龙闪
fractured mana idol	发狂的魔力石偶
fractured mettle	龟裂的防御
fraelissa	弗蕾丽莎
fragility	人生短暂
fragment of fate	未来的碎片
fragment of memory	记忆的碎片
fragments of forever	永远的碎片
fragor maximus	极大爆炸
fragrant chamber	芳香堂
fragrant forest	鼻根竹林
frameworker	框架工作员
franz the fair	美貌剑 弗朗茨
fraternity	兄弟岩
frayed basket	狂暴的篮筐
frazzle	疲惫
freak out	音频爆炸
freak wave	畸形波
freaky pyrotation	异常旋绕巨火
free company	部队
free spirits	灵魂释放
free-fall bombs	非追踪炸弹
freecure	救疗效果提高
freedom	清风拂面
freedom fighter	自由联盟的士兵
freedom of bozja	博兹雅之自由
freefall	自由落体
freefire	追踪爆炸
freeform shift	我流演武
freewalks roundspot	自由市场
freeze in cyan	玄冰之蓝青
freeze out	大冰山
freezeover	冻结
freezing	渐冻
freezing arrow	强效热浪箭
freezing blast	强效冻结弹
freezing brand	冰之烙印
freezing counter	冰属性反击
freezing dust	结冰尘
freezing fugue	冰柱赋格
freezing missile	冷冻导弹
freezing vapor	寒气
freight car	车厢
frenetic flurry	狂热击
frenzied	失控
frenzied aurelia	狂暴海月水母
frenzied behemoth	狂乱贝希摩斯
frenzied bulb	狂暴的球茎
frenzied cockerel	狂乱公雏鸟
frenzied elm	狂暴的榆树精
frenzied fist	狂乱之拳
frenzied freebooter	斧术师海盗
frenzied goblin	狂乱哥布林
frenzied goobbue	狂暴的古菩猩猩
frenzied manticore	狂乱曼提克
frenzied morbol	狂乱魔界花
frenzied mossback	狂暴的苔背古菩猩猩
frenzied oak	狂暴的橡树精
frenzied peiste	狂乱毒蜥蜴
frenzied rage	暴怒
frenzied sphere	狂乱领域
frenzied sting	狂乱针
frenzied thunder spirit	狂乱雷灵
fresh anemone	新鲜的风花
fresh perspective	特殊战斗
fresh puff	创造绒球
fresh whelk ballista	新鲜尤弥尔弩炮
freshly glazed porxie	刚出炉的仙子猪
freshwater cannon	淡水炮
friction	烈风刃
friendship round	友谊圈
friendship's testament	共斗纪念祭场
frighten	吓唬人
frightened falls	冻结瀑布
frightened hingan	害怕的居民
frightened stag	惊慌雄羚羊
frightened villager	阿拉加纳的居民
frightful frenzy	大狂乱
frightful roar	骇人嚎叫
frigid dive	寒霜俯冲
frigid eruption	极冰喷发
frigid flurry	吹雪斩
frigid needle	冰针
frigid pulse	寒冷脉冲
frigid ring	寒冰环
frigid stomp	严寒踏压
frigid stone	冰石
frigid twister	寒冰龙卷
frigid water	冰霜
frigotherapy	冷冻治疗
frilled dragon	伞蜥
fringes	基拉巴尼亚边区
fringes gate	基拉巴尼亚边区方面
frog kick	蛙式蹬腿
frog legs	蛙腿
frog song	蛙变之歌
frog-hallowed ground	智蛙领域
frogamander	蛙蝾
froggy jump	智蛙跳跃
froggy rampart	智蛙铁壁
froggy sentinel	智蛙预警
frogtourage	来吧！青蛙舞者！
frogtourage fan	伴舞波动耐性降低
frogtourage finale	舞团终演
frolicking grounds	嬉闹公园
from fear to fortitude	不屈不挠
from mud	污泥呼唤
from the ashes	死灰复燃
from the depths	昏暗的深处
from the dragon's wake	云蒸龙变
from the heavens	从天而降
frond affeared	恐惧视线
frond affront	污蔑视线
frond fatale	魅惑视线
frondale's phrontistery	福隆戴尔药学院
front combination	前方连转脚
front firestrikes	前方炎连击
front unseen	正面未解析
frontal blaster charge	蓄电冲击：前
frontal somersault	跳跃攻击
frontbridge	封面桥
frontiers within	边境
frontline	纷争前线
frontline forte	顶峰强音
frontline march	冲锋的进行曲
frontliner's forte	绝峰强音
frontliner's march	先锋的进行曲
frost aevis	冰霜龙鸟
frost armor	冰霜护甲
frost arrow	寒霜箭
frost blade	冰霜之剑
frost bomb	寒霜爆弹
frost bow	冰霜之弓
frost brand	冰霜之杖
frost breath	寒霜吐息
frost grenade	寒霜榴弹怪
frost rune	冰之符文
frost staff	冰霜之杖
frost star	霜星
frost's revelation	寒霜天启
frostbite	寒冰箭
frostbite and seek	寒霜寻影
frostbitten archer	寒霜弓手
frostbitten chirurgeon	寒霜医师
frostbitten conscript	寒霜应征兵
frostbitten goobbue	冻霜古菩猩猩
frostbitten officer	寒霜士官
frostbitten sentry	寒霜哨兵
frostbitten soldier	寒霜士兵
frostbitten war hound	寒霜战犬
frostbloom	雪花
frostbound	霜冻食人魔
frosted orb	寒霜球
frostforge	寒霜汇聚
frosting	雪人
frosting fracas	雾雪之声
frostmane	霜鬃猎魔
frostwave	寒冰波动
frothing sea	白头浪
frothing snapweed	发泡捕捉草
frowny face	躁怒的诅咒
frozen aevis	冰霜龙鸟
frozen bavarois	冰霜奶冻怪
frozen briar	碧蓝荆棘
frozen chirurgeon	冰封的魔法兵
frozen circle	冻环
frozen fallout	毒液块飞跃
frozen fissure	冻土裂痕
frozen gelato	冰霜明胶怪
frozen heart	霜冻之心
frozen knight	冰封的重装骑兵
frozen lake	凝冰湖
frozen mirror	冰面镜
frozen mist	冻雾
frozen orb	魔冰球
frozen perimeter	外环冰雪
frozen phobos	冰冻的福博斯
frozen reflections	分断的大冰河
frozen sphere	寒冷创造环境
frozen spike	冻刺
frozen star	寒冰魔力球
frozen swirl	冰轮
frozen triton	冰冻的特里同
frozen void dragon	虚无冰雪龙
frozen wind	豪雪
fruit of the protector	水蛇宝卵
fruitful fly agaric	增殖毒蝇伞
fruitful nopalitender	结果圆扇刺
fruiting fungus	结果魔菇
fruiting gigantender	结果巨人掌
frumious jaws	胡乱咬
frustration	挫败
fry egg	煎蛋
fuath prankster	恶作剧水妖
fuath shade	水妖的幻影
fuath trickster	水妖魔术师
fuath troublemaker	捣乱的水妖
fuchikari	俸禄猎手
fuel chamber	以太贮藏室
fufulupa	弗弗鲁帕
fufulupa the unbending	正直者 弗弗鲁帕
fugekisho	风击唱
fugetsu	风月
fugitive from justice	破狱
fulgent blade	光尘之剑
fulgurous fall	雷光坠击
fulgurous fugue	雷电赋格
fulgurous howl	雷哮
full beat	1拍节奏
full bloom	盛开
full bloom fountain	盛放喷泉
full bloom gardens	盛放花园
full bright	月夜巡游
full bullet	全弹发射
full dimension	全维空间
full fathom five	水深五寻
full force	全力撞击
full metal field	全金属爆发
full metal machinist	全金属爆发预备
full moon	满月流
full rank	全军集合
full swing	全力挥打
full throttle	全力轰油起步
full thrust	直刺
full-fledged tantrum	怒翼疾风
full-grown	成形
full-grown loaghtan	成年洛夫坦山羊
full-grown manjusaka	成年彼岸妖红花
full-metal faust	全装甲浮士德
full-perimeter particle beam	扫射式波动炮
full-power optimized ultima	魔导究极：临界输出
fuller throttle	改良版铲斗冲
fullflower comb	盛花养蜂场
fullmoon fury	巨圆斩
fully analyzed	全解析
fully enlarged	最大化
fulm of solid steel	铁壁
fulmination	超爆炸
fulmination khalkeos	轰爆
fulmination khryseos	金辉轰爆
fulminator	雷汞弹怪
fulminous fence	拦截电网
fulminous field	雷电力场
fulminous torment	雷电折磨
fulmipotent orb	雷球
fuma shuriken	风魔手里剑
fumarole	地脉喷口
fumigate	散播
fuming vomit	浓烟呛呕
fun and games	诙谐的笑谈
funa yurei	船幽灵
funambulist's fantasia	独木桥幻想曲
fundamental synergy	协作程序C
funditor aggressor	侵略者箭斗士
funeral pyre	葬送之炎
fungahhh	嗬嗬！！
funguar	魔菇
funky floor	热舞场地
funnel antlion	漏斗蚁狮
funnel cloud	漏斗云
furball	草色的毛球
furious	愤怒
furious backlash	血气蛇鳞击
furious farmer	愤怒的农夫
furious fists	双豹苍连击
furious flare	热浪球
furious pisaca	暴怒毕舍遮
furious roar	愤怒咆哮
furious sigh	暴怒的叹息之妖精
furious snarl	暴怒的咆哮之妖精
furious welt	重爆咒
furious wivre	暴怒犀蜴
furling flapping	振翼缠风
furnace	狱之釜
furryfoot kupli kipp	茸茸之愈 库普洛·奇普
further ruin	毁坏强化
fury of bozja	博兹雅之怒
fury's aegis	战女神之圣盾
fury's ambition	哈罗妮之壮志
fury's bolt	蓄雷
fury's fourteen	十四重蓄雷
fury's gaze	战争神眼
fury's mercy	战女神的慈悲
fuse or foe	设置导火线
fusefield	导火线区域
fuseflare	导火线新星
fuses of fury	导火线爆弹
fusingway flow	熔火涌流
fusingway vent	熔火涌道
fusion burst	融合爆炸
fusion prime	至尊融合
fustuarium	刑罚
future's end	未来终结
futures numbered	未来破灭
g'raha tia	古·拉哈·提亚
g'raha tia's avatar	古·拉哈·提亚的幻体
g-savior deck	究极救世者G型战斗甲板
g-warrior	究极战士G型
g-warrior mgsd	究极战士G型MGSD模型
gabbro golem	辉长岩巨像
gabineaux's bower	加比诺老爹的小屋
gabriel	加百列
gabriel mark iii	加百列III号机
gabriel plus	加强版加百列
gachirin	我流月轮
gadget resistance	抵抗机件
gaea stream	地神光尘流
gaei straightheart	仁心德意 牙营
gaelicat	风筝猫
gaelikitten	风筝小猫
gagnrath	决胜枪
gaiaochos	大地之主
gaius baelsar	盖乌斯·巴埃萨
gaius van baelsar	盖乌斯·范·巴埃萨
gajasimha bridge	象鼻狮大桥
gajasura	象魔修罗
galadion bay	加拉迪翁湾
galadion ram	加拉迪翁超压斧
galadion spectral current	加拉迪翁湾外海幻海流
galatea magna	大型伽拉忒亚人偶
galatea parva	小型伽拉忒亚人偶
galaxias	银河
gale axe	风啸斧
gale cannon	突风炮
gale cut	镰鼬之风
gale enforcer	螺旋气流
gale force	暴风
gale gaol	风牢
gale sphere	风晶球
gale surge	风轰
gale-force winds	暴风
galeborn buccaneer	强风海盗
galeripper	撕风
gales of tartarus	冥狱烈风
galfrid the gallant	加尔弗里德
gall gnat	凝血巨蝇
gallant shepherd	勇敢牧羊犬
gallery	怪球陈列所
gallimimus	似鸡龙
gallivanting gazelle	游荡瞪羚
galloping thunder	雷电飞驰
gallows	缢杀
gallows march	死亡行军
gallows oiled	缢杀预备
gallowsbeak	斩首魔鸟
galvanize	鼓舞
galvanth the dominator	主宰者 加尔梵斯
galvanth's spire	加尔梵斯哨塔
game fowl	战斗禽鸟
game theory	游戏理论
gamma quadrant	伽马管区
gamma r-1	强化型伽马
gamma segregate	伽马隔离区
gancanagh	蜜言妖
gandarewa	刚德瑞瓦
gandof thunder plains	甘多夫雷平原
gangekisho	岩击唱
gangrenous gigant	巨人族矿工
gangway	甬道
gaoler's flail	惩罚抽击
gaoler's lantern	狱卒提灯
garamsythe waterway	加兰赛兹水路
garden anemone	庭园风花
garden bee cloud	花园蜜蜂云
garden cloudtrap	庭园云上陷阱草
garden crocota	庭园犬狮
garden melia	庭园枯树精
garden of despite	嘲讽庭园
garden of epopts	姐妹之园
garden of nowhere	绝望庭园
garden of recollection	追忆庭
garden of ru'hmet	路·美特庭园
garden of sorrow	悲愤的前庭
garden of the stars	记星园庭
garden porxie	庭园仙子猪
garden relics	文明的景观盒
garden ruins	战祸的景观盒
garden sankchinni	庭园山克芹尼
garden's gates	梦园之门
gardener's hymn	育芽之谣
gardenkeeper	庭园守卫
gargamelle	加尔加梅勒
gargant	高康特
gargantua	卡冈图亚
gargantuan boulder	巨岩
gargoyle piece	奇子·石像鬼
gargoyle steward	石像鬼管事
gargoyle usher	领路石像鬼
garibald	加里巴尔德
garibald the fargone	堕落者 加里巴尔德
garish light	奇怪光
garlean consulate	加雷马帝国大使馆
garlean fire	魔导汽油弹
garlean legion tents	加雷马帝国军天幕
garlemald	加雷马
garlemald express	加雷马快列
garlic jester	蒜头明星
garlok's lair	伽洛克巢洞
garlond gl-ii	加隆德GL-II
garlond gl-iit	加隆德GL-IIT
garlond gl-is	加隆德GL-IS
garnet bounder	石榴众的跟班
garnet brute	石榴众的恶汉
garnet lookout	石榴众的哨员
garrison knight	巡礼骑士
garrote	绞杀
garrote twist	拘束加速
garuda's favor	螺旋气流预备
garuda-egi	迦楼罗之灵
gas bomb	瓦斯弹怪
gas shell	毒气壳
gaseous bomb	气化炸弹
gaseous nereid	燃烧的涅瑞伊得
gaseous phobos	燃烧的福博斯
gastornis	冠恐鸟
gastornis gastronome	美食冠恐鸟
gastornis nest	冠恐鸟窝
gastornis tercel	雄性冠恐鸟
gastric juice	胃液
gate below	死门
gate of first sight	真眼门
gate of nald	纳尔之门
gate of remembrance	回忆之门
gate of tartarus	冥狱之门
gate of thal	札尔之门
gate of the sultana	娜娜莫新门
gatekeep's anvil	紫金门前
gatekeeper	移动到其他区域
gatekeeper alpa	警备队长阿露帕
gates of judgement	大审门
gates of the moon	月亮门
gatetown	门前区
gateway	通路
gateway to paradise	天赐良机
gathered storm	雷暴云团
gatherer's bounty	额外采集奖励获得数提高
gatherer's grace	大地之恩
gathering	群狼大厅
gathering hall	阅兵会场
gathering ring	佐尔玛刻祭场
gathering storm	聚雷
gathering surge	过量聚雷
gatling	加特林针鼹
gatty deepwood	深林 嘉蒂
gatty the hornless	无角之尊 嘉蒂
gauki strongblade	剑豪 刑具
gaunt atrociraptor	憔悴野蛮盗龙
gaunt beak	瘦喙魔鸟
gaunt coyote	憔悴郊狼
gaunt figure	男性异端者
gaunt gedan	饥饿的獦狚
gaunt ringleader	异端指导者
gaunt slaveling	憔悴小奴隶
gauntlet	试炼群岛
gauntlet taken	强制死斗
gauntlet thrown	死斗
gauss barrel	高斯枪管
gauss round	虹吸弹
gaze of the tengu	天狗的眼力
gaze of the void	混沌激流
gazelle	瞪羚
gazelle hawk	羚鹰蜂
gear enhancement	防具强化
gear grease	润滑蛞蝓
gear lubricant	齿轮润滑剂
gedan corpsestealer	食尸獦狚
gegeruju	格格鲁玖
gegeruju manor guard	格格鲁玖家私兵
gehenna	焦热地狱
geirrothr	暗流
geirskogul	武神枪
geissfryn eveningcalm	暮风息 盖斯夫林
gekkai the blind	无明之月海
gelatinous	软体化
gelid bhoot	极寒浮灵
gelid charge	带冰
gelid eye	极寒之眼
gelid gale	朔风
gelid gaol	冰牢
gelling mass	萨利不完全体
gelmorra ruins	格尔莫拉遗迹
gelmorran cogfinder	格尔莫拉钝战士
gelmorran nailfinder	格尔莫拉爪战士
gelmorran strutfinder	格尔莫拉高战士
gemhorn	宝石角
gemkeeper	执宝精
gemshine	宝石耀
gemstone golem	宝石巨像
general's might	阿里达乌斯之力
general's time	阿里达乌斯之时
general's wing	阿里达乌斯之翼
generational bonding	充满活力的父子
generator	动力发生器
genesis	起源
genesis engine	启动试验室
genesis of flame	创世真炎
genesis rock	起源石
genie of the lamp	神灯灵
genomos	格诺莫斯
gensui apa	玄水阿帕斯
gensui chain	玄水连山
gensui dhara	玄水陀罗
gentle breeze	青翠柔风
gentle slope	平平小丘
gentlebean's fever	金碟狂热
gentleman fantastick	绅士之舞
gentleman yeti	大脚雪人绅士
gentlemanly smash	绅士碎击
gentlemanly thrust	绅士刺
gentlemen prefer swords	怪力铁巨人——克利俄斯
geo terminal	土之终端
geocentrism	地心说
geocrush	大地粉碎
geomantic anila	风水阿尼罗
geomantic apa	风水阿帕斯
geomantic bond	结界裂缝
geomantic dhara	风水陀罗
geomantic kiyofusa	风水清房
geometer	尺蠖
geopsis	创造大陆观察区
geotemporal blast	定时震击
geothermal flatulence	火山喷发
geothermal rupture	地热爆破
geothermal studies	地热研究室
germinant	发芽大口花
germinate	出芽
geryon the steer	征服者 革律翁
geshunpest	死魂
gesi hunter	格希部猎人
gestahl	格斯塔拉
get fantasy	幻想舞步
gevurah chesed	严酷之仁慈
geyser eruption	井水喷出
ghastly aura	丧失波动
ghastly flame	妖火
ghastly gaze	丧失的妖气
ghastly gloom	恐惧之云
ghastly grasp	妖气刃
ghastly torch	妖火炎
ghastly wind	妖火风
ghen gen	戈恩艮
ghilman	古拉姆
ghimlyt dark	基姆利特暗区
ghomoro splitter	哥摩罗地爆斧
ghost moth	幽灵蛾
ghost of meracydia	美拉西迪亚幽龙
ghost train	格莱杨拉波尔的分身
ghostcrusher	沉重回忆
ghostduster	除灵
ghostlake	幽灵湖
ghostly guise	灵体化
ghostwolf	幽狼
ghrah luminary	流光晶片
ghrah maximization	最大化晶片
ghun gun	古恩衮
giant ascetic	苦行巨人
giant banestool	特大号毒瑚菌
giant bat	巨型蝙蝠
giant bavarois	巨大奶冻怪
giant beaver	大河狸
giant bee	巨蜂
giant bird	巨大鸟
giant bomb	最终炸弹
giant captive	巨人囚徒
giant clam	巨蚌
giant codcarrier	搬运巨人
giant colibri	巨大蜂鸟
giant coralshell	特大珊瑚壳
giant corse	巨人腐尸
giant dominance	巨星主宰
giant drubber	打拳巨人
giant gnat	巨蝇
giant gold bear	大黄金熊
giant grenade	大型炸弹
giant grizzly	巨型灰熊
giant iguana	巨型鬣蜥
giant leap	巨跃
giant loaghtan	大洛夫坦山羊
giant logger	伐木巨人
giant lugger	撑船巨人
giant netherworm	巨型冥蠕虫
giant oxpecker	巨型啄牛魔鸟
giant pelican	巨型鹈鹕
giant piece	奇子·铁巨人
giant ranger	游猎巨人
giant reader	朗咒巨人
giant ripper	开膛巨人
giant rockslave	石奴巨人
giant rosebear	大玫瑰熊
giant sandworm	巨型沙虫
giant slug	巨型蛞蝓
giant talker	巨人咒言师
giant tortoise	巨龟
giant treant	巨大树精
giant tunnel worm	巨型地道蠕虫
giant's strongbox	巨人族的木箱
giantsgall grounds	巨胆石采掘场
gibbering coyote	急促郊狼
gibbering jackal	急促黑豺
gibbet cage	绞刑笼
giddy bomb	眩晕爆弹怪
gier hall	不净的大堂
gift of mercy	目送生者前行
gift of the land	额外采集奖励发生率提高
gig head	渔叉尖
giga jump	十亿跳跃
giga scream	大尖啸
giga slash	十亿斩击
giga tempest	十亿风暴
gigaflare	十亿核爆
gigaflare's edge	十亿核爆剑
gigantender	巨人掌
gigantic blast	巨型冲击
gigantic rage	巨躯狂怒
gigantic smash	巨型碎击
gigantic swing	巨型挥击
gigantis piece	奇子·巨人
gigantoad	巨蟾蜍
gigantomachy	巨人之战
gigantomill	粉碎旋击
gigantopithecus	巨猿
gigantpole	巨蝌蚪
gigas bhikkhu	基迦巨人比丘
gigas bonze	基迦巨人僧侣
gigas captive	基迦囚徒
gigas mastiff	基迦训鹰
gigas shramana	基迦巨人沙门
gigas sozu	基迦巨人僧都
gigastorm	大暴风
gigaworm	庞然巨虫
gigaworm stalker	潜行庞然巨虫
giggling gate	傻笑大门
giggling gigantoad	痴笑巨蟾蜍
gigirya the guarded	诅咒者 奇奇利亚
gil turtle	金币龟
gila monster	毒水蜥
gilbert's spire	基尔波特哨塔
gilbrisbert the puppetmaster	人偶师 吉尔布里斯贝尔
gilded araya	阿赖耶宝塔
gilded crystal	金光水晶
gilded cyclops	金光独眼巨人
gilded fate	黄金之咒
gilded golem	金光巨像
gilded headstone	金色石面
gilded magitek armor	魔导装甲丙型
gilded marionette	金光人偶
gilded mikoshi	巨鲶鱼金轿
gilded price	黄金之珠
gilded sea	黄金平原
gilded sentry	黄金哨兵
gilded stool	椅子
gilgamesh	吉尔伽美什
gilpincher zuzuroon	守财奴 兹兹卢恩
gilshs aath swiftclaw	徒手抓鱼 基乌嘶·渊斯
giltblossoms	黄花飞散
gimme cat	索取猫
gimme kitten	索取小猫
giott the aleforged	强心酒胆 吉奥图
girimekhala	基里麦卡拉
giruveganaus	吉鲁维伽诺斯
gisfrid the grinder	破戒者 吉斯弗里德
giving land	大地的恩惠
giving sea	海洋的恩惠
gizamaluk	基札玛路克
glacial beacon	冰之征兆
glacial circle	冰柱劈
glacial spear	寒冰长枪
glaciate	冰山
glaciated yumemi	吹雪观梦螺
glaciation	太古碎冰
glacier arrow	冰川箭
glacier bash	冰河怒击
glacier golem	冰川巨像
glacier ice	冰岩
glacier splitter	冰川崩裂
glacier sprite	冰川元精
glaciology forum	冰魔之间
glacipotent orb	冰球
glade wivre	林地犀蜴
gladiator	剑术师
gladiator mirage	剑斗士的幻影
gladiator of sil'dih	希拉狄哈剑斗士
gladiatorial node	斗技系统
gladiators guild	剑术师行会
glamour plate	投影模板
glare iii	闪灼
glaring goodwife	目光冷峻的女人
glass dance	冰雪乱舞
glass punch	挥舞
glass stream	玻璃激流
glassblowers beacon	玻璃匠基地
glassblown grotto	玻璃匠岩窟
glassjaw nazagg gah	石英爪 纳扎古·夏
glassy nova	闪亮新星
glassy-eyed	人偶石眼
glassy-eyed cobra	兴奋眼镜蛇
glassy-eyed minotaur	兴奋弥诺陶洛斯
glassy-eyed shabti	兴奋沙布提
glasya labolas	金刚不坏的守护者
glaukopis	明眸
glavoid	异形魔虫
glawackus	格拉瓦卡斯
glazrael saltwind	海潮风 格拉斯雷尔
gleaming arrow	闪耀箭
gleaming barrage	连击闪光炮
gleaming beam	闪光炮
gleaming fang	光牙
gleamrift	闪亮裂纹
gleamslope	闪亮山
gleipnir	格莱普尼尔
glide bomb	滑行爆弹怪
glider ram	滑翔冲撞
gliding swoop	滑行俯冲
glimmer in the dark	常暗之辉
glimmerpond alpha	阿尔法闪亮池
glimmerpond beta	贝塔闪亮池
glimpse	幻影伊克西翁
glitterbox	闪闪圆圈喵
glittering basin	无二江流域
glittering emerald	绿宝石之辉
glittering ruby	红宝石之辉
glittering slime	金光粘液怪
glittering topaz	黄宝石之辉
gloaming gleam	白虎腾跃
global citizen	世界联邦的士兵
global spell	全域咏唱
gloom eye	昏暗之眼
gloria-class airship	荣耀号
gloriole	金字塔上层
glorious blaze	引火
glorious twin	幻影的分身
glory blaze	全都烧成灰
glory crier	荣耀哭号魔
glory gate	光荣门
glory neverlasting	槿花一日
glory of bozja	博兹雅之荣
glory of halone	战女神之荣
glory of moxuk reloonuk	战火炎石舞台
glory slash	荣耀斩
glory unearthed	重力地雷
gloryplume	炎暗劫火
glossal predation	软体水击
glossal resistance down	软体攻击耐性下降
glossolalia	灵语
glossomorph	软体寄生
glostfired bank	釉烧河岸
gloves off	绝技预备
glower power	野蛮怒视
glowering dark	黑暗侵蚀：凝视
glowering glowfly	怒视荧光虫
glowering krautz	克劳茨大灯塔
glowfly	荧光虫
glowing bomb	灼热爆弹怪
glowing bonfire	监视所的篝火
glowing chimera	灼热奇美拉
glowing cresset	迎火烛台
glowing empuse	灼热疫虫
glowing grimoire	不祥的魔法阵
glowlight	炽光
glupgloop	强酸剧毒药
gluttonous gertrude	暴食格特鲁德
gluttonous goring	贪食啮噬
gluttonous gutting	贪食裂膛
gluttonous rampage	暴食狂怒
gluttonous wire	贪食之线
gluttony	暴食
gluttony's augur	暴食预兆
glyptodon	雕齿兽
glyptodon pup	小雕齿兽
gnarled gargoyle	扭曲石像鬼
gnarled melia	扭曲枯树精
gnarled treant	扭曲树精
gnash and lash	牙尾连旋
gnashing fang	烈牙
gnashing of teeth	啃咬
gnashing wheel	锐牙大回旋
gnashing wolf	与风共舞的狼
gnath cometdrone	骨颌彗星兵
gnath cultivator	骨颌播种员
gnath firedrone	骨颌火兵
gnath forager	骨颌觅食员
gnath haildrone	骨颌冰兵
gnath irondrone	骨颌铁兵
gnath low patron	骨颌低等恩主
gnath steeldrone	骨颌钢兵
gnawing dread	丧失之痛
gnawing goat	纳因·戈特
gneissic gargoyle	片麻石像鬼
gnostic rant	魔枪乱舞
gnostic spear	魔枪突刺
go'ozoabek'be	格沃佐拜柯拜
go-ban kura	五号仓库
gobbie beak	哥布魔鸟
gobbie bomb	哥布炸弹
gobbie grab	捕获
gobbie lob	丢弃
gobbieboom	哥布爆炸
gobbieboom barrage	哥布炸弹
gobbledygawker	哥布之眼
gobbledygroper	哥布林奇美拉
gobdash	怒涛冲拳
gobfire shootypops	哥布流手炮
gobhaste	哥布加速
gobhook	刚猛勾拳
gobjuice	哥布林药水
goblet east	高脚孤丘东区
goblet east subdivision	[扩建区]高脚孤丘东区
goblet exchange	高脚市场
goblet exchange subdivision	[扩建区]高脚市场
goblet north	高脚孤丘北区
goblet north subdivision	[扩建区]高脚孤丘北区
goblet northeast	高脚孤丘东北区
goblet south subdivision	[扩建区]高脚孤丘南区
goblet southeast	高脚孤丘东南区
goblet southeast subdivision	[扩建区]高脚孤丘东南区
goblet southwest subdivision	[扩建区]高脚孤丘西南区
goblet subdivision	[扩建区]高脚孤丘
goblet west	高脚孤丘西区
goblin adventurer	哥布林冒险者
goblin ambusher	哥布林伏兵
goblin attack	哥布林打击
goblin brandisher	哥布林挥刀者
goblin fisher	哥布林渔师
goblin gambler	哥布林赌徒
goblin glider	哥布林滑翔兵
goblin hammer	哥布林锤
goblin hunter	哥布林猎手
goblin mercenary	哥布林佣兵
goblin mugger	哥布林劫匪
goblin of fortune	佣兵战士
goblin outlaw	法外哥布林
goblin pathfinder	哥布林寻路人
goblin picaroon	博伊尔斯托克斯一家的搬运工
goblin punch	哥布林乱拳
goblin replica	哥布林复制体
goblin robber	哥布林强盗
goblin roper	哥布林牧人
goblin rush	哥布林冲锋
goblin sharpshooter	哥布林狙击手
goblin slash	哥布林斩击
goblin thug	哥布林暴徒
goblin tinkerer	哥布林修补匠
goblin trader	哥布林商人
goblin treasure hunter	哥布林寻宝猎人
goblinblood	哥布林血流
goblins meet	哥布林族野营地
goblixer grumblygut	哥布林药剂副作用
goblixer overgulp	哥布林药剂中毒
gobmachine g-vi	6号哥布林坦克
gobpress r-vi	6号哥布林压路机
gobrush rushgob	哥布流哥布林冲锋
gobskin	哥布防御
gobslash slicetops	哥布流真空斩
gobslice mooncrops	哥布流月牙斩
gobsnick leghops	哥布流后之先
gobspin headlops	哥布流回旋剑
gobspin unstops	超回旋斩
gobspin whooshdrops	哥布流回旋斩
gobspin zoomdrops	哥布流大回旋斩
gobstraight	全力重拳
gobsway rumblerocks	哥布流大怒震
gobswing	激震抛拳
gobswipe conklops	哥布流乱斩
gobswish spraymops	哥布流断瀑斩
gobtank scrap	报废的哥布林坦克
gobthunder iii	哥布暴雷
gobwalker	哥布林战车
gobwidow scrap	报废的哥布林黑寡妇
god ray	神光
god who whispers	飒瑟神岛
godbert	戈德伯特
goddess chadarnook	神圣查达奴克
godfather	爆弹怪教父
godmother	爆弹怪教母
gods grip	神握角
gods quiver bow	神勇队队员
gods save the queen	神佑女王
godsbane	神祸
godssphere	神圣晶球
goekinesis	飞来
goen anala	狱炎阿那罗
gogg beardripper	古格家族的恶汉
gogg dollcrafter	古格人偶制作师
gogg dollmaster	古格人偶大师
goggle-eyed dogu	遮光器土偶
gogmagolem	哥革巨像
gogo blizzard iii	格格式冰封
gogo fire iii	格格式爆炎
gogo flare	格格式核爆
gogo holy	格格式神圣
gogo meteor	格格式陨石流星
gogo thunder iii	格格式暴雷
gogo's theme	格格主题曲
gok draak cenotaph	永命灵堂
gok draak descent	永命岩窟
gok golma	恒彩农园
goka mekkyaku	劫火灭却之术
golbez's shadow	高贝扎的幻影
gold back	黄金背魔鸟
gold bear	黄金熊
gold bile plume	黄金毒气
gold chaser	戒钻相合
gold court	黄金广场
gold dance	黄金之舞
gold dust	黄金粉尘
gold dust dhara	金尘陀罗
gold fever	黄金狂热
gold fox	金野狐
gold lung	黄金毒
gold rush	黄金爆发
gold rush minecart	淘金热
gold saucer	金碟游乐场
gold saucer aetheryte plaza	以太之光广场
gold saucer employee	金碟工作人员
gold saucer vip card	金碟币提高
gold swiveller	金碟跑圈
gold thunder	黄金雷
gold whisker	金鲶
goldbile	黄金沼
golden apa	黄金阿帕斯
golden axe beak	金斧喙魔鸟
golden bandersnatch	金斑攫兽
golden bazaar	黄金集市
golden beam	黄金射线
golden beaver	黄金大河狸
golden brickman	黄金人
golden coeurl	黄金长须豹
golden cross	黄金十字
golden dhara	黄金陀罗
golden dhyata	黄金恰塔号
golden eye	金预言蛋出现率提高
golden eye yuyuhase	黄金眼 尤尤哈塞
golden flame	黄金闪火
golden fleece	金羊毛球
golden gall	黄金飞溅
golden heart	金之心
golden molter	黄金蜕皮蜥
golden pools	金锭池
golden radiance	黄金之光
golden sacristy	黄金回廊
golden supporter	黄金协助机
golden talons	黄金爪
golden tenet	纳尔神火
golden tongue	金口舌
golden walls of ruin	黄金堂
golden wings	黄金蝶
goldleaf dais	金叶台
goldor aero iii	金德尔暴风
goldor blast	金德尔冲击
goldor blizzard iii	金德尔冰封
goldor fire	金德尔火炎
goldor fire iii	金德尔爆炎
goldor gravity	金德尔重力
goldor quake	金德尔地震
goldor rush	金德尔爆发
goldor thunder iii	金德尔暴雷
goldsmith	雕金匠
goldsmiths guild	雕金匠行会
goldvine	金藤魔界花
goldy cat	黄金猫
golem piece	奇子·巨像
golem soulstone	巨像兵的魂石
golem trail	巨像兵血路
goliath	歌利亚
goliath tank	大型战车
goliath's javelin	歌利亚之矛
golmajiik grove	鲜甜蜜园
golmore jungle	葛尔摩大密林
gomphotherium	嵌齿象
goobbue	古菩猩猩
goobbue farmer	农场古菩猩猩
goobbue sproutling	发芽小猩猩
goobbue's grief	古菩的悲伤
goobstool	古菩魔饵
good jenanna's grace	杰娜娜宽容道
good king's decree	贤王号令
goodblade	利刃大旅舍遗迹
goodbye	道别
goosefish	魔鮟鱇
gorai the uncaged	铁鼠豪雷
gordhona	戈多纳文明首都
gordhona guardian	戈多纳守护者
gordhonite asteroid belt	小行星带
gordian footman	戈耳狄步兵
gordian gunner	戈耳狄炮手
gordian hardhelm	戈耳狄硬盔兵
gordian hardmind	戈耳狄铁心兵
gordian knot	戈耳狄俄斯之结
gordian sniper	戈耳狄狙击手
gordian soldier	戈耳狄士兵
gordius system	戈耳狄系统
gore demon	沥血恶魔
gore horde battle drake	血群战斗火蛟
gore horde lancer	血群枪兵
gore horde thaumaturge	血群咒术师
gorgagne holding	戈尔加涅牧草地
gorgagne mills	戈尔加涅牧场
gorged spinner	贪吃纺蛛
gorgimera	强化奇美拉
gorgomanteia	戈尔贡的诅咒
gorgoneion	戈尔贡之饰
gorgospit	戈尔贡喷吐
gorgotaur	戈尔贡牛头魔
goring blade	沥血剑
goring blade ready	沥血剑预备
gorn the garrgh	悬赏魔物：嘶吼巨人戈恩
gornitruq gleamsands	戈尼特鲁珂宝滩
goro hunter	格洛部猎人
goro warrior	格洛部战士
gorpokkur	滚滚叶小妖
gorynich	格里尼奇恶龙
goryshche	戈里斯切
gosetsu	豪雪
gosetsu everfall	忠肝义胆 豪雪
gossamer	游丝毛球
gota'a panipahr	格塔·阿·帕尼帕尔
gotwin halehex	背德者 戈多因
gourd splitter	头槌
gourmand phlegm	贪吃鬼黏痰
government sector	政府区域
governor	狱长
governor's row	总督田地
gozol itzcan the hatchet	工匠 戈佐尔·伊茨坎
grab and grow	吸收养分
grace of calamity	灾祸之言
grace of light	光之祝福
gradual petrification	渐渐石化
gradual zombification	渐渐僵尸化
graffiacane	格拉菲亚卡内
graffias	霸星蛛蝎
graffias's tail	霸星蛛蝎的毒尾
grain hamper	装谷物的木箱
grain weevil	谷甲虫
grand aevis	巨型龙鸟
grand archaeornis	大古鸟
grand bijou	大魔力水晶
grand buffalo	巨水牛
grand company	大国防联军
grand company expert delivery	筹备稀有品
grand corruption	大腐败
grand cosmos	宇宙宫
grand cross	大十字
grand cross alpha	大十字·阿尔法
grand cross delta	大十字·德尔塔
grand cross omega	大十字·欧米茄
grand crossflame	大十字火
grand dais	斗舞台
grand dame's parlor	贵妇会客厅
grand deck	博物战舰综合甲板
grand doblyn	巨矿妖虫
grand duchy of jeuno	朱诺大公国
grand duke batym	巴钦大公爵
grand entrance	盛大登场
grand fall	九天落水
grand gates	城门
grand hall	大礼堂
grand hall gate	应门
grand hoplon	巨盾戍卫
grand impact	显贵冲击
grand impact ready	显贵冲击预备
grand marshal	滑稽巡游主宰
grand nurikabe	大涂壁
grand octet	群龙的八重奏
grand piano	钢琴
grand slam	超猛击
grand spike	雄伟扣杀
grand storm marshal slafyrsyn	爱因扎尔·斯拉菲尔辛正漩将
grand strike	强力打击
grand sword	巨剑
grand toss	雄伟上投
grandfather treant	祖父树精
grandma laurel	太母神桂
granite gaol	花岗石牢
granite gaoler	花岗石卫
granite impact	花岗岩冲击
granite interment	花岗岩送葬
granite rain	花岗岩雨
granite sepulchre	花岗岩坟墓
graoully	格劳利
grape juice	葡萄汁
grapevine vagabond	会走路的葡萄
grappling ivy	藤蔓攀附
grasping frost	清晨降落的寒霜
grasping rancor	怨念之手
grass raptor	草速龙
grasslands worm	草地巨虫
grassman	格拉斯曼
gratuity	赏钱
grav rammer	宇宙夯地机
grave ego	沉重的自我
grave mold	墓霉
grave reel	旋墓
gravedigger	掘墓小妖
gravegrazer	蹂躏
gravel golem	砂砾小像兵
gravel shower	砂砾雨
graven familiar	坚石守护精
graven gatekeep	卫兵雕像
graven image	众神之像
graven memoria	刻忆入晶
graverobber	盗墓者
gravest ego	过重的自我
graviball	重力球
gravitas	重力弹
gravitational anomaly	重力异常
gravitational collapse	重力崩坏
gravitational distortion	重力扭曲
gravitational empire	重力帝国
gravitational explosion	重力爆发
gravitational force	地心引力
gravitational manipulation	重力操纵
gravitational stability	重力固定
gravitational studies	浮空研究分室
gravitational wave	重力波
graviton cannon	重力加农炮
graviton spark	重力火花
gravity	重力
gravity field	重力场
gravity flip	重力反转
gravity force	重力领域
gravity harpe	重力勾刃
gravity iii	强重力
gravity node	重力系统
gravity of dangers near	压溃式微重力
gravity of expulsion afar	排斥式微重力
gravity orb	重力球
gravity pillar	重力之柱
gravity ray	重力射线
gravity restoration	普通重力
gravity thrust	重力击穿
greased lightning	疾风迅雷
greased lightning iii	疾风迅雷III
great ball of fire	火球
great buffalo	撼天猛牛
great divide	一刀两断
great dragon	巨龙
great falcon	大鹰
great flood	大洪水
great gimme cat	超级索取猫
great glacier	大冰河
great gold whisker	金鲶大王
great gubal library	迦巴勒幻想图书馆
great hunt	大草原猎场
great leap	重跳击
great morbol	大魔界花
great morbol seedling	大魔界花幼苗
great nebula	大星云
great oak	大橡树精
great orthos morbol	正统大魔界花
great putrid morbol	恶臭大魔界花
great pyramid of ux'ner	万神大星墓
great return to nothing	回归重波动
great runoff	代米尔遗烈乡沿岸
great serpent of ronka	隆卡的水蛇？
great serpent of tural	图拉尔的水蛇？
great ship vylbrand	威尔布兰德扬帆起航
great strides	阔步
great torrent	图拉尔的落水
great typhoon	荒波
great unweaver	巨大的飞蛾
great vessel of ronka	水蛇大人的罐子
great wall of fire	火焰流
great wheel	回环连斩
great whirlwind	大龙卷风
great white torama	悬赏魔物：大特拉玛长须豹
great white tsuchinoko	东方的白色土龙？
great wisp piece	奇子·大妖火
great work	代米尔遗烈乡
great wyrm	圣龙
great wyrm's gate	圣龙门
great wyrm's gate subdivision	[扩建区]圣龙门
great wyrmsbreath	圣龙的吐息
great yellow pelican	大黄鹈鹕
greataxe beak	悬赏魔物：大斧喙魔鸟
greater amphiptere	大安菲瑟龙
greater amphisbaena	大双向海龙
greater armadillo	大犰狳
greater asvattha	巨大阿输陀花
greater ball of fire	重火球
greater banestool	大号毒瑚菌
greater behemoth	巨型贝希摩斯
greater buffalo	震天猛牛
greater colibri	大蜂鸟
greater demon	大恶魔
greater doblyn	大矿妖虫
greater fan	大风扇
greater flamesent	业炎妖
greater gateway	附魔通路
greater gulo gulo	大狼獾
greater hold	大型兵器仓库
greater memory	记忆增幅
greater morbol	庞魔界花
greater palm	掌击
greater pugil	巨陆鱼
greater reach	扩展研究
greater reach ready	扩展研究预备
greater resonance	护龙大共振
greater strength	强化魔刃
greater typhoon	大荒波
greatest curse	大蛇的诅咒？
greatest eclipse	大日食
greatest endsvale	最伟大的森林
greatest flood	图拉尔的洪水
greatest labyrinth	图拉尔的迷宫
greatest morbol	至大魔界花
greatest serpent of tural	图拉尔的大蛇？
greatloam farmer	格雷洛姆园艺工
greatloam growery	格雷洛姆农场
greatwing ked	巨翼巨虻
greatwood rail	大森林秧鸡
grebuloff	格雷布洛弗
grebuloff pillars	格雷布洛弗的聚落
greedy ceratoraptor	贪婪角盗龙
greedy fuath	贪婪的水妖
greedy grab	神偷
greedy hog	饥饿野猪
greedy hoglet	饥饿野猪幼崽
greedy pixie	寻宝的仙子
greely bridge	格瑞里大桥
greely sties	格瑞里猪栏
green archon	草贤人
green bavarois	绿色奶冻怪
green clot	绿色凝块
green confederate	十分困扰的海盗
green dragon	绿龙
green glider	绿飘龙
green head	绿头
green laver	绿色洗液怪
green screams	凯尔派的领地
green slime	绿色粘液怪
greener gleaner	小草贤人
greengrub mudplots	绿地菜园
greenlinn	碧崖
greenroom	休息室
greensward	绿茵岛
greentear	翠泪择伐区
greenwood altar	新木祭坛
greenwrath	元灵之怒
greeting	打招呼
greeting pond	呻吟池
gremlin	格雷姆林
gremlin graverobber	盗墓格雷姆林
gremlin piece	奇子·格雷姆林
gremlin shouter	呐喊的格雷姆林
grenade	榴弹怪
grenade piece	奇子·榴弹怪
grenado	榴弹
grenado shot	手雷点射
grey arbiter	仲裁者之影
grey bomb	灰色爆弹怪
grey draco	灰蜥龙
grey fleet	灰舰风车群
grey pantera	灰斑豹
grey wolf	灰狼
greytail falls	灰尾瀑布
greywine	灰酌雷蛟
griaule	格里奥勒
gridania	格里达尼亚
gridania aetheryte plaza	以太之光广场
gridanian child	森都的孩子们
gridanian gulp	持续用森都风格马克杯喝
gridanian merchant	格里达尼亚商人
gridanian sip	用森都风格马克杯喝
grief of parting	离愁
grievous slash	悲情横扫
griffin	狮鹫
griffin crossing	狮鹫大桥
griffin hatchling	狮鹫宝宝
grim cleaver	狰狞劈砍
grim embrace	阴冷拥抱
grim fate	狰狞命运
grim halo	狰狞光环
grim reaper	狰狞劈砍
grim reaper piece	奇子·死亡收割者
grim reaping	阴冷收割
grim remembrance	阴暗回忆
grim swathe	束缚挥割
grimalkin gale	猫怪突风
grimegrot	脏兮兮的土洞
grimhunter's venom	乱击锐牙
grimskin's venom	乱裂锐牙
grinning cur cannonier	斗犬家族的炮手
grinning cur cap'n	斗犬家族的头领
grinning cur carpenter	斗犬家族的掌帆员
grinning cur cutter	斗犬家族的船医
grinning cur stitcher	斗犬家族的补帆员
grinning cur swab	斗犬家族的甲板员
grip of despair	绝望的锁链
grip of fens	蟾蜍之咒
grip of ferrum	倦怠之咒
grip of fever	狂热之咒
grip of fire	火灾之咒
grip of fury	愤怒之咒
grip of night	黑夜波
grip of poison	邪气的共振
grip of salvation	救赎圣拳
griplash	藤条耳光
gripper	尖螯陆蟹
grips of despair	绝望连锁
grishild the ungood	无赖 格里希尔德
gritclaw	砂砾巨钳虾
grizzled grizzly	黑熊
grizzled lancer	老练的枪术师
grizzly host	宿主灰熊
gron rhei	祈愿林
groom-to-be	未婚夫
grooving green	摇摆绿光
groovy ring	劲舞格斗场
grotesquerie	细胞附身
grotto piranu	岩穴皮拉鱼
grotty imp	肮脏小魔精
ground and pound	地面重击
ground floor	1层
ground interference	请求对地炮击
ground level	基层
ground pound	大地重击
ground squirrel	松鼠
ground support	协助员
ground zero	急袭
ground-razing particle beam	放射式波动炮
ground-to-ground ballistic	对地冲击弹
ground-to-ground missile	地对地导弹
groundbreaker	裂地
groundbreaking quake	粉身碎骨的地震
groundburst	地爆弹
grounded	固定低位
grounded pirate	落地海盗
grounded raider	落地劫匪
grounding jolt	雷气释放
grounding way	风平归路
groundseater	大地饕餮
groundskeeper	坐镇巨像
groundsreaper	收获巨像
groundstorm	大地风暴
groundwater intake	地下河取水堰
group oriented	集中攻击
groupbee	甜甜小蜜蜂
groveller	奴仆
growball	球形植物
growing	生长中
growing circles of ablution	圆环双水流
growing conception	草木生物的概念
growing dread	播撒惊恐
growing panic	播撒恐慌
growing threat	惊异
growingway	增盈威
growler	吼叫的小豹
growling gyuki	愤怒的牛鬼
growling wind	风刃气
growth rune	根之符文
grubby knuckles	重力拳
gruesome gargoyle	阴森石像鬼
grumbling hippocerf	轰鸣骏雕
gruntamulous dindergrabble	咕哝斑攫兽
grynewaht	格林瓦特
guard bhoot	浮灵守卫
guardhouse	门卫驻所
guardia piece	奇子·守卫
guardian	卫护
guardian arkveld	护锁刃龙
guardian aura	地鸣
guardian bat	蝙蝠守卫
guardian beast	守卫巨兽
guardian berserker	狂战士守卫
guardian golem	巨像守卫
guardian knight	骑士守卫
guardian of eden	伊甸守卫
guardian of nym	尼姆守护者
guardian of paradise	伊甸守护者
guardian petroglyph	石雕守卫
guardian resonance	护龙共振
guardian siegeflight	锁刃飞翔突进【护龙共振】
guardian spirit	守护者之魂
guardian tree	长老树
guardian weapon	兵装守卫
guardian will	护龙威压
guardian wraith	幽灵守卫
guardian's will	极致护盾
guardians aegis	守护结界
gubal falcon	迦巴勒游隼
gudanna	古丹纳
guerrilla tactics	游击
guguroon wetnose	酒豪 谷谷卢恩
guhasaya	洞虎
guhasaya ambusher	埋伏中的洞虎
guhuo niao	姑获鸟
guidance	导灵殿
guidance system	目标系统
guided missile	追踪导弹
guided missile kyrios	跟踪导弹P
guided missile kyrios incoming	跟踪导弹P
guiding light	指明灯
guild archer	行会的弓箭手
guild conjurer	行会的幻术师
guild gladiator	行会的剑术师
guild marauder	行会的斧术师
guild pugilist	行会的格斗家
guild thaumaturge	行会的咒术师
guild-issue supplies	鬼哭队的补给物资
guildless gladiator	粗暴的剑术师
guildless marauder	粗暴的斧术师
guildless pugilist	粗暴的格斗家
guildless thaumaturge	粗暴的咒术师
guillaime	吉耶姆
guillotine	断首
guillotine beak	铡喙魔鸟
guilty verdict	判罪
guimauve	棉花软糖
gukumatz	羽蛇
gulg knocker	格鲁格敲石虫
gull dive	海鸟冲
gullet gate	大手门
gullfaxi	土妖马古尔法克西
gullperch tower	白鸥塔
gullstorm	海鸥风暴
gully galago	水地婴猴
gulo gulo	狼獾
gulo khan	狼獾汗
gun battery	蓄电枪
gun turret	射击炮台
gunberd	巨枪斧
gunblade	枪刃
gunbreaker	绝枪战士
gundobald	古恩德巴尔德
gundobald the resolute	不屈的古恩德巴尔德
gungnir	神枪昆古尼尔
gunmetal soul	灵魂之青
gunnery pod	炮台散射
gunnhildr's blades	女王之刃
guns blazing	枪火爆发
gunshield	枪盾
gurangatch	固兰盖奇
gurbesu the goro	格洛部猎人格儿孛斯
gurfurlur	固伏鲁
gurumi borlumi	古鲁弥·波尔鲁弥
gusion's embrace	古辛拥抱
gust front	飑风
gust of meracydia	美拉西迪亚的悲风
gust slash	绝风
gustaberg	古斯塔堡
gusting gouge	削风
gustnado	阵旋风
gut rip	直击要害
gutdriver	勇气冲击
guthlaugur	古斯拉格尔
gutripper	野性强击
gutting blow	断肠突
guttler and lauda	加特勒与劳妲
guttler glutter	暴食战斧
guttler the gutter	贪食无厌 加特勒
guttrix sliverpicks	品行端正的伽特里克斯
guud suud	古德斯德
guydelot the spent	飞箭 吉德洛
gwas-y-neidr	蛇仆蚂蜓
gwiber of light	光之玲龙
gwyddneu	格威迪恩
gwyddrud	格威德鲁特
gwyllgi	黑夜鹰犬
gyascutus	格亚斯库图斯
gyges the great	强腕的居格斯
gylbarde's gate	勇将门
gymnasiou acheloios	育体阿刻罗俄斯
gymnasiou akantha	育体刺口花
gymnasiou echeneis	育体鮣鱼
gymnasiou elaphos	育体驯鹿
gymnasiou gryps	育体鹰头狮
gymnasiou hippogryph	育体骏鹰
gymnasiou korrigan	育体柯瑞甘
gymnasiou lampas	育体拉姆帕斯
gymnasiou leon	育体雄狮
gymnasiou leon mikros	育体小狮
gymnasiou lyssa	育体吕萨
gymnasiou mandragorai	育体蔓德拉
gymnasiou mandragoras	育体蔓德拉
gymnasiou megakantha	育体巨型刺口花
gymnasiou meganereis	育体巨型涅瑞伊斯
gymnasiou nereis	育体涅瑞伊斯
gymnasiou pithekos	育体猿猴
gymnasiou pithekos mikros	育体小猿
gymnasiou satyros	育体萨提洛斯
gymnasiou sinapi	育体芥子
gymnasiou souchos	育体鳄
gymnasiou sphinx	育体斯芬克斯
gymnasiou styphnolobion	育体槐龙
gymnasiou tigris	育体猛虎
gymnasiou tigris mikra	育体小虎
gymnasiou triton	育体特里同
gymnastic eggplant	育体茄子
gymnastic garlic	育体大蒜
gymnastic onion	育体洋葱
gymnastic queen	育体王后
gymnastic tomato	育体番茄
gynehive	武神窟
gyorai quickstrike	闪雷击 鱼雷
gyr abania	基拉巴尼亚
gyr abanian gazelle hawk	基拉巴尼亚羚鹰蜂
gyr abanian hornbill	基拉巴尼亚犀鸟
gyr abanian mud slug	基拉巴尼亚蛞蝓
gyr abanian vulture	基拉巴尼亚兀鹫
gyr kehim	幻我园
gyrating glare	激情的闪光
gyre charge	螺旋冲锋
gyre spume	游涡泡沫
gyrocleave	垂直驱动
gyrtower	不净之塔
h'raha tia fistborn	天赋异禀 赫·拉哈·提亚
haam auk	哈姆杀手海鹦
haam aurelia	哈姆海月水母
haam caribou	哈姆驯鹿
haam crystal	哈姆水晶
haam dhruva	哈姆陀鲁婆
haam forlorn	哈姆迷失者
haam frostbeast	哈姆冰霜兽
haam golem	哈姆七彩巨像
haam halonid	哈姆冰战神使
haam hornbill	哈姆犀鸟
haam merino	哈姆美利奴羊
haam myrrlith	哈姆密尔里石
haam otodus	哈姆耳齿鲨
haam polycrystal	哈姆多晶体
haam troll	哈姆巨魔
haam yakow	哈姆亚考牛
habetrot	哈贝罗特
habisphere	生态园
habisphere control	生态园管理局
hack goliath tank	骇入：大型战车
hacked turret	被入侵的炮塔
hades's gates	哈迪斯之门
hadhayosh	哈达约什
haematology room	力之间
hagakure	叶隐
hagetsu	破月
hail of feathers	骤羽
hail of fire	爆发火击
hail of heels	连踢
hail of hellflares	核爆雨
hail of thunder	雷光雨
hailed radiance	彗星剑
hailfire	冰雹发射
haillenarte manor	艾因哈特伯爵府
hailstone	雹块
hailstorm	冰雹
hailstorm sprite	冰雹元精
haimatinon	血印
hair flay	咒发杭击
hair raid	咒发突袭
hair shears	交叉控制
hair splitter	出其不意库啵
hair spray	咒发针
haircut	魔发斩
hak khaal	哈克卡勒河
hakke mujinsatsu	八卦无刃杀
hakkinryu	白金龙
hakulaq	哈库拉克水龙蜥
hakuro whitefang	白牙 白狼
hakutaku	白泽
hakutei	白帝
halatali	日影地修炼所
halatali bat	日影地蝙蝠
halatali djigga	日影地血蚤
halberd's head	战戟大街（住宅区管理人）
halberd's head subdivision	[扩建区]战戟大街（住宅区管理人）
halcyon court	和平的残滓
haldrath's arm	对龙弩炮哈尔德拉斯
haldrath's march	哈尔德拉斯行军道
half beats	2拍节奏
half circuit	回旋半身残
half full	半身残
half gravity	小重力
half moon	月之半相
half-asleep	渐渐入睡
half-cracked captain	异形船长
halfstone	二分石地
halfstone shoalclaw	二分石地滩爪鱼人
halfstone shoalscale	二分石地滩鳞鱼人
halfstone shoalspine	二分石地滩棘鱼人
halgai shoot	刺草幼芽
halicarnassus	哈利卡纳苏斯
halidom	仿制圣域
halimede	哈利墨德
halitostroper	臭套索花
hall of artifice	诡巧大厅
hall of ascension	升天大厅
hall of becoming	藏宝间
hall of blood	馆主之间
hall of congress	十二神大圣堂特殊会场
hall of flames	恒辉作战总部
hall of hieromancy	神谕所
hall of lead	迟缓殿
hall of magicks	魔书翼廊
hall of rhetoric	人民辩论馆
hall of sorrow	悔恨殿
hall of stone	飞石殿
hall of summoning	次元缝隙迎宾室
hall of supplication	大祈祷所
hall of temptation	金堂
hall of the bestiarii	兽斗间
hall of the cesti	拳斗间
hall of the crupellarii	蛮斗间
hall of the deviant	妖王朝堂
hall of the griffin	狮鹫之间
hall of the inexorable	勇将朝堂
hall of the novice	初学者学堂
hall of the provocatores	剑斗士大堂
hall of the savage	兽王朝堂
hall of the secutores	剑斗间
hall of the spear	冰天宫
hall of the tainted	腐王朝堂
hall of the unbound	临时面试会场
hall of the unseen	眼根大堂
hallowed bolt	无双惊电突
hallowed dive	神圣俯冲
hallowed ground	神圣领域
hallowed halls	圣座
hallowed kamuy	青君神威
hallowed peak	撕裂天空的灵峰
hallowed plume	神圣之羽
hallowed ray	神圣射线
hallowed wings	神圣之翼
halo of destruction	毁灭光环
halo of flame	焰之光轮
halo of heat	环火灼烧
halo of levin	雷之光轮
hammer beak	猛锤喙
hammer brush	重锤掠刷
hammer knuckles	重锤指压
hammer landing	冲锋旋锤
hammer motif	重锤彩绘
hammer round	大地连锤
hammer stamp	重锤敲章
hammer throw	掷锤
hammer time	重锤连击
hammerfall	锤击
hammerhead	锤头鲨
hammerhead crocodile	锤头鳄
hammerlea	金锤台地
hammerleap	重锤跃击
hamon holyfist	拳圣 哈蒙
hamsa hatchery	桓娑牧场遗址
hana arashi	花风
hanadoki	我流花时
hanakaze	花风
hancock	汉考克
hand dryer	烘干之手
hand of beauty	优美的左手
hand of erebos	厄瑞玻斯的巨腕
hand of grace	优雅的右手
hand of judgment	强冲拳
hand of pain	苦痛之手
hand of parting	离别之手
hand of prayer	祈祷之手
hand of the destroyer	幻天破坏拳
hand of the empire	帝国之手
hand of time	异界时针
hand over	递交
hand to heart	手抚胸
handmirror lake	手镜湖
handprint	压杀掌
hands of flame	火焰拳
hands of hell	业火拳
handsome stranger	帅气的男子
hanging barbs	悬钩群
hanging tower	自缢塔
hanging tributary	冰蚀地带
hangry hiss	生气猫
hannish fire	拉札罕之火
hannish waters	拉札罕之水
hannish winds	拉札罕之风
hanuhanu angler	哈努族捕鱼人
hanuhanu combmaker	哈努族手艺人
hanuhanu farmer	哈努族农夫
hanuhanu windscryer	哈努族巫女
hanuman langur	长尾神猴
hanzo the hidden	影隐之半藏
haokah followed	哈奥卡首领
haokah perfected	正统哈奥卡
haokah unbound	迷途哈奥卡
haokah unburdened	徘徊哈奥卡
hapalit	哈帕利特
hapalit piece	奇子·哈帕利特
haphazard arrow	乱射矢
hapi-ankh	哈皮安珂
happily ever after	从此美满
happy bunny	幸福兔
happy street	搬运幸福的通道
happy surprise	惊喜大奖
harakiri	切腹
harakiri hanya	切腹般若
harakiri kosho	切腹小姓
haranguing harrier	激昂异端者
harbinger of death	死相
hard beak	硬喙
hard head	硬脑袋
hard marked	禁止更改指定对象
hard place	崖畔亭
hard rock	泥岩柱
hard slash	重斩
hard splash	重飞溅
hard stomp	重踏
hard strike	重袭
hard swipe	强烈重击
hard thrust	坚硬刺
hard to miss	宿命
hard water	重水块
hard worker	劳动光荣
hard-boiled	硬派之源
hard-pressed surveyor	正在检修的研究员
hard-striking adventurer	格斗家冒险者
hard-whiskered namazu	坚决的鲶鱼精
hardcore	硬核之声
harden shell	甲壳强化
hardened heart	摇摆的天平
hardened marine	老练的海兵
hardened scales	蛇鳞
harder worker	劳动很光荣
hardest worker	劳动最光荣
hardheel marcheterre	坚盾 马尔什泰尔
hardiboiled	哈尔迪博尔德
hardscale armadillo	硬鳞犰狳
hardsilver chain	拘束弹
hardskin amphisbaena	硬皮双向海龙
hardskin stingray	硬皮刺魟
hardwood altar	高木祭坛
hardy refugee	幸存的难民
hardy-daytona	哈迪·戴托纳
hare among giants	巨人的兔窝
harmachis	赫鲁玛奇斯
harmonic arrow	和弦箭
harmonized	攻击准备
harmony	阴阳苑
harmony of body	身体之座
harmony of mind	精神之座
harmony of spirit	魂魄之座
harness fire	炎帝热气烧
harness snipper	披甲利螯陆蟹
harpeia	哈佩亚鸟妖
harping aether	以太渔枪
harpooner nagori	渔枪手 余波
harpuia	哈耳庇厄鸟妖
harrowing dream	怪梦
harrowing hell	魔殿震击
hartebeest	狷羚
harutsuge gate	春告门前
harvest	吸魂
harvest begins	大镰的意义
harvest dance	丰饶之舞
harvest festival	收获祭
harvest moon	收获月
harvester	收割蟹
harvestman	收割者
hastaloeya	哈斯塔尔乌雅
haste iii	强加速
hastilude	武装卫护
hastilude heartened	武装卫护：效果
hastridie hawke	黑兔堂 阿斯特莉蒂
hasty mirage	水蜃景
hasty spirit	缩时药
hatching bunny	开心彩蛋幸福兔
hatching canal	育鱼人工河
hatching-tide helpmeet	彩蛋狩猎执行委员
hatebound	邪龙爪牙
hated of embers	火神的诅咒
hated of frost	冰神的诅咒
hated of levin	雷神的诅咒
hated of the vortex	风神的诅咒
hated of the wyrm	圣龙的诅咒
hateful harrier	憎恨异端者
hateful miasma	恨怨瘴气
hateful visage	启动咒像
haten eijinsen	破天慈刃旋
hatsugyo	发鱼
haughty one	傲慢的年长溪流
haukke manor	静语庄园
haunted manor	亡灵府邸闹鬼庄园
haunting cry	诡异的叫声
haunting thrall	被迷惑的尸灵
haurchefant	太棒了！
haute air	炎扇煽火
have a blast	嘭嘭爆炸
havoc spiral	灾乱螺旋
hawk blaster	鹰式破坏炮
hawk's eye	鹰眼
hawkers alley	市场（国际广场）
hawkers round	国际广场
hawkish talons	利鹰坚爪
hawthorne hut	霍桑山寨
haymaker	闪身拳
haywire	猛冲
hazardous ascension	凌空破II
head bandit	盗贼团长
head butt	冲顶
head crusher	裂脑
head down	兽性冲击
head graze	伤头击
head in the clouds	云上
head of fire	烈火龙头
head of ice	寒冰龙头
head of poison	剧毒龙头
head of reason	理王古鲁加加
head of resolve	武王古鲁加加
head of the adjudicator	审判化身的头部
head of the coeurl	豹头
head of thunder	雷电龙头
head on	追尾
head over heels	神魂颠倒
head snatch	首角抢攻
head toss	甩尾锤
head-on emission	前方排障
head-splitting roar	处刑人的咆哮
headache	冲击
headlight	前照光
headlong rush	猛进击
headman's delight	断头台
headquarters entrance	总部塔入口
headrip ogre	斩首食人魔
heads and tails	利爪凶尾
heads roll	魔具展开
headsman's delight	断头台
headsman's wind	处决风刃
headspin	旋转挥打
headstone	石面
headwind	逆风
heal an ally	治疗防护职业
heal multiple allies	治疗小队队员
healer of the drake	乌氏的医师
healing glyph	治疗区
healing hands	外气功
healing holy water	导魂圣水
healing light	疗愈之光
healing magic down	治疗魔法效果降低
healing potency down	魔法治疗力降低
healing water	治愈之水
healing wind	治愈微风
healthy and happy	幸福的救治
healthy tsanahale	健康奇纳哈尔鸟妖
heart and soul	专心致志
heart asunder	心碎
heart breach	突枪
heart ecru	常风之心
heart in the machine	机心合一
heart of corundum	刚玉之心
heart of dragon	邪龙形态
heart of earth	地脉之间
heart of judgment	刑律波动
heart of light	光之心
heart of man	龙人形态
heart of nature	地灵脉
heart of stone	石之心
heart of the chakram	战轮电火花
heart of the creator	亚历山大之心
heart of the dragon	龙脉之间
heart of the father	戈耳狄俄斯之心
heart of the mountain	土神的心石
heart of the problem	燃烧吧高吉
heart of the rroneek	犎牛的心脏
heart of the sworn	银胄团总长室
heart of tural	图拉尔之魂
heart of water	水脉之间
heart of wind	风脉之间
heart on fire iii	熊熊爆炎
heart shatter	碎裂
heart shot	精准射击
heart stake	刺心桩
heart-struck	心震
heartbreak	碎心击
heartbreak holt	碎心树林
heartbreak kick	碎心踢
heartbreak shot	碎心箭
heartbreaker	碎心一击
heartbroken ochu	碎心大口花
heartburn	烧心
hearthward	苍色的日常
heartless	冷血剑
heartless angel	无心天使
heartless archangel	无心大天使
hearts tread and trampled	遭到蹂躏的心
heartsick	心病
heartsore	心伤
heartstopper	强突
heartstream	心流区
heartwood	树心切割
hearty vittle	活泼的储备粮
heartyvow	放马过来哥布
heat blast	热冲击
heat bond	炎狱爆
heat breath	灼热吐息
heat burst	热波
heat gaze	炽热凝视
heat lightning	惊电
heat of battle	部队特效：讨伐经验值提高
heat of condemnation	狱炎炎击
heat ray	炽热射线
heat shielding reassembly	装甲再生
heat shock	热震荡
heat vortex	火炎龙卷
heat wave	热浪
heated arrow	冻结箭
heated blast	热浪弹
heated clean shot	热狙击弹
heated outburst	气焰
heated slug shot	热独头弹
heated split shot	热分裂弹
heathcliff	南部丘陵
heather falls	石楠瀑布
heatstroke	热能支配：热
heatwells	热井
heaven and earth	震天动地
heaven bomb	翅膀炸弹
heaven of earth	土天
heaven of fire	炎天
heaven of ice	冰天
heaven of lightning	雷天
heaven of water	水天
heaven of wind	风天
heaven's confederate	天之御柱的海盗
heaven's wrath	圣光爆裂斩
heaven-on-high	天之御柱
heavenly aka-ishi	天之赤岩
heavenly amagoi	天之祈雨龟
heavenly amikiri	天之切网虾蛄
heavenly ango	天之安居鮟鱇
heavenly aomino	天之盐蓝燕
heavenly apa	天之阿帕斯
heavenly araragi	天之紫衫
heavenly ashigaru	天之足轻
heavenly bombfish	天之刺球爆弹怪
heavenly chizakura	天之血樱
heavenly coralshell	天之珊瑚壳
heavenly cyclone	天堂旋斩
heavenly dhara	天之陀罗
heavenly dhruva	天之陀鲁婆
heavenly dodo	天之渡渡鸟
heavenly dogu	天之土偶
heavenly doguzeri	天之毒芹
heavenly dokyu	天之无畏
heavenly enko	天之猿猴
heavenly ganseki	天之岩石
heavenly garula	天之加鲁拉
heavenly gedan	天之獦狚
heavenly gowan	天之铁臂
heavenly gozu	天之牛头
heavenly gyuki	天之牛鬼
heavenly hakagiri	天之一日海蛇
heavenly halgai	天之刺草球
heavenly hand	天之右手
heavenly hanya	天之般若
heavenly harakiri	天之切腹般若
heavenly hashiri-dokoro	天之东莨菪
heavenly hatamoto	天之旗本
heavenly heel	天踵
heavenly hitotsume	天之独眼
heavenly hornbill	天之红角犀鸟
heavenly host	天堂君威
heavenly hyoga	天之冰牙
heavenly hyozan	天之冰山
heavenly ichijama	天之生邪魔
heavenly iseki	天之异石
heavenly iwamushi	天之岩虫
heavenly jaki	天之邪鬼
heavenly jellyfish	天之海滨水母
heavenly jinba	天之人马
heavenly jubokko	天之树木子
heavenly judge	天罚
heavenly judgment	圣天击灭斩
heavenly jujishi	天之狮鹫
heavenly kamakiri	天之螳螂
heavenly kamanari	天之鸣釜
heavenly karakuri	天之机关人
heavenly katasharin	天之片轮车
heavenly keukegen	天之毛羽毛现
heavenly kiyofusa	天之清房
heavenly koja	天之高加颅
heavenly koki	天之钢鬼
heavenly kongorei	天之金刚铃
heavenly korpokkur	天之叶小妖
heavenly kosodegai	天之小袖贝
heavenly kraken	天之蛸入道
heavenly kubinashi	天之无头鬼
heavenly kuro-kishi	天之黑骑士
heavenly kuro-usagi	天之黑兔
heavenly kyozo	天之镜像
heavenly mammoth	天之长毛象
heavenly mannenso	天之万年草
heavenly maruishi	天之圆石
heavenly matamata	天之玛塔蛇颈龟
heavenly matanga	天之象魔
heavenly menreiki	天之面灵气
heavenly mifune	天之三船
heavenly mizumimizu	天之仙女虫
heavenly mokin	天之猛禽
heavenly moko	天之猛虎
heavenly monoiwa	天之物岩
heavenly morbol	天之魔界花
heavenly mukai-inu	天之送狼
heavenly mutsu	天之鯥鮟鱇
heavenly naga	天之那迦
heavenly naked yumemi	天之无壳观梦螺
heavenly namazu	天之鲶鱼精
heavenly noyagi	天之野山羊
heavenly nuppeppo	天之肉人
heavenly okami	天之狼
heavenly onibi	天之鬼火
heavenly onmitsu	天之隐密
heavenly onryo	天之怨灵
heavenly otokage	天之巨蜥
heavenly penghou	天之彭侯
heavenly rachimonai	天之无厘头
heavenly rakshasa	天之罗刹
heavenly rowan	天之老猿
heavenly ryujin	天之龙人
heavenly ryukotsu	天之龙骨
heavenly sai taisui	天之赛太岁
heavenly saikoro	天之骰子
heavenly scythe	天堂之镰
heavenly sekiban	天之石板
heavenly sekizo	天之石像
heavenly shabti	天之沙布提
heavenly shark	天之飞鲨
heavenly shield	圣盾防御
heavenly shikubi	天之四九火
heavenly shinzei	天之真济
heavenly shiomushi	天之盐虫
heavenly shioname	天之盐尝
heavenly shiro-jishi	天之白狮
heavenly shishi	天之狮子
heavenly shitaibana	天之尸生花
heavenly shizuku	天之滴
heavenly slash	天斩
heavenly strike	天降一击
heavenly subjugation	天将霸道击
heavenly sword	圣剑攻击
heavenly tatsunoko	天之龙之子
heavenly tenaga	天之长手精
heavenly tengu	天之鸦天狗
heavenly tenma	天之马
heavenly tesso	天之铁爪
heavenly tetsu-kyojin	天之铁巨人
heavenly tofu	天之豆腐
heavenly tokage-musha	天之蜥武者
heavenly tokagekiba	天之牙蜥
heavenly unkiu	天之甲鲎
heavenly uwabami	天之蟒蛇
heavenly vanara	天之婆那罗
heavenly wakakusa	天之嫩草
heavenly wanyudo	天之轮入道
heavenly yak	天之牦牛
heavenly yuki	天之幽鬼
heavenly yuki-otoko	天之雪人
heavenly yuki-tokage	天之雪蜥
heavenly yumemi	天之观梦螺
heavenly zenki	天之前鬼
heavens confluence	天界交叉斩
heavens earth	神界石
heavens glacier	天降冰河
heavens stake	苍穹火刑
heavens tackle	月天冲
heavens thrust	苍穹刺
heavens tower	天之塔
heavens trial	炎天净火
heavens ward	苍穹骑士团
heavensblaze	苍穹炽焰
heavensearth	大震击
heavensent	苍穹刺预备
heavensfall	天崩地裂
heavensfall trio	天地的三重奏
heavensflame	天火
heavensflame soul	天火刻印
heavensfrost	天冰
heavenslash	天堂斩
heavensturn	降神节
heavensunder	天国分断
heavensward	苍穹
heavensward howl	苍穹长啸
heavensward leap	穿越苍穹
heavensward roar	苍穹咆哮
heaving breath	吐息
heaving haymaker	强力震击
heavy anti-air particle beam	高射式高压波动炮
heavy arms	武装
heavy artillery unit	重型陆战装置
heavy attack	强击
heavy banemite	加重祸蛛蝎
heavy blast cannon	重击式冲击炮
heavy cannon	集中炮击
heavy feet	迟缓
heavy hand	掌掴
heavy hatchling	胖儿陆行鸟
heavy hitter	重斩击
heavy impact	大爆炸
heavy interference	请求集中炮击
heavy matamata	重玛塔蛇颈龟
heavy medal	战章过重
heavy pollen	沉重花粉
heavy resistance	加重无效
heavy scrapline	蛮力金刚臂
heavy shot	强力射击
heavy slam	重猛击
heavy smash	重挥碎击
heavy snow	大雪球
heavy soul snare	灵魂陷阱：加重
heavy stomp	重踩
heavy strike	沉重打击
heavy surface missiles	大型对地导弹
heavy swing	重劈
heavy tail smash	重尾部碎击
heavy tail swing	重回旋尾
heavy thrust	重刺
heavy toss	蛮力上投
heavy weight	重打击
heavy wide-angle particle beam	广角式高压波动炮
heavydoom	重压弹
heavyweight needles	重量级飞针
hecatoncheir blastmaster	百臂暴冲巨人
hecatoncheir hellhowler	百臂悲号巨人
hecatoncheir mastermind	百臂主脑巨人
hecatoncheir overseer	百臂首脑巨人
hecatoncheir piledriver	百臂打桩巨人
hecatoncheir quakequeller	百臂镇地巨人
hecatoncheir rocksplitter	百臂裂岩巨人
hecatoncheir rockvaulter	百臂撑岩巨人
hecatoncheir shieldrummer	百臂敲盾巨人
hecatoncheir shockblocker	百臂抗击巨人
hecatoncheir skullcrusher	百臂碎骨巨人
hecatoncheir skullsplitter	百臂裂骨巨人
hecatoncheir spineslicer	百臂刺脊巨人
hecatoncheir stonebreaker	百臂碎石巨人
hecatoncheir stonehauler	百臂运石巨人
hecatoncheir stonehoarder	百臂囤石巨人
hecatoncheir tremorward	百臂监震巨人
hecatoncheir wallcrasher	百臂破壁巨人
heckler imp	诘问小魔精
hecteye	百目
hecteyes	百目妖
hedetet	赫德提特
hedge gobknight	佣兵骑士
hedge knight	防备骑士
hedge mazing	百花齐放
hedgehoglet	小刺猬
hedgemole	针鼹
hedgerow ochu	树篱大口花
hedgetree	境树
heel of the cell	挑战笼中地狱
heel toe	趾踵步
hegemone	赫革摩涅
heidrun	海德伦
height error	高度错误
height of chaos	混沌之巅
heightened rage	狂怒
heightened visibility	识破
heimdall debris	观察艇碎片
heimdall's last sight	海姆达尔级观察艇残骸
heirloom scream	绝叫
heirsbane	遗祸
helblar shriek	腐汁飨宴
helicoclaw	螺旋爪
heliodor carbuncle	金绿宝石兽
heliodrome	太阳之路防卫塔
heliogabalus	赫利奥加巴卢斯
helios conjunction	阳星合相
heliovoid	太阳虚空
hell awaits	笼中地狱后遗症
hell in a cell	笼中地狱
hell of fire	炎狱破
hell of howls	军兽训练区
hell of lightning	雷狱球
hell of malms	行军训练区
hell of waste	玄冥瀑
hell of water	玄冥流
hell of waves	海上训练区
hell on rails	铁马车轨道
hell skewer	地狱穿刺
hell slash	地狱挥
hell wind	地狱之风
hell's egress	地狱出境
hell's ingress	地狱入境
hell's judgment	地狱审判
hell's sting	地狱苦痛
hellbender	水栖蝾螈
hellborn anala	地狱阿那罗
hellborn yawp	地狱之声
hellbrand	地狱烙印
hellburner	对装甲炸弹
hellclap	地狱拍
hellclaw	地狱爪击
helldive	地狱俯冲
helldiver bit	无人型地狱潜者
hellfire	地狱之火炎
hellfire fetch	地狱火
hellfire shikigami	焰之式神
hellfrog medium	通灵之术·大虾蟆
hellhound	地狱犬
hellish breath	炼狱吐息
hellish conduit	灵泉
hellish earth	烈焰领域
hellish gasame	地狱拥剑蟹
hellish lion	地狱狮子
hellish naked yumemi	地狱无壳观梦螺
hellish scythe	地狱之镰
hellish slash	地狱斩
hellish torment	死亡烈焰
hellish yumemi	地狱观梦螺
hellmaker	焦热刑具
hellpounce	地狱爪袭
hellpup	地狱小犬
hells gate	狱门
hells kier	狱之底
hells lid	狱之盖近海
hells nebula	地狱星云
hells trial	炎狱净火
hellsbound warrior	狱鬼战士
hellsbrood holes	狱门蚁穴
hellscathe	地炎
hellsclaw	魔导地狱爪
hellseal	试炼刻印
hellsfire	妖炎
hellsnap	地狱咬
hellssend	地狱葬送
hellstorm	地狱风暴
hellward bound	烈火地狱冲
helm beetle	盔甲虫
helm crack	破盔
helmsman	平民派飞行员
helping hand	部队特效：制作经验值提高
hemitheos	半神
hemitheos's aero iii	半神暴风
hemitheos's fire iii	半神爆炎
hemitheos's flare	半神核爆
hemitheos's glare	半神闪耀
hemitheos's glare iii	半神闪灼
hemitheos's holy	半神神圣
hemitheos's holy iii	半神豪圣
hemitheos's thunder iii	半神暴雷
hemitheos's tornado	半神龙卷
hemitheos's water iii	半神狂水
hemlock	铁杉村
hemlock archaeornis	铁杉古鸟
hemorrhagic projection	指向性冲击波
hen hustle	母鸡发威
henbane	天仙子
hengr's crucible	亨格坩埚
hephaistos	赫淮斯托斯
her inflorescence	开花的神明
herb casket	装药草的箱子
herb scavenger	寻找药草的拾荒者
herb-picking maiden	采草药的女孩
herbsona	草人化
here comes the boom	爆炸湮灭——爆弹之祖
herensugue	赫瑞苏格
heretic maiden	女性异端者
heretic's fork	异端十字叉
heretic's quoit	异端圆环
heretical harrier	异端劫匪
heritage found	遗产之地
hermetic recluse	魔之隐者
hermetica	赫尔墨斯文集
hermit's hovel	隐者庵
hernais the tenacious	忠犬 艾尔内斯
hero's blow	摧枯拉朽
hero's lament	英烈之歌
hero's rift	次元的缺口
hero's rime	英雄之歌
heroes and pretenders	祭器创造的假象
heroes fantasia	英豪的幻想曲
heroes gauntlet	暗影决战诺弗兰特
heron's flight	苍鹭瀑布
heron's nest	苍鹭池
heron's way	苍鹭河
heros's blade	守护者之刃
heros's glory	守护者的荣耀
heros's mantle	守护者的职责
heros's radiance	守护者的光辉
heros's sundering	守护者的斩断
herpekaris	赫尔佩伽里斯
herpetology forum	蛇之间
heshuala	海休瓦拉
hesperos	赫斯珀洛斯
hess afah	永望顶
heustienne truethrust	全真枪 厄丝蒂安
hewerald ironaxe	铁斧 修维拉尔德
hex eye	凶眼
hexadrone bit	魔导六轮装甲浮游炮
hexagon belt	六角缠绕
hexalift	六角梯
hexapod	六足炮台
hexing harrier	诅咒异端者
hexing staff	黑暗之杖
hexing staves	黑暗之杖
hhetsarro angler	崇灵之民渔夫
hhetsarro herder	崇灵之民女性
hhetsarro outlaw	崇灵之民强盗
hhusatahwi	胡萨塔伊驿镇
hi-nrg fever	高能夜狂热
hic svnt leones	此处有狮
hidden cache	秘密宝物库
hidden canals of uznair	运河宝物库深层
hidden current	能缩地脉
hidden dynasty	霸王幻影法
hidden falls	隐秘瀑布
hidden falls docks	隐秘瀑布码头
hidden gardens	秘密花园
hidden gate	岩户隐
hidden gorge	隐塞
hidden halls	后宫
hidden locus	遗迹深层
hidden mine	地雷爆炸
hidden mine shrapnel	地雷大爆炸
hidden minefield	隐形地雷散布
hidden rations	隐藏的军粮
hidden shores	隐匿滨
hidden shores subdivision	[扩建区]隐匿滨
hidden tear	藏泪丘
hidden trap	陷阱
hidden truths	隐藏的真相
hiemal ray	严冬射线
hiemal storm	严冬风暴
hieroglyphika	圣书体
higanbana	彼岸花
high and mighty	绝对权威
high arithmeticks	算术：高度2
high baboulas	高位巴布拉斯
high bank	高岸
high caterwaul	雷兽咆哮
high concept	概念支配
high crucible of al-kimiya	炼金术制药堂
high fire powder	重爆炸粉
high five	击掌
high gravity	高重力
high heat	热病
high jump	高跳
high jump target	选定目标：黑暗高跳
high larder	食料储藏库
high mobility vacuum suit	高机动型强力机兵
high morale	士气高涨
high pressure	高压
high putto	高位小天使
high seas	出海垂钓
high summoner sari	大召唤师萨利
high thunder	高闪雷
high tide	满潮击
high tide harbor	满潮港
high voltage	高压电流
high volts	高压电
high water	高压水流
high wind	强风
high wire	激昂
high-caliber laser	大口径激光
high-frequency laser	高周波激光
high-handed knight	非常有威严的神殿骑士
high-level incubation bay	特级合成兽培养室
high-order explosive blast	气浪效果弹头
high-powered beam	高功率光束
high-powered homing lasers	高功率追踪射线
high-powered laser	高功率激光
high-powered magitek cannon	高功率魔导加农炮
high-powered magitek ray	高功率魔导激光
high-powered sniper cannon	狙击式大功率波动炮
high-powered sniper cannon fodder	狙击式大功率波动炮
high-strung hen	母鸡
high-tension discharger	高压排电
high-voltage electray	高能雷转质射线
highbridge	跨天桥
highcant hatsugg chah	福音使者 哈茨古·春
higher power	雷气充填
highest heaven	星天
highest holy	至高神圣
highest stakes	乾坤一掷
highland battlefield	岩峰武斗场
highland condor	高地秃鹰
highland dhara	高地陀罗
highland eruca	高地毛虫
highland goobbue	高地古菩猩猩
highland hyssop	高地海索草
highland raider	高地之民恶汉
highlightning	界雷
highmorn's horizon	迎晨广场
highmorn's horizon subdivision	[扩建区]迎晨广场
highwing chapuli	高翅蚱蜢
highwood estates	乔木住宅区
hikagiri	一日海蛇
hilda's hound	火枪队队员
hildibrand	希尔迪布兰德
hills of amber	琥珀丘
hillside myrmeleon	山岭蚁蛉
himaa hunter	席玛部猎人
himaa warrior	席玛部战士
hind whip	尾鞭
hindsbane fang	背裂獠齿
hindsbane venom	背裂锐牙
hindsting strike	背击獠齿
hindstung venom	背击锐牙
hingashi	远东之国
hinkypunk	鬼火苗
hippo calf	河马幼崽
hippo cart	河马车
hippo ridin	河马骑手团
hippocerf	骏雕
hippogryph	骏鹰
hippogryph pup	骏鹰幼崽
hippokampos	鱼尾海马怪
hippomartimus	海栖马
hippomenes	希波墨涅斯
hired assassin	受雇的刺客
hired axe	受雇的斧术师
hired bow	受雇的弓箭手
hired fist	受雇的格斗家
hired guard	商队的护卫
hired hand	肯里克的保镖
hired muscle	受雇的格斗家
hired thug	被雇佣的无赖
hissing cobbles	悄声小道
hissing reprise	定时诅咒
hissing resonance	共鸣诅咒展开
history gallery	历史展示层
hit and run	连打带跑
hive gate	红腹蜂巢大门
hoard wealth	价格暴跌的波动
hoarfrost hall	白霜官舍
hoarfrosted aevis	白霜龙鸟
hoarfrosted harrier	白霜异端者
hoarhound halo	霜狼闪
hoarmite	霜蛛蝎
hoary boulder	白光刃 赫利·博尔达
hoary goobbue	灰白古菩猩猩
hoary the snowman	雪孩子
hobgoblin	大哥布林
hobgoblin blagger	大哥布林强盗
hobgoblin guard	大哥布林守卫
hobgoblin longstick	大哥布林队长
hobgoblin marauder	大哥布林强盗
hobgoblin robber	大哥布林强盗
hobgoblin runner	大哥布林跑者
hobgoblin thief	大哥布林盗贼
hold roof	城塞屋顶
holding line	待命区
holed mole	鼹鼠母亲
holiest hallowing	至圣祥光
holiest of holy	至圣
hollow banishment	抑制空洞
hollow baron engineer	饿犬家族机师
hollow baron gunner	饿犬家族炮手
hollow baron lodesman	饿犬家族操舵员
hollow baron waister	饿犬家族甲板员
hollow blade	凿洞
hollow camisado	虚空夜袭
hollow crystal	虚无水晶
hollow gargoyle	虚空石像鬼
hollow gravity	空洞引力
hollow harbor	空葫芦港
hollow king	虚无之王
hollow night	虚空暗夜
hollow nightmare	虚空噩梦
hollow nozuchi	幻影野槌
hollow of the flesh	再赋肉身
hollow omen	虚空预兆
hollow purgatory	创生树隔离层
hollow spike	空心钉
hollow temple knight	虚空神殿骑士
hollow terror	虚空恐惧
hollowshield	虚空之障
holly blue	冬青小灰蝶
holmgang	死斗
holminster switch	水滩村
holo ark	末世方舟
holocharts	诸神黄昏级三号舰作战室
holosakos	整体盾
holy ascent	升天
holy blade	神圣剑
holy bladedance	圣光剑舞
holy blaze	圣焰
holy bleed	神圣爆发
holy blur	神圣雾
holy bonds	圣之魔印
holy breath	神圣吐息
holy cannon	神圣炮
holy chain	圣锁
holy circle	圣环
holy comet	神圣彗星
holy consult	神圣的教导
holy cow	优雷卡圣牛
holy divided	分裂神圣
holy edge	神圣刃
holy flame	圣火
holy grace	神圣恩典
holy hail	神圣冰雹
holy hazard	神圣破
holy heat	圣热风
holy iii	豪圣
holy impact	神圣星屑冲击
holy in white	神圣之白
holy lance	圣枪
holy light	圣光
holy meteor	陨石圣星
holy orb	神圣球
holy purgation	圣之双印
holy scourge	圣光之鞭
holy sheltron	圣盾阵
holy shield bash	圣盾猛击
holy spellblade	魔法剑·神圣
holy sphere	光球
holy spirit	圣灵
holy sprite	圣元精
holy stables	圣大鸟房
holy storm	神圣风暴
holy sword	神圣剑
holy trinity	圣三一
holy water	圣水
holy wyvern	神圣双足飞龙
home at heart	心爱的蓝色故乡
home beyond the horizon	回去吧，回到遥远的故乡
home sweet hideaway	开拓据点
homestead	家园
homing cannon	自控式冲击炮
homing laser	自控射线
homing lasers	追踪射线
homing missile	自控导弹
homing missile impact	追尾导弹命中
homing pattern	诱导魔纹
homing ray	自控射线
homing shot	自控射击
hon-maru	本丸
hon-maru manor	本丸御殿
hon-maru tenshu	本丸天守阁
honed eye	利刃流心眼
honed reavers	穿裂锐牙
honed spellblade	魔法剑强化
honed steel	咬噬锐牙
honey bee mine	心醉魂迷：奴役
honey beeline	甜心烈风
honey yard	蜜场
honey-glazed	蜂蜜
honeybee cloud	蜜蜂云
honeybee swarm	蜜蜂群
honeycomb	蜂蜡墙
honeydipper imp	偷蜜小鬼
honeyed breeze	甜心突风
honeyed charms	魅惑蜂蜂
honeyed front	前方花蜜喷吐
honeyed left	左侧花蜜喷吐
honeyed right	右侧花蜜喷吐
honeyhunter	猎蜜熊
honeymaker	酿蜜蜂
honeypot rosebear	蜜罐玫瑰熊
honeysuckler	吸蜜怪
honing dance	刃舞
honing ovation	刃舞·终
honor's accord	厌忌剑技
hoobigo axebrother	霍比格族斧手
hoobigo bladebrother	霍比格族剑手
hoobigo forager	霍比格族采集者
hoobigo guardian	霍比格族剑勇士
hoobigo lancer	霍比格族枪勇士
hoobigo porter	霍比格族运货人
hood swing	甩头攻击
hooded assaulter	神秘的袭击者
hooded headsman	某个处刑人的记忆
hoofkick	后踢
hooked bombfish	上钩的刺球爆弹怪
hooked burrs	黏菌发射
hooked shiranui	上钩的不知火
hooked unkiu	上钩的甲鲎
hooked yumemi	上钩的观梦螺
hooves of the rroneek	犎牛的后踢
hop-step	跃动舞步！
hope forgotten	遗忘的希望
hopeless devotion	心醉魂迷：爱慕
hopelessness	斗气波动
hoper's hold	希望的货舱
hopeseed pond	萌芽池
hopl's dropple	霍啪栌古盘
hopl's stopple	霍啪栌古盘
hoplomachus praetorianus	禁卫剑斗士
hopping mad	震击怒涛
hoppity havoc	哐哐猛挥
hoptrap	阱蛇麻
horde aevis	部落龙鸟
horde armored dragon	部落龙龟
horde biast	部落雷蛟
horde commander	部落之首
horde dragon	部落巨龙
horde dragonfly	部落蜻蜓飞蜥
horde drake	部落火蛟
horde lullaby	魔物们的摇篮曲
horde mite	群生蛛蝎
horde outflyer	部落高速飞龙
horde runner	部落之足
horde scout	部落之眼
horde shield dragon	部落盾龙
horde skirmisher	部落巡视飞龙
horde skirmisher captain	部落巡视飞龙长
horde transcendent	部落登龙
horde wyvern	部落双足飞龙
horizon	地平关
horizon's edge	地平
horizons calling	越过地平线
horizontal crosshatch	横向双重抓
horizontal kenoma	侧面坚守
horizontal rule	草书
horlais peak	霍尔莱岩峰
horn of despair	绝望之角
horn-honing gazelle	磨角瞪羚
horned iguana	尖角鬣蜥
horned lizard	角蜥蜴
hornet cloud	黄蜂云
hornet swarm	黄蜂群
hornfly	角蚂蜓
horns of the rroneek	犎牛的大角
hornswaggle	摇刃
horny toad	坚蟾蜍
horology room	测时之间
horoscope	天宫图
horoscope helios	阳星天宫图
horrea campi	平原仓库
horrid blaze	恐惧之炎
horrid horn	恐角
horrid roar	恐惧咆哮
horrida bella	恐怖战争
horrific bhoot	恐怖浮灵
horrific hatchling	变异的幼龙
horrisonous blast	震耳巨响
horror eye	惊恐之眼
hortorium	作物园艺馆
hostile aspect	极性波动
hostile commander	袭击者的指挥官
hostile sky armor	袭击者的浮空装甲
hostile stranger	神秘的袭击者
hot aerial	腾火踏浪
hot air	热气
hot and cold	冰炎乱流
hot blast	气浪爆
hot charge	炽热冲锋
hot cross bomb	特殊炸弹
hot foot	飞火
hot grenade	火热榴弹怪
hot hands	火热
hot hip	瑞贝卡之果
hot horns	狂热
hot impact	炽焰冲击
hot iron	陨星
hot lava	熔岩流
hot pursuit	火碎
hot shot	热弹
hot spell	魔力解放·火
hot tail	燃烧之尾
hot temper	爆破风压
hot water	热泉
hot wing	燃烧之翼
hot-blooded	战火热病
hot-headed blue	年轻气盛的甲人
hotfooted gallimimus	急行似鸡龙
hotspot	红莲炎
hound light	狩猎光
hound out of heaven	蓄力冲撞
hound out of hell	地狱冲
hour of certain durance	责罚监狱
hourglass	沙钟旅亭
hourlinet the devout	虔诚的乌尔利内
house arrest	判决确定：强制接近命令
house durendaire archer	狄兰达尔家的射手
house durendaire banneret	狄兰达尔家的枪骑兵
house durendaire chirurgeon	狄兰达尔家的医师
house durendaire guard	狄兰达尔家的卫兵
house durendaire knight	狄兰达尔家的骑兵
house dzemael archer	泽梅尔家的射手
house dzemael banneret	泽梅尔家的枪骑兵
house dzemael guard	泽梅尔家的卫兵
house dzemael knight	泽梅尔家的骑兵
house dzemael stonemason	泽梅尔家的石匠
house fortemps archer	福尔唐家的射手
house fortemps banneret	福尔唐家的枪骑兵
house fortemps engineer	福尔唐家的工兵
house fortemps guard	福尔唐家的卫兵
house fortemps herald	福尔唐家传令员
house fortemps knight	福尔唐家的骑兵
house haillenarte banneret	艾因哈特家的枪骑兵
house haillenarte engineer	艾因哈特家的工兵
house haillenarte guard	艾因哈特家的卫兵
house haillenarte knight	艾因哈特家的骑兵
house of letters	书信之家
house of light	光之海啸
house of sticks	废弃小屋
house of the fierce	烈士庵
house of waters high	溢水浮岛大房
house of winds high	繁茂温风大房
hover docks	资源输入港
hoverfly swarm	花蝇群
hovering hawker	盘旋鹰蜓
hovering hot pot	风火锅
hovernyan	浮游猫
howl of the void	虚无啸
howling agony	光轰
howling atomos	叫声的阿托莫斯
howling blade	剑嚎
howling bloomshower	饿狼花车
howling darkness	黑暗咆哮
howling eight	八连光弹
howling eye	呼啸眼石塔群
howling fist	空鸣拳
howling havoc	风尘咆哮
howling icewind	饿狼雪风
howling moon	月夜狼嚎
howling moonlight	饿狼月光
howling tizona	提佐纳的咒风
howling triumph	胜利长啸
howling wail	咆吼
howling wildfire	爆裂野火箭
howling wing	翼吼
hraesvelgr	赫拉斯瓦尔格
hraesvelgr broodling	圣龙子嗣
hrimthurs	霜巨魔
hrmovir point	赫玛威尔阵地
hrodric poisontongue	直言不讳 赫罗德里克
hrodvitnir	恶名苍狼
hropken	洛浦肯
huallepen	华列彭
huebald	休巴尔德
huff and puff	吐出
huffy cat	生气猫
huge hornet	大黄蜂
huibairten's harrier	于贝尔唐的追随者
huik'ku'uxo	胡伊克库乌索
hulk dweller	废船栖身者
hull nix	战舰夜蟾蜍
hullbreaker isle	破舰岛
humbaba	洪巴巴
humble hammer	万宝槌
humble triumph	得意洋洋
hume adventurer	休姆族冒险者
humility of the alacran	钳蝎帮谦恭术士
hummelfaust	新型浮士德
humming atomizer	毒雾喷雾器
hunberct longhaft	剃刀手 胡恩博克特
hundred cuts	微尘斩
hundred fists	百烈拳
hundred lashings	胡乱打
hundred throes	悲叹飞泉
hundred-and-one revelations	百一启示
hundredfold gale	百倍飓风
hundredfold havoc	百雷缭乱
hungering gardens	翠牙园
hungry buzzard	饥饿秃鹫
hungry canis lupinus	饥饿军用狼犬
hungry caterpillar	饥饿的青虫
hungry daphnia	饥饿月蚤
hungry dreadwolf	饥饿恐慌黑狼
hungry for victory	斗志昂扬的冠军
hungry hammerhead	饥饿锤头鳄
hungry harpuia	饥饿哈耳庇厄鸟妖
hungry hobbledehoy	饥饿的少女
hungry jackal	饥饿的野狗
hungry lance	枪扫击
hungry ocelot	饥饿豹猫
hungry ratel	饥饿蜜獾
hungry snipper	饥饿利螯陆蟹
hungry sotormurg	饥饿鸵鸟
hungry tursus	饥饿图苏斯水龙蜥
hungry yeheheceyaa	饥饿舞翼飞龙
hunks of junk	金属废料
hunt board	怪物狩猎告示板
hunter antlion	猎手蚁狮
hunter of bardam	巴儿达木的猎人
hunter's arrow	狩猎之箭
hunter's bite	猛袭利牙
hunter's claw	狩猎者之爪
hunter's coil	猛袭盘蛇
hunter's den	猛袭盘蝰
hunter's harvest	贪狼之剑
hunter's instinct	猛袭
hunter's legacy	勇敢的猎人
hunter's might	全力刺
hunter's moon	狩猎之月
hunter's prudence	猎人的智慧
hunter's ring	独狼格斗场
hunter's sting	猛袭利齿
hunter's venom	连击双锐牙
hunting archaeornis	狩猎古鸟
hunting coyote	狩猎郊狼
hunting falcon	猎隼
hunting ground	嚎狼格斗场
hunting hawk	猎鹰
hunting hound	无法猎犬
hunting troll	狩猎巨魔
hunu'iliy	心火塔
huracan	乌拉坎
huraijin	风来刃
hurricane	飓风
hurricane force	飓风
hurricane kick	灵魂旋风脚
hurricane wing	飓风之翼
hustings strip	政府层
hwittaeki	灰达奇
hyaku-raiton	百雷遁之术
hyaline	镜海鱼店
hybodus	弓鲛
hybodus pup	弓鲛幼体
hybrid dragon	改造龙族
hybrid gator	混血巨鳄
hybrid hog	混种野猪
hybrot hornet	半机械黄蜂
hydaelyn	海德林
hydaelyn idol	海德林偶像
hydaelyn's ray	海德林光线
hydatos delphyne	丰水达菲妮
hydatos elbst	丰水水龙蜥
hydatos elemental	丰水元灵
hydatos gigantopithecus	丰水巨猿
hydatos grenade	丰水榴弹怪
hydatos nix	丰水夜蟾蜍
hydatos peiste	丰水毒蜥蜴
hydatos primelephas	丰水曙象
hydatos pudding	丰水软糊怪
hydatos slug	丰水蛞蝓
hydatos squib	丰水爆壳怪
hydatos tsanahale	丰水奇纳哈尔鸟妖
hydatos vepar	丰水魔陆鱼
hydatos wraith	丰水幽灵
hydatos zebu	丰水瘤牛
hydatos ziz	丰水席兹
hydnora	火花草
hydrate	化水
hydrate core	水合核心
hydraulic hop	跳一跳
hydraulic ram	水力冲撞
hydro pull	水力吸引
hydro push	水力推行
hydro ring	水环
hydro shot	水球喷射
hydro terminal	水之终端
hydroball	水力球
hydroblast	水力爆发
hydrobomb	水化爆弹
hydrobullet	水化弹
hydrobullet target	选定目标：水化弹
hydroburst	水化爆破
hydrocannon	水化炮
hydrocleave	深水切割者
hydrocore	水化核心
hydroelectric shock	雷水场
hydrofall	水瀑
hydrofall target	选定目标：水瀑
hydrofan	水力风扇
hydromantic terraces	水占庭园
hydromorph	水态转换
hydropins	水力尖刺
hydroptosis	水之倾泻
hydrorythmos	水之流动
hydroshot	水球喷射
hydrosphere	水化球体
hydrosprite	水化元精
hydrostasis	水之停滞
hydrosurge	水力浪涌
hydrotaph	水力流葬
hydrothermal missile	蒸汽导弹
hydrothermal vent	海底热泉
hydrovent	水涌
hydrowave	水之波动
hydrowhirl	水力旋流
hydrozoan	水螅虫
hygieia	许癸厄亚
hyosetsu	冰雪
hyosho ranryu	冰晶乱流之术
hyper jump	超高跳
hyper pulse	超能脉冲
hyper-focused particle beam	狙击式波动炮
hypercarrot cannon	高能胡萝卜炮
hypercharge	超荷
hypercharged	超荷预备
hypercharged cloud	波动云
hypercharged condensation	吸引波动云
hypercharged dispersal	被吸收
hypercharged glower	聚能怒视
hypercharged light	雷转质光
hypercompressed plasma	超压缩等离子
hypercondensed thunder	冲击雷
hyperconductive plasma	重雷
hypercurrent	高圧雷流
hyperdimensional slash	多维空间斩
hyperdrive	超驱动
hyperelectricity	雷波
hyperexplosive plasma	重爆雷
hyperflame	超级汽油弹
hypermost stage	最终区
hypernova	超新星
hyperphantasia	绘灵幻景
hyperpyroplexy	超火卒
hypershot	超力射击
hyperstellar downconverter	超星际通信塔
hypertuned	超级调整兵
hypertuned dabog	超级调整兵 达波格
hypertuned grynewaht	强化格林瓦特
hypervelocity	超高速
hypha whip	菌丝鞭
hypno squama	睡梦鳞粉
hypnotize	凝视
hypnowave	催眠波
hypodermic hustle	哈娑舞
hypothermal amplification	大冰碎
hypothermal combustion	冰碎
hypothermia	低温症
hyrstmill	林场水车
hysteria	恐慌
hysteric assault	癫狂突袭
hysteric smash	歇斯底里
hysteric voice	歇斯底里之声
hysterical hawker	歇斯底里的商人
hythlodaeus	希斯拉德
hyur-eating pelican	食人鹈鹕
hyur-eating raptor	食人盗龙
hyuran attacker	人族袭击者
iai-giri	居合斩
iai-kasumi-giri	居合霞斩
iaijutsu	居合术
iainuki	居合斩
iambic march	独行进行曲
ianthine petalouda	紫蝶
ibukimaru	伊吹丸
ic-01 control	一号舰管制区间
ic-02 control	二号舰管制区间
ic-04 control	四号舰管制区间
ic-04 main bridge	诸神黄昏级四号舰第一舰桥
ic-06 central decks	诸神黄昏级六号舰舰体中央
ic-06 main bridge	诸神黄昏级六号舰第一舰桥
ic-06 regeneration grid	诸神黄昏级六号舰再生控制区
ic-08 control	八号舰管制区间
ic-09 control	九号舰管制区间
ice aegis	冰阵盾卫
ice age	寒流
ice alchemy	魔力操纵：冰
ice and fire	冰与火
ice and levin	冰与雷
ice and wind	冰与风
ice arcanum	冰天奥秘
ice azer	冰魔
ice blade	冰魔剑
ice bloom	冰散
ice bomb	寒冰爆弹
ice bombard	寒冰轰击怪
ice boulder	冰块
ice break	破冰
ice breath	寒冰吐息
ice burst	放射冰
ice cage	寒冰牢狱
ice charge	带冰
ice cluster	冰簇
ice commander	寒冰指挥官
ice convergence	非冰反射
ice cream	冰片乱舞
ice dart	冰块
ice dispenser	散冰
ice dragon	冰龙
ice dragon in waiting	埋伏中的冰龙
ice dragon piece	奇子·冰龙
ice familiar	寒冰守护精
ice field	流冰带
ice floe	浮冰
ice golem	寒冰巨像
ice grid	冰格
ice guillotine	断头冰台
ice homunculus	人造冰元素
ice legatus	寒冰使者
ice loaded	冰属性充填
ice mirrorknight	寒冰镜骑士
ice missile	寒冰导弹
ice of ascalon	阿斯卡隆之冰
ice ooze	凉凉毒素
ice pillar	冰柱
ice resistance down	冰属性耐性降低
ice rondel	大冰块
ice scream	冻雪之声
ice shoot	射冰
ice slave	冰之随从
ice soldier	寒冰士兵
ice sphere	冰球
ice spikes	冰棘屏障
ice sprite	冰元精
ice storm	吹雪
ice talon	冰爪
ice veil	永久冰晶
ice warrior	寒冰战士
ice wave	冰流
ice weakness	看穿弱点：冰
ice zoblyn	寒冰矿怪虫
iceball	寒冰球
iceberg	冰块
icebitten	冰爪
icebloom	冰花满开之术
icebloom cavern	冰华洞
icebomb burst	寒冰爆发
icebound buffoon	过冷雪球
icebound buffoonery	变成雪球
icebound tomelith b10	冰封的石文B10
icebound tomelith b11	冰封的石文B11
icebound tomelith b12	冰封的石文B12
icebound tomelith b13	冰封的石文B13
icebound tomelith b14	冰封的石文B14
icebound tomelith b15	冰封的石文B15
icebound tomelith b16	冰封的石文B16
icebound tomelith b17	冰封的石文B17
icebound tomelith b18	冰封的石文B18
icebrand	冰印剑
icebreaker	碎冰
iceclaw	冰爪
icecrusher	碎冰击
icedrop blast	寒冰冲击
icefall	冰瀑
icefall familiar	冰柱守护精
iceflame summoning	冰火召唤
icelit dragonsong	冰与光的龙诗
icemeld	冰魔冲
icepoint	冰点
iceskin peiste	冰皮毒蜥蜴
icestorm	吹雪
icethrower	喷冰
icetrap	寒冰陷阱草
icewater undine	冰水温蒂尼
icewind	雪风
icewind twister	寒冰旋风
icewolf	冰狼
iceworm	异形幼虫
ichi-no-kuruwa	一之曲轮
ichorous drip	怒水露滴
ichorous ire	怒水腐液
ichthyology	水生生物创造场
icicall	召唤冰柱
icicle impact	冰柱冲击
icicle sprite	冰柱元精
iconic execution	化身剑技
iconic transendence	化身转移
icuvlo's inn	伊库乌洛商旅馆
icy bauble	冰之辉石
icy hands	招死之手
icy portent	寒气术
icy throes	投冰
icy torment	冰寒折磨
ideal host	夜游魂衣预备
identical cast	专一垂钓
identical gig	专一刺鱼
idol of darkness	暗黑心象
idol of impurity	不净之塔
idolatry	盲崇
idyllic dream	境中奇梦
idyllic will	睡魔的神气
idylls of the empire	皇国田园
idyllshire	田园郡
idyllshire aetheryte plaza	以太之光广场
idyllshire goblin	田园郡哥布林
ifrit egi	伊弗利特之灵
ifrit's beacon	火神伊弗利特的圣火台
ifrit's favor	深红旋风预备
ifrit-egi	伊弗利特之灵
igeyorhm	以格约姆
igeyorhm's shade	以格约姆之影
ignamoth	烈火蛾
igneous conception	化形
ignis amoris	爱之火
ignis est	是为烈火
ignis fatuus	愚火
ignis odi	恨之火
igniter imp	点火小魔精
igniting lights	爆炎招来
ignition	点火
ignoble griffin	低劣的狮鹫
ignorabimus	我仍将一无所知
ignore target	目标·禁止
iguana huaca	华迦斯鬣蜥
ihnuxokiy	伊努索奇
ihuykatumu	生息河岸
ihuykatumu bat	生息蝙蝠
ihuykatumu doblyn	生息矿妖虫
ihuykatumu flytrap	生息陷阱草
ihuykatumu ivy	生息藤蔓
ihuykatumu maip	生息飔戮龙
ihuykatumu ocelot	生息豹猫
ihuykatumu orobon	生息鬼鮟鱇
ihuykatumu puma	生息山狮
ihuykatumu sandworm	生息沙虫
ihuykatumu tomaton	生息黏浆果
ihuykatumu treant	生息树精
ihuykatumu widowmaker	生息屠夫食蚁兽
ihuykatumu wivre	生息犀蜴
ijin district	异人街
ikishoten	意气冲天
iksalion	改造鸟人
ilberd the unrelenting	偏执不化的伊尔伯德
ill intent	邪念
ill will	恶意
ill wind	尘卷
ill-come tengu	六根天狗
ill-gotten goods	咒物赊卖
illicit aerostat	罪人的航空机
illicit turret	罪人的激光炮塔
illumed estoc	幻光剑
illumed facet	幻光身
illuminated plaza	大圣堂前广场
illuminati bighand	青蓝大手
illuminati commander	青蓝之手指挥官
illuminati dirtyhand	青蓝脏手
illuminati driver	青蓝之手驾驶员
illuminati escapee	青蓝之手逃亡者
illuminati footman	青蓝之手步兵
illuminati glider	青蓝之手滑翔兵
illuminati gunner	青蓝之手炮手
illuminati hand cannon	青蓝手炮
illuminati initiate	青蓝之手创始人
illuminati marksman	青蓝之手神枪手
illuminati revenger	青蓝之手复仇者
illuminati smallhand	青蓝小手
illuminati sniper	青蓝之手狙击手
illuminati soldier	青蓝之手士兵
illuminati vangob	青蓝之手哥布林装甲
illuminati whizzlepop	神秘试验装置
illuminating glimpse	烈火一闪
illumination	光弹唱
illuminus	科学城
illumoth	幻惑蛾
illusive fire	幻火
illusory creation	创造幻影
illusory glare	幻影闪耀
illusory gloom	幻影黑暗
illusory hephaistos	赫淮斯托斯的幻影
illusory soul	创造幻影：葬送
illusory themis	特弥斯的幻影
ilsabard	伊尔萨巴德
ilsabardian regen	北洲再生
ilsabardian tursus	伊尔萨巴德图苏斯水龙蜥
ilyikty'i	伊克提
imagination	异想天开
imaginifer aggressor	侵略者咒法士
imbued absolute blizzard iii	魔法剑·绝对冰封
imbued absolute fire iii	魔法剑·绝对爆炎
imbued coruscance	魔法剑技·光明利剑
imbued saber	魔法剑
imdugud	伊姆都古德
imitation blizzard	仿效冰结
imitation gogo	格格的幻影
imitation icicle	仿效冰柱
imitation rain	仿效雨
imitation star	仿效星
immaculate apa	无瑕阿帕斯
immaculate healer	无罪导师
immaculate knight	无罪魔剑士
immaculate magus	无罪巫师
immaculate warrior	无罪战士
immaterialized	不完全形态
immature minotaur	未成熟的弥诺陶洛斯
immature stymphalide	未成熟的铁爪怪鸟
immersion	沉浸
imminent catastrophe	天灾降临
immolate	大燃烧
immolating flame	大火焰
immolating shade	重黑炎
immolation	祭神
immortal anathema	不朽的诅咒
immortal conception	不死鸟的概念
immortal flame	恒辉烈焰
immortal flames	恒辉队
immortal key	龙之楔
immortal mettle	不屈
immortal reign	万劫不朽的统治
immortal remains	某些人的记忆
immortal sacrifice	死亡祭品
immortal spark	不死鸟的概念残片
immortal's obol	不灭者的导枝
immortalion	不死化
immortalize	愤怒的咆哮
immortalized clockwork dreadnaught	不朽恐慌装甲
immortalized clockwork knight	不朽发条骑士
immortalized clockwork soldier	不朽发条士兵
immortalized colossus	收藏用铁巨人
immortalized death claw	不朽死亡爪
immortalized interceptor drone	不朽无人机
immortalized predator	不朽猎手
immovable	不动钟塔
immune response	免疫反应
imp choir	河童歌唱队
imp punch	河童拳
imp song	河童之歌
impact crater	大爆炸痕迹
impact imminent	埋伏之毒预备
impact of hod	荣光撞击
impact roar	冲击咆哮
impact stream	冲击流
impact zone	浪崩
impactful	冲击预备
impalement	刺穿
impalement arts	百匕散射
impartial ruling	审理之光
impassion	祸乱
impassioned	狂躁
impassioned inputs	爆发时间
impassioned sparks	焰光
impatient son	性情急躁的青年
impeding trap	妨碍陷阱
impenetrable veil	迷雾结界
imperative guard	奥斯塔尔严命城的卫兵
imperator	绝对统治
imperatum	英白拉多
imperial assault craft	高速魔导驱逐艇
imperial authority	帝国权威
imperial bestiarius	帝国矛斗士
imperial canis pugnax	帝国军犬
imperial centurion	帝国百夫长
imperial colossus	帝国巨兵
imperial darkshadow	帝国暗影
imperial dead	帝国亡者
imperial decurion	帝国十夫长
imperial deserter	帝国逃兵
imperial engineer	帝国工程师
imperial eques	帝国骑士
imperial frumentarius	帝国军密探
imperial funditor	帝国箭斗士
imperial guard	白帝降临
imperial hastatus	帝国青年兵
imperial hexadrone	帝国魔导六轮装甲
imperial hoplomachus	帝国剑斗士
imperial image	帝国兵的幻影
imperial imaginifer	帝国咒法士
imperial impostor	伪装的帝国兵
imperial laquearius	帝国绳斗士
imperial medicus	帝国医护兵
imperial mineshaft	废弃矿坑
imperial nightshadow	帝国夜影
imperial outpost	帝国军前哨基地
imperial palace	帝都魔导城
imperial pilus prior	帝国千夫长
imperial predator	帝国魔导猎手
imperial princeps	帝国首领
imperial pyromancer	火焰百夫队的术师
imperial reaper	帝国魔导死神
imperial rearguard	帝国魔导后卫
imperial sagittarius	帝国弓斗士
imperial salute	帝国式军礼
imperial secutor	帝国拳斗士
imperial shadow	帝国阴影
imperial signifer	帝国旗手
imperial sky armor	帝国浮空装甲
imperial slasher	帝国魔导螳螂
imperial soldier	帝国兵的声音
imperial speculator	帝国思辨者
imperial supply crate	帝国军的整备物资
imperial tesserarius	帝国传令官
imperial war hound	帝国战犬
imperial way	皇族区域通路
imperial will	帝国的意志
imperiled hunter	陷入危机的狩猎者
imperious	居高临下的巨影
imperium	绝对统治
impervious	特殊耐性
implode	自我毁灭
implosion	向心聚爆
implosive curse	咒怨击
imposing figure	豪之架势
impression	印象
impressionable youth	无助的少女
imprison	监禁
imprisoned adventurer	被囚禁的冒险者
imprisonment	入狱
improved blasting device	新型爆破装置
improvisation	即兴表演
improvised finish	即兴表演结束
impulse drive	脉冲枪
impulse rush	脉冲刺
impulsive appraisal	直觉甄别
impure bhoot	不洁浮灵
impure pulse	不净之光
impure purgation	炎流
in control	部队特效：加工精度提高
in costume	穿着玩偶装
in dawn's embrace	仰望黎明的天空
in event	剧情中
in from the cold	无尽寒夜
in fulgur and fire	火花与闪光
in health	身体健康
in sickness	病入膏肓
in thal's name	大会开始
in the balance	生命的天平
in the headlights	主首耐性降低
in the spotlight	高光时刻
in the weeds	参与割草
in training	训练中
incalculable	算命树之干
incalculable approach	前往算命树的林道
incalculable boughs	算命树之枝
incalculable heights	算命树之冠
incalculable roots	算命树之麓
incandescence	幻闪光
incandescent interlude	灼热旋律
incapacitated	力竭
incapacitating soul snare	灵魂陷阱：无法行动
incarnation	圣徒洗礼
incendiary barrage	大型燃烬导弹
incendiary bombing	燃烧导弹
incendiary burns	芥末灼烧
incendiary circle	汽油弹燃烧圈
incendiary ring	汽油弹燃烧环
incendiary saturation bombing	扩散燃烧导弹
incendiary support	请求轰炸
incense penalty	禁止使用杜松香
inception	时空潜行
inception formation	时空潜行阵列
incinerate	烈焰焚烧
incinerating heat	净化射线
incinerating lahar	火山泥流爆
incineration	光击唱
incitatus	英西塔土斯
inconceivable	概念拒绝
incongruous spin	逆断震回旋
inconspicuous imp	主宰者的侍从
incorporeal	无形无实
increased sentence	充电
incubation	培养爆弹怪
incubation bay	培养层
incubation bay vii	第七培养层
incubation bay viii	第八培养层
incubator transport	培养器搬运臂
incubus	恶梦
inculcation channel	信仰抽离区
incurable	体力恢复无效
indefatigable blade	物理强化魔刃
indelible passage	不要忘却的深奥
independent tactics	自由作战
index and archive peripheral	手臂归档X
indigo beast	苍茫之兽
indigo flagship	蓝裂小丘
indigo whale	须鲸
indigo woe	苍茫灾厄
indiscriminate detonation	引爆地雷
individual reprobation	个体断罪
indivisible	算术：质数
indolent will	懒惰的神气
indomitability	不屈不挠之策
indomitable	不屈号
indomitable m'zhet tia	不屈不挠 梅·赛特·提亚
indomitable spirit	不屈的斗志
indomitable will	强腕的神气
indulgence	耽溺
indulgent will	圣母的神气
industrial force	魔导之力
inebriated imp	醉酒小魔精
inefficient hooking	提钩成功率降低
inertia stream	惰性流
inescapable blast	广范围攻击
inescapable companionship	近咒魔锁发动
inescapable entrapment	陷阱狂欢
inescapable illumination	曝露光
inescapable loneliness	远咒魔锁发动
inevitability	死之泛滥
inevitable flame	限时炎爆
inevitable law	追加律法
inevitable light	限时光爆
inevitable sentence	追加刑罚
inexorability	直击
inexorable pull	重力操纵
inexorable will	无情的神气
infallible missile	精确制导导弹
infant imp	小小魔精
infantry deterrent	对地炸弹
infatuated	心醉魂迷：好感
infatuation	怨念
infern brand	设置咒具
infern gale	咒具暴风
infern ward	咒具警阵
infern wave	咒具流火
infern well	咒具吸炎
infernal beacon	熊熊燃烧的圣火台
infernal deliverance	诱引
infernal fetters	火狱之锁
infernal flames	业火
infernal gate	冥王之门
infernal howl	炎影咆哮
infernal nail	火狱之楔
infernal pain	地狱之痛
infernal redemption	狱火救赎
infernal shadow	炎影伊弗利特
infernal shroud	炎影
infernal slash	地狱斩
infernal slaughter	火焰乱击
infernal slice	地狱切割
infernal spin	超华丽野蛮旋火
infernal stream	狱火奔流
infernal surge	火狱之炎
infernal sword	炎影剑
infernal torrent	狱火洪流
infernal trinity	冥王三体
infernal wave	地狱波动
infernal weight	地狱之重
infernal wind	地狱风
inferno	地狱之火炎
inferno blast	狱火爆炎
inferno devil	火焰旋风
inferno divide	十字火法
inferno drake	狱炎火蛟
inferno howl	灼热咆哮
inferno theorem	散火法
infestation	侵扰
infinite anguish	无尽痛苦
infinite fire	炎之刻印
infinite ice	冰之刻印
infinite limit	超越界限
infinite reach	无限刃
infinity	无限祖尔宛
infirm soul	虚证弹
infirmity	虚弱
inflame	炮仗
inflammable fumes	可燃性气体
inflatable mograft	莫古力充气浮床
inflated nix	膨胀夜蟾蜍
inflorescent sapria	大寄生花
information center	信息中心
infralateral arc	外侧晕弧
infrared blast	热线照射
infrared homing missile	红外制导导弹
infuriate	战嚎
infuriated	愤怒V
infusion	猛突进
ingenuity	新颖
ingenuity's foothold	技巧宫
ingenuity's ingress	技巧之间
ingenuous botanist	稳重的研究员
inghilswys	因格希尔希斯
ingleside	皓天炉舍
ingleside apartment	皓天炉舍房间
ingleside apartment lobby	皓天炉舍大厅
ingleside subdivision	[扩建区]皓天炉舍
ingurgitate	掠食
inhibition	重压唱
inhumanity	非人暴行
initial preparations	起始准备
initialize androids	启动援护模块
initialize recall	回想记忆
initialize turrets	启动炮塔
initiate self-destruct	自爆系统启动
injured fortemps sentry	福尔唐家的伤兵
ink blot	墨点
ink claw	墨染巨钳虾
ink cloud	墨云
ink jet	喷墨
ink long dry	万世箴言
inkblot	墨点
inkstain	墨渍
inland tursus	内陆图苏斯水龙蜥
inn at journey's head	上路客店
inner antilight	中核暗黑光
inner beast	原初之魂
inner beastman	蛮族内心
inner bladestorm	内圆双斩
inner castrum	湖岸堡城内
inner chaos	狂魂
inner chaos ready	狂魂预备
inner darkness	暗之结界：内侧
inner demons	心魔
inner dragon	龙之力
inner flame	原初之火
inner fury	原初的勇猛
inner hold	要塞中城
inner keep	要塞内部
inner light	内光
inner locus	遗迹中层
inner passion	原初之爱
inner quiet	内静
inner rage	原初的愤怒
inner reaches	城内内区
inner regeneration grid	再生控制区内壳
inner release	原初的解放
inner sanctum	埋没遗迹
inner sanctum gate	祈祷所大门
inner strength	原初的觉悟
inner turmoil	内部骚动
inner wake	近处拜访
innerspace	缩小球
innocence	无罪斩
innocent gwiber	无瑕玲龙
innocent maiden	天真无邪的女子
innocent stork	愉悦犯 尹诺森特·斯托克
innovation	改革
inoshikacho	猪鹿蝶
inquiring mind	探求心
inquisitor guillaime	异端猎人 吉耶姆
inquisitor's blade	盘问剑
inquisitor's measure	审理之间
insane air	狂浪腾空
insanity	精神错乱
insatiable	贪欲
insatiable goobbue	贪婪古菩猩猩
insatiable ik'iit	饥饿伊齐图
insatiable light	破灭之光
insatiable thirst	贪欲无厌
inscribed	知识神圣刻
inscrutability	意义不明
insensate adventurer	昏倒的冒险者
insensible	知觉异常
insentient inquisitor	审问官法术师
inside out	内翻外转
inside roundhouse	内转脚
insides	城区内层
insight	村长屋前
inspiration	绘画装置
inspire	吸引
inspirit	激励
inspirited crosswinds	十字斗气斩
inspirited cyclone	圆刃斗气斩
inspirited hurricane	风烈斗气斩
inspirited impact	精炼斗气弹
inspirited meditation	空鸣斗气
instant incineration	爆裂炎
instinctual appraisal	大胆甄别
insulae	博兹雅堡垒居住区
insulting assault	侮辱乱拳
insurgency	叛乱
insurgent blade	攘夷派志士
intake wharf	资源输入码头
integrated aetheromodulator	加速激光
integrated scanner	分析装置
intemperance	冰火侵蚀
intemperate	体温变化
intemperate flames	魔力燃烧
intemperate ice	魔力冰冻
intemperate torment	侵蚀发动
intemperate will	扑杀的神气
intense pain	剧痛
intensified wailing	奴延咒声：集
interact with the battlefield	灵活运用场地机关
interaction	任务指令
interception sequence	执行协作程序
interceptor command system	截击指挥系统
interceptor drone	截击无人机
interceptor node	截击系统
intercessory	接待室
interdimensional bomb	次元炸弹
interdimensional explosion	次元爆炸
interdimensional rift	时空狭缝
interest captured	待捕获
interference	干涉
interject	插言
intermediate relativity	时间压缩·承
internal release	发劲
interphos	次元黄道
interring chamber	安葬之间
interrogation chamber	判罪之间
intersection	天星交错
intersite travel	前往宇宙探索据点
interstellar	星际穿越
interstellar dhalmel	宇宙长颈驼
interstellar leafkin	太空小叶灵
intervene	调停
intervention	干预
intestinal crank	绞肠
intimidation	恐吓
into the adder's den	蛇巢司令部
into the fire	血烟重波击
into the light	埋没之光
into the shadows	潜入阴影
intractable land	地脉隆起
intrepid blade	武勇剑
inugami	犬神
inugami's blessing	犬神的神通力
inugami's favor	犬神的神通力
invasive anemone	异国风花
invasive banemite	攻击性祸蛛蝎
invasive lunyucaua'pya	攻击性多牙龙
invasive miteling	攻击性灵蛛蝎
invasive mourner	入侵哀悼者
invasive ochu	攻击性大口花
invasive sarracenia	入侵避阳之花
invasive zaratan	游荡扎拉坦
inverse magicks	逆魔法
inverse operations	逆向
inversive chlamys	翻转斗篷
invert miasma	瘴气反转
invigorate	运气
invigorating flame dance	火焰之舞：青磷舞步
invigoration	命吸唱
invincibility	无敌
invincible	不灭孤念
inviolate bonds	创造魔印
inviolate purgation	创造双印
inviolate winds	风之魔印
inviolate witness	无垢之证
invisible	无形
invisible adder tahla molkoh	幽灵队员 塔拉·莫尔酷
invisible city	消逝王都
invisible touch	放电
invitation	拖入
inviting verse	诱导之歌
invocation of vengeance	怨咒的祈请
invoked acheron	召引阿刻戎
invoked arch demon	召引上级恶魔
invoked archaeodemon	召引古恶魔
invoked baal	召引巴尔
invoked bachelor	召引光棍
invoked caym	召引盖因
invoked cerberus	召引刻耳柏洛斯
invoked dahak	召引扎哈克
invoked destrudo	召引破坏本能
invoked dreamer	召引梦祸
invoked gremlin	召引格雷姆林
invoked gusion	召引古辛
invoked humbaba	召引洪巴巴
invoked poppet	召引玩偶
invoked satana	召引小恶灵
invoked sawtooth	召引锯齿花
invoked succubus	召引梦魔
invoked troubadour	召引行吟诗人
invulnerability	不死宣告
ion cluster	离子簇
ion efflux	离子流出
ion shower	离子冲击
ion storm	离子风暴
ionic antiblaster	强力吸取器
ionic discharge	致命放电
ionic turboblaster	改良型强力吸取器
ionospheric charge	蓄电乘雷
irate archaeosaur	发怒的古恐龙
iravati	伊罗婆缇
ireful gaze	愤怒视线
ireful wind	强风
iridized rise	虹彩阶梯
iriz ima	伊利祖玛象
irmin hedge	六合结界
irminsul	天柱树
iron air	热拳的架势
iron ball	大铁球
iron beak	铁喙魔鸟
iron cage	牢笼
iron carrot	强壮胡萝卜
iron cell	修炼所的铁栏
iron chain	锁链
iron chariot	钢铁战车
iron claws	钢铁之爪
iron construct	劳动型铁巨人
iron corse	铁面腐尸
iron cyclone	锐铁旋风
iron dwarf	铁小人
iron feast	饵食台地
iron fist	热拳击
iron gate	斗技场铁门
iron giant	古代铁巨人
iron golem	钢铁巨像
iron impact	热拳烈气炮
iron jaws	伶牙俐齿
iron justice	钢铁正义
iron kiss	炮击
iron lake	黑金湖
iron leg trap	捕兽夹
iron nail	阿尼玛之爪
iron nero	钢铁尼禄
iron out	咒发卸甲
iron pike	铁枪
iron rain	钢铁箭雨
iron rose	热拳斗气炮
iron sphere	大铁球
iron splitter	热拳地脉爆
iron storm	箭雨风暴
iron tackle	热拳冲
iron tempest	锐铁暴风
iron tortoise	精铁龟
iron uprising	神锤冲天
iron will	钢铁信念
iron womb	铁腹
ironbeard	矮人自走人偶
ironbeard killer	杀手自走人偶
ironbeard mazer	惊异自走人偶
ironbeard prototype	试制型自走人偶
ironbeard striker	强袭自走人偶
ironfrog ambler	青蛙号A
ironfrog mover	青蛙号M
ironquill tuco-tuco	铁刺土针鼹
ironroad	黑铁大道
irons of purgatory	炼狱之锁
irradiated	含光
irregular plasmoid	不规则离子电
irresistible grace	株连
irresistible pull	吸引力
irrigation ducts	灌溉用水路
irritated stinkshell	愤怒臭壳蛇颈龟
irritating tendrils	刺胞
irrlicht	迷光
isari slope	渔村附近
iseultalon	青爪魔
isgebind	足枷冰龙
ishgard	伊修加德
ishgard aetheryte plaza	以太之光广场
ishgardian archer	神殿骑士团射手
ishgardian astrologian	伊修加德的占星学家
ishgardian heavy infantry	神殿骑士团重骑兵
ishgardian light infantry	神殿骑士团轻骑兵
ishgardian merchant	皇都出身的商人
ishgardian pikeman	伊修加德枪术师
ishgardian pilgrim	伊修加德的巡礼者
ishgardian sentry	神殿骑士团的卫兵
ishgardian steel chain	战神钢锁链
isitva siddhi	物创灭
island adenium	海岛沙漠玫瑰
island alligator	海岛短吻鳄
island billy	岛屿公山羊
island buffalo	海岛水牛
island coastline	阿罗阿罗岛海岸
island doe	岛屿雌羚羊
island eggplant knight	海岛茄子骑士
island foreshore	阿罗阿罗岛外滩
island garlic jester	海岛蒜头明星
island gedan	獦狚
island interior	阿罗阿罗岛内陆
island mandragora	海岛蔓德拉
island mandragora queen	海岛蔓德拉王后
island megalocrab	岛屿陆蟹
island nanny	岛屿母山羊
island onion prince	海岛洋葱王子
island paradise	丰饶之岛
island peerifool	海岛皮里福尔
island rail	岛屿秧鸡
island sanctuary	开拓无人岛
island stag	岛屿雄羚羊
island tomato king	海岛番茄国王
island wolf	岛屿黑狼
islandhander	瓦尔独爪妖禽
isle drop	沉岛
isle guardian	空岛守护者
isle of bekko	龟甲岛近海
isle of bows	弓木树岛
isle of consorts	快婿树岛
isle of endless summer	永夏岛
isle of haam	哈姆岛
isle of ken	贤岛
isle of sisters	姐妹隐岛
isle of the dead	被遗弃的监狱岛
isle of zekki	绝鬼岛近海
isle return	海岛返回
isle sprint	海岛冲刺
islebloom light	岛屿之光
islekeeper	空岛卫士
isles of umbra	幻影群岛
isles of umbra docks	幻影群岛码头
isles of umbra northshore	幻影群岛北岸
isles of umbra southshore	幻影群岛南岸
isolde the eagle-eye	风花舞 伊索尔德
isolde's voice	像是伊索尔德的声音
isonade	矶抚
issom-har	空居
isten burst	暗以太爆发·壹
it's probably a trap	鱼道现身！
item penalty	禁止使用道具
itinerant moogle	旅行莫古力
itzpapalotl	伊兹帕帕洛特尔
ivon coeurlfist	双豹伊沃恩
ivon coeurlfist doll	伊沃恩玩偶
ivory chapel	久远圣堂
ivory palm	白手
ivy door	寄生树门
ivy fetters	藤蔓地狱
ivylash	藤蔓鞭打
iwa-no-shiki	岩之式鬼
ixali aero	鸟人疾风
ixali aero iii	鸟人暴风
ixali boldwing	鸟人豪放猛士
ixali bolecleaver	鸟人伐木勇士
ixali boundwing	鸟人弹翼勇士
ixali chieftain	鸟人队长
ixali deftalon	鸟人灵爪剑士
ixali dulltalon	鸟人钝爪剑士
ixali fearcaller	鸟人恐惧术士
ixali fencer	鸟人剑士
ixali fleetbeak	鸟人疾枪战士
ixali fogcaller	鸟人迷雾术士
ixali frostbeak	鸟人寒枪战士
ixali frostcaller	鸟人霜雪术士
ixali frostwing	鸟人冰翼勇士
ixali lightwing	鸟人轻翼勇士
ixali limbcutter	鸟人斩枝剑士
ixali logging grounds	鸟人军采伐所
ixali lostwing	鸟人折翼勇士
ixali sabreur	鸟人击杀剑士
ixali scout	鸟人斥候
ixali sincaller	鸟人原罪术士
ixali skycaller	鸟人唤天者
ixali skytalon	鸟人天爪剑士
ixali slowbeak	鸟人迟枪战士
ixali soilseer	鸟人培土术士
ixali stillbeak	鸟人静枪战士
ixali stitcher	气球缝制员
ixali straightbeak	鸟人直枪战士
ixali strongbeak	鸟人强枪战士
ixali stronghold	鸟人族据点
ixali strongtalon	鸟人强爪剑士
ixali strongwing	鸟人强翼勇士
ixali swiftbeak	鸟人敏捷战士
ixali swordfighter	鸟人剑卫
ixali watchwolf	鸟人守卫黑狼
ixali wildtalon	鸟人野爪剑士
ixali windtalon	鸟人风爪剑士
ixochole	寄生清汁
izanami	伊邪那美
j'dyalani	嘉·雅拉妮
j'ludaba	嘉·鲁达巴
j'moldva	嘉·莫尔巴
j'najaq sunflare	阳炎 嘉·娜迦珂
jabberwock	炸脖龙
jack-in-the-box	真假魔术箱
jack-in-the-pot	茶壶里的小丑
jackal pup	黑豺幼崽
jackanapes	顽猴杰克
jackanapes's bean-bearer	顽猴杰克的手下
jackpot	部队特效：金碟币提高
jackrabbit's run	沙纹战野
jacu bird	冠稚
jaculus	飞翼蜥
jade passage	翡翠通道
jade paths	翠绿坑道
jade stoa	白帝竹林
jaded jody	迟钝魔花乔迪
jadeite flood	翡翠湖
jadeite thick	翡翠湖滨
jagadishwari	至上天母
jagd doll	狩猎人偶
jagged edge	岩石突击
jagged maw	乱击獠牙
jaggedy-eared jack	锯耳 杰克
jahannam	哲罕南
jajanzo	加加恩佐
jajasamu	加加萨姆协耀尉
jane guy	简女士号
jangletype magitek vangob g-iii	3号哥布林装甲J型
jannequinard the succedent	智将 雅内基纳尔
janquetilaque's portrait	让克蒂拉克的肖像画
janremi blackheart	蛇蝎心 让勒米
jarring blow	沉重一击
jasper walls	赤红水殿
jateryu	贾塔尤
jaundiced tribunus	白铠甲帝国军政官
jaw of the br'aax	狞豹的凶颚
jaws of death	捕兽夹
jealous anaphylaxis	憎恶过敏
jealous one	嫉妒的年少溪流
jealous slope	望向城镇的山坡
jehantel the godsbow	强弓 让泰尔
jenlyns straightblade	秋水剑 杰林斯
jester's antics	虚伪的小丑
jester's jig	小丑的吉格舞
jester's reap	小丑收割
jester's reward	小丑的奖励
jester's truths	真实的小丑
jesting jackanapes	小妖魔
jet exhaust	热蒸汽
jettatura	魔眼
jewel bearer	携宝精
jewel fly	珠宝飞蚤
jewel wasp	珠蜂水母
jeweled boughs	珠宝树枝
jeweled crozier	市场（宝杖大街）
jhammel	长颈骆
jibanyan	地缚猫
jibanyan couch	地缚猫沙发
jijiroon's trading post	吉吉卢恩交易站
jinmenju	人面树
jinrinki	尘轮鬼
jiromaru	次郎丸
jitterbug	双人吉特巴
jitterbugged	舞蹈：双人吉特巴
jittering chapuli	抖动蚱蜢
jittering glare	热情的闪光
jittering jab	热情的一击
jittering jig	热情律动
jittering jounce	热情的波动
jitterjolt	噼里啪啦
jnanamandapa	若那海上智坛
jobb guard	乔布要塞的卫兵
joelana the unchaste	欲火激情 乔艾拉娜
joi blade	攘夷派的志士
joi genin	攘夷派的下忍
joi jonin	攘夷派的上忍
joi kiyofusa	攘夷清房
joi koja	攘夷高加颅
joi summoner	攘夷派的通灵忍者
joint pyre	共燃
jolaine	若莱娜
jolly green	绿巨猩猩
jolly merchant barber	愉悦商船会的船医
jolly merchant lodesman	愉悦商船会的领航员
jolly merchant waister	愉悦商船会的甲板员
jolly-tailed j'jhimei	乐天派 嘉·吉梅
jolt iii	激荡
jonathas	乔纳森
jormungand	约尔曼冈德
josselin's spire	若斯兰哨塔
joukil halfmoor's cell	沼地人尤奇尔的单牢
journey's end	漂流的终点
journey's head lookout	上路客店的卫兵
joy's hourglass	欢喜的沙漏
joye of nine faces	性情大变的乔伊
joyless dragonsong	绝望龙诗
joyous hall	喜悦大堂
judgment	制裁
judgment blade	不动无明剑
judgment bolt	制裁之雷
judgment crystal	审判结晶
judgment day	审判日
judgment formation	连续审判阵列
judgment jolt	制裁之界雷
judgment nisi	非最终审判
judgment of the land	图拉尔的仁义
judgment volts	制裁之热雷
judgmental floret	武断花苞
judgmental hip	武断花蕾
judgmental julika	武断魔花茱莉卡
juggernaut	接雨草沼泽地
juggler hecatomb	残虐杂技师
juggler's jape	耍球杂技
juggling sphere	杂耍球
jugular rip	撕喉
jugulate	割喉
juji shuriken	十字手里剑
jujui shuriken	十字手里剑
julia quo soranus	茱莉亚·库奥·索拉努斯
julia's voice	茱莉亚的声音
jullus pyr norbanus	尤卢斯·皮尔·诺巴努斯
jumbo mantis shrimp	巨大螳螂虾
jump scare	吓人突袭
jumping djigga	血蚤
jumping thrust	跳冲刺
junction	融合光波
junction dps	抽取融合·进攻
junction healer	抽取融合·治疗
junction loghrif	融合：阿洛格里夫
junction shiva	融合：希瓦
junction tank	抽取融合·防护
junction titan	融合：泰坦
junctioned cast	融合释放
jungle coeurl	丛林长须豹
jungle coeurl pup	丛林长须豹幼崽
jungle goobbue	丛林古菩猩猩
jungle iguana	丛林鬣蜥
jungle lizard	丛林蜥蜴
jungle midge cloud	丛林飞蚊云
jungle orobon	丛林鬼鮟鱇
jungle pelican	丛林鹈鹕
jungle sasquatch	丛林大脚巨猿
jungle tempest	骑虎暴风旋
jungle tiger	丛林猛虎
jungle's plea	密林圆场
junior jinbei	小甚平
juniper incense	杜松香
junkmonger nonoroon	诺诺卢恩
jura aevis	侏罗龙鸟
jury overruling	陪审团否决
just chilling	填充冷气
justice	正义合神
k'mul astropolis	星墓塔遗迹群
k-a model mammet	人偶KA
k-b model mammet	人偶KB
k-r model mammet	人偶KR
kabuto ironshell	铁甲钢壳 武盔
kacchapa	喀恰帕龟
kadjaya's footsteps	卡嘉雅舞台
kaen anala	火炎阿那罗
kageyama	景山
kahderyor	卡德由夜鸟
kahkol iloh	卡克儿衣楼
kairimai loquloqai	神子的祭坛
kaiser behemoth	凯撒贝希摩斯
kajigakaka	锻冶媪
kakashi	案山子神
kakodaimon	恶灵魔
kakuremi	隐身之术
kaleidoscope	万花筒
kallimelios zephyros	西风仄费罗斯的喝彩
kaltstrahl	寒光
kalypso	卡吕普索
kam'lanaut	卡姆拉纳特
kamaitachi	镰鼬
kamapuaa	卡玛普阿
kamikiri	切发龙虾
kampeos harma	海怪战车
kan rhai	天光交错
kan-e-senna	嘉恩·艾·神纳
kanabhuti	恰纳菩提
kanashibari	鬼束之术
kanilokka corpus	卡尼洛喀技术研究所
kanilokka corpus substructure	卡尼洛喀技术研究所地下
kapikulu	门奴
kapokapo	卡波卡波
kaqool ja's fury	卡库加之怒
karakuri hanya	机关般若
karakuri onmitsu	机关隐密
karasu redbeak	红嘴之鸦
karasu tengu	鸦天狗
kardion	关心
karkinos	天宫蟹
karlabos	真红龙虾
karlabos of pyros	涌火龙虾
karmic curse	诅咒返还
karmic drain	生命侵蚀
karmic flames	地狱焰风
karmic shielding	反射防壁
karryor the resting	卡辽陵墓
karryorzar the gracious	卡辽扎神殿
karukeion	双蛇杖纹
karvarhur the first	卡瓦胡湖
kassatsu	生杀予夺
katabasis	冥界行
katabira the younglier	年少有为 帷子
katabira's red	帷子手下的红甲族
katakrisis	不利判决
katarraktes	飞瀑
katasterismoi	星座
katastrophe	灾祟
katharsis	净化广场
katobleps	卡托布莱普塔
katobleps outwanderer	徘徊卡托布莱普塔
kattansho	活丹唱
katun cycle	旋转月轮
kedtrap	飞虻陷阱草
keelhaul	严惩
keen analysis	敏锐分析
keen edge	利刃斩
keen flurry	敏锐
keen moonbeam	月光槍
keen tempest	小刀风暴
keen wind	怒剑风
keeper of halidom	圣地守护者
keeper of the keys	宝库守护者
keeper of the lake	密约之塔
keeper's gravity	阿尔基克之重力
keeper's rhythm	守护者之舞
keeper's spine	幻龙的背脊
keepers of the lock	边防卫士
kehda'to moui	凯达·托·莫伊
keheniheyamewi	凯海尼海亚麦尤伊
keisen garden	溪泉园
kelaino	刻莱诺
kelmomo	克鲁莫莫
keltlona	柯尔特隆纳协漩尉
kena vanu	雷雨云 凯那瓦努
kenki release	剑气解放
ker shroud	克尔的侍从
kerachole	坚角清汁
kerakeia	坚角清汁[回]
keratyrannos	有角暴君
keraunography	雷光
keraunos eidolon	雷霆幻影
keroucene the betrayer	叛逆者 克鲁瑟纳
keroucene's lackey	克鲁瑟纳的手下
keshkwa	蝰蛇剑士 克苏夸
ketu cut	计都限制器减档
ketu cutter	计都金属利刃
ketu slash	计都挥
ketu wave	计都爆炸波
ketuduke	凯图嘟凯
ketulu cove	凯图鲁小湾
key item	任务道具
keybound brawler	魔光键影
keybound square	键斗广场
keyknot	蛛丝结扣
khalamari	卡拉墨鱼
khatayin warrior	喀塔银部战士
kholusia	珂露西亚岛
kholusian bison	珂露西亚野牛
kholusian iguana	珂露西亚鬣蜥
khoomii	喉歌
khor claw	河道巨钳虾
khorchi	科尔琪
khun chuluu	石人浑朝鲁
khun gurvel	蜥兽浑咕噜卫
khun shavar	泥人浑萨瓦
kichiknebik	卡其卡奈比
kick and scream	手忙脚乱
kickdown	踢飞
kidomaru	鬼童丸
kidragora	小小蔓德拉
kienkan	归燕馆
kill command	循环
kill zone	杀戮领域
killer ant	杀人蚁
killer bee	杀人蜂
killer curiosity	猫的随心所欲
killer guhasaya	杀人洞虎
killer honeybee	杀人蜜蜂
killer hornet cloud	杀人蜂云
killer instinct	预判
killer korrigan	柯瑞甘杀手
killer kumbhira	杀人金毗罗鳄
killer mantis	螳螂杀手
killer moss fungus	杀人苔菇
killer piranha	杀手水虎鱼
killer seeds	种弹重击
killer sting	杀人针
killer tomatl	杀人酸浆果
killer voice	魅亡之音
killer wave	杀人浪
killer wespe	杀手胡蜂
killing art	暗杀道
killing paw	杀人爪
kilnfire cauldron	炫彩的生火场
kinborrow	借我力量哥布
kind traveler's gate	义勇门
kind traveler's gate subdivision	[扩建区]义勇门
kindled flame	对火花
kindling cauldron	激火爆燃
kindling sprite	燃火元精
kindly father	关心儿子的渔夫
kindly qiqirn	温厚的卢恩人
kindness of the alacran	钳蝎帮慈悲术士
kindred joining	朵尔格诺与高吉
kinematic turret	护卫炮塔
king ahriman piece	奇子·冥鬼之眼王
king arthro	亚瑟罗王
king behemoth	贝希摩斯王
king gobtank g-iv	4号哥布林坦克王
king goldemar	戈尔德马尔王
king hazmat	极其危险物质
king igloo	雪屋王
king manfred the dead	灵王曼弗瑞德
king of the skies	空之王者
king thordan	骑神托尔丹
king wespe	胡蜂王
king's jester	戈尔德马尔的小丑
king's knight	戈尔德马尔的骑士
king's notice	霸王邪视眼
king's pike	戈尔德马尔的士兵
king's will	圣意
king's yield	莫非王土
kingdom of san d'oria	桑多利亚王国
kinged kupocaster	奇子·莫古大术
kinged kupocurer	奇子·莫古大医
kinged swordsmog	奇子·莫古大剑
kingly peacock	王孔雀
kingsblaze	狮子王业火
kingsloam	污泥王谒见室
kinko kugane	黄金狐
kirin captivator	获麟
kirkahryar house	酿酒场
kirlirger the abhorrent	厌忌之人 奇里格
kirtimukha	荣光魔花
kiseru clamor	血烟重打击
kiss of chaos	混沌的预感
kiss of fire	火元灵
kiss of ice	冰元灵
kiss of the viper	蛇毒
kiss of the wasp	蜂毒
kiss of thunder	雷元灵
klauser's howe	克劳泽的观测小屋
klauser's peace	克劳泽庭园
klymenos	德高望重
klythios	克吕提俄斯
knave of hearts	杰克
knavish bullets	魔障弹
kneeling snath	俯跪冲
knight crab	陆蟹骑士
knight dragoon	精锐龙骑士
knight hawk	鹰蜂骑士
knight of darkness	暗之魔剑士
knight's benediction	骑士的加护
knight's memory	骑士的思念
knight's resolve	骑士的坚守
knights of the round	圆桌骑士
knights quarters	卫兵营房
knock down	轰击
knock on ice	敲击冰面
knockback penalty	击退无效
knocked-about knocker	碰撞敲石虫
knockout	击晕
knotty treant	多节树精
know your enemy	战艺
knowable	易知区
knowing gleam	眼光弹
knowledge level correction	改写知见等级
knowledge never sleeps	智慧不眠
known unknown	莫名物体
knuckle crusher	碎地拳
knuckle down	重拳冲击
knuckle drum	怒拳连震
knuckle press	指压
knuckle sandwich	拳面猛击
koala joey	小树袋熊
kobai goten	红梅御殿
kobai goten apartment	红梅御殿房间
kobai goten apartment lobby	红梅御殿大厅
kobai goten subdivision	[扩建区]红梅御殿
kobold ambusher	地灵伏兵
kobold bedesman	地灵受施者
kobold deacon	地灵执事
kobold dig	地灵军试掘地
kobold doorman	地灵看门人
kobold drill	钴铁钻头
kobold driver	地灵驾驶员
kobold dustman	地灵清洁工
kobold footman	地灵侍应员
kobold gurneyman	地灵恶棍
kobold hireling	地灵雇工
kobold missionary	地灵传教士
kobold outlaw	法外地灵
kobold overseer	地灵工头
kobold packman	地灵小贩
kobold patrolman	地灵巡视员
kobold pickman	地灵采集员
kobold pitman	地灵采矿员
kobold potman	地灵侍者
kobold priest	地灵祭司
kobold quarryman	地灵采石员
kobold rocksplitter	地灵裂岩者
kobold roundsman	地灵巡逻员
kobold sidesman	地灵助祭
kobold stronghold	地灵族据点
kobold supplicant	地灵信徒
kobold toolbox	地灵族的采矿工具
kobold watchman	地灵看守
kobun gardens	好文园
kobun gardens subdivision	[扩建区]好文园
koenbryda	库恩布瑞达
kogane dori	小金街
kogane dori markets	市场（小金街）
kogyoku palace	红玉御殿
kohm gahn	科姆·加恩
kohm khur	科姆·库尔
kohm scorh	科姆·斯奎尔
kokajiya	小锻冶屋
kokkine petalouda	红蝶
kokkol's forge	可可罗工房
kokonowa the callous	品毒人 可可诺瓦
kokoroon quickfingers	弹指通 柯柯卢恩
kokytos	悲痛
kokytos's echo	科库托斯的幻影
komainu	狛犬
komainu's blessing	狛犬的神通力
komainu's favor	狛犬的神通力
komajiro	狛次郎
komasan	小狛
kongamato	恐甲蚂蜓
kongo the unyielding	义勇不屈 金刚
korpokkur	叶小妖
korpokkur kid	叶小妖妖
korpokkur kolossus	叶大妖
korrigan	柯瑞甘
koshchei	柯西切
koshu onmyoji	红州的阴阳师
kothornos kick	舞台靴重踢
kothornos quake	舞台靴踏地
koza'uyuy	树丛之地
kozaligaka	虹彩之地
kozama'uka	克扎玛乌卡湿地
kozanuakiy	干燥圣地
kozol nomotl the turbulent	激流风 科佐尔·诺莫特尔
kraken's arm	克拉肯的腕足
kraken's arms deckhand	百鬼夜行的甲板员
kreutzet	克鲁泽
krile's avatar	可露儿的幻体
kronprinz behemoth	贝希摩斯太子
krystallos	冰晶虎
kshatriya ambusher	刹帝利伏兵
ksiroda	乳河
ktiseos aello	造物院疾风妖鸟
ktiseos alkyone	造物院卷角翠鸟
ktiseos chione	造物院伏地雪
ktiseos daidalion	造物院变异凶鹰
ktiseos erinys	造物院愤怒猛禽
ktiseos gryps	造物院鹰头狮
ktiseos hippocerf	造物院骏雕
ktiseos hippogryph	造物院骏鹰
ktiseos ktenos	造物院牲兽
ktiseos lailaps	造物院追风猎犬
ktiseos leon	造物院雄狮
ktiseos lykos	造物院豺狼
ktiseos okyupete	造物院急速妖鸟
ktiseos ophion	造物院兽身异蛇
ktiseos ophiotauros	造物院蛇牛
ktiseos panther	造物院长须豹
ktiseos saura	造物院火蜥
ktiseos stymphalide	造物院铁爪怪鸟
ktisis hyperboreia	极北造物院
ku'uxage	大舌头瀑布潭
kucedre	库谢德雷
kuebiko	久延毗古
kugane aetheryte plaza	以太之光广场
kugane castle	黄金阁
kugane coast	黄金港近海
kugane ofunakura	黄金船库
kugane ohashi	黄金大桥
kugane piers	防波堤
kugane spectral current	黄金港近海幻海流
kuge rantsui	空花乱坠
kugelblitz	球状闪电
kuimu lang	奎木狼
kuji-kiri	九字切
kukulkan	库库尔坎
kum kum	库姆库姆
kumbhira	金毗罗鳄
kumbhira ambusher	埋伏中的金毗罗鳄
kumokiri	云切
kunai's bane	百雷铳
kunoichi	女忍复制体
kupka kupp	库普卡·叩普
kuplo kopp	库啵洛·叩普
kuplu kopo	库普鲁·叩啵
kupni kapp	库帕恩·咔噗
kupo and good night	溜了溜了库啵
kupo of fortune	库啵好运道
kupocaster piece	奇子·莫古小术
kupocurer piece	奇子·莫古小医
kurenai	红
kuromaru	忍犬黑丸
kurui-gekko	狂月光
kurui-kasha	狂花车
kurui-yukikaze	狂雪风
kurukadi	科尔伽迪
kusakari	草刈家
kuzushi	崩破
kyane petalouda	蓝蝶
kydonia knolls	西德尼亚丘陵
kydonia strolls	西德尼亚丘灵
kyklops	克琉普斯
kyokufu	极风
kyoshin	巨身之术
la'loff amphitheater	拉·洛弗剧场
lab minotaur	研究所弥诺陶洛斯
labonrit	拉邦里
laboratorium primum	斯卡艾瓦研究室
laboratory chocobo	实验用陆行鸟
laboratory coeurl	研究所长须豹
laboratory eggplant	研究所茄子
laboratory garlic	研究所蒜头
laboratory jackal	研究所黑豺
laboratory lion	研究所雄狮
laboratory onion	研究所洋葱
laboratory queen	研究所王后
laboratory rat	研究所沟鼠
laboratory tomato	研究所番茄
labored leap	吃力跳跃
labyrinth	迷津
labyrinth narbrooi	迷津纳布芮依
labyrinth of the ancients	古代人迷宫
labyrinth of the damned	蓝光地下监狱
labyrinth sankchinni	迷津山克芹尼
labyrinth screamer	迷津尖叫雕
labyrinthine fate	迷宫王的诅咒
labyrinthos	迷津
lacerate	撕抓
laceration	斩击
lacovie	拉刻维
lacunate stream	魔录奔流
lacus litore duplicarius	帝国湖岸堡守卫队
ladder of ascension	升天阶梯
ladon lord	拉冬之王
ladonsbite	百首龙牙箭
lady amandine	阿芒迪娜女士
lady cliaie d'arlendre's cell	达兰朵尔女士的单牢
lady infernal	地狱女士号
lady of crowns	王冠之贵妇
lady of crowns drawn	王冠之贵妇（抽卡）
lady's candle	夫人手提灯
lady's handmaiden	随从女仆
lahabrea	拉哈布雷亚
lahabrea's and igeyorhm's shades	拉哈布雷亚与以格约姆之影
lahabrea's shade	拉哈布雷亚之影
laid to rest	英魂安息
laideronnette	雷德罗巨蛇
lake anemone	湖畔风花
lake cobra	湖畔眼镜蛇
lake nanka	湖畔南加
lake nix	湖畔夜蟾蜍
lake pugil	湖畔陆鱼
lake serpent	湖畔巨蟒
lake tahtotl	塔赫托特尔湖
lake toari	特利湖
lake tusi mek'ta	蛇水湖
lake viper	湖畔蝰蛇
lake yabby	湖畔虾蛄
lakeland	雷克兰德
lakewater spray	湖水喷射
lakhamu	拉哈穆
lakhamu piece	奇子·拉哈穆
lakshmi	吉祥天女
laladile	拉拉鳄
lalah jinjahl the studious	优秀生 菈菈·基恩加尔
lalai darkeyes	暗黑眼 菈菈伊
lali hop	啦哩吼舞
lali-ho	啦哩吼
lalinator 5.h0	啦哩吼矮人
lalla mira	拉拉米拉
lamashtu	拉玛什图
lambard the regal	紫炎剑士 兰巴德
lambda invader	拉姆达入侵者
lamebrix strikebocks	佣兵雷姆普里克斯
lamellar light	燐光
lament of the close	独狼的近咒
lament of the distant	独狼的远咒
lamentation	恸哭
lameprix strikedocks	虚兵雷姆普里克斯
lamia bellydancer	拉米亚摆腹舞师
lamia bowyer	拉米亚弓师
lamia cybrid	胞质杂交拉米亚
lamia dancer	拉米亚舞师
lamia deathdancer	拉米亚死亡舞师
lamia fatedealer	拉米亚夺命弓师
lamia jaeger	猎手拉米亚
lamia no.2	拉米亚2号
lamia piece	奇子·拉米亚
lamia prosector	拉米亚解剖女王
lamia queen	拉米亚女王
lamia rover	漫游拉米亚
lamia sharper	拉米亚欺诈弓师
lamia thelytoke	单性繁殖拉米亚
lamian lesion	拉米亚切裂
lammergeyer	胡鹫
lamp lighting	神灯之光
lamp oil	神灯火
lampalagua	巴拉乌尔
lampas chrysine	金光拉姆帕斯
lamplight	空华焰
lamprey's leap	海鳗桥廊
lan'gaii gundu	衮杜兰伽义
lan'gaii vanu vanu	瓦努兰伽义
lan'gaii vundu	温杜兰伽义
lan'laii gundu	衮杜兰腊义
lan'laii kena vanu	凯那瓦努兰腊义
lan'laii vundu	温杜兰腊义
lan'leii gundu	衮杜兰垒义
lan'loii gundu	衮杜兰洛义
lan'loii vundu	温杜兰洛义
lan'maii vundu	温杜兰麻义
lan'noii gundu	衮杜兰诺义
lan'noii vundu	温杜兰诺义
lan'poii sanuwa	兰颇义腾云蛇
lan'poii vundu	温杜兰颇义
lan'puii gundu	衮杜兰普义
lan'puii vundu	温杜兰普义
lan'zoii vundu	温杜兰佐义
lance barrage	前冲刺
lance charge	猛枪
lance empowerment conduit	枪术魔法增幅器
lance swing	回扫枪
lance-thrusting adventurer	枪术师冒险者
lance-wielding loyalist	铁面公卿派枪术师
lancegate	枪峡门
lancelight	枪灵气
lancers guild	枪术师行会
lancing blow	雷枪击
lancing bolt	雷枪
land of eikons	召唤兽之地
land of eternal harvest	果实丰收的大地
land of sea	虚海
land of the dead	死亡大地
land reborn	重生的大地
land rune	土之符文
land waker	原初大地
land wave	地灵波
landborne	地之力
landed freedom fighter	自由联盟的陆战兵器
landenel the unafraid	无畏枪 朗德内尔
landerwaffe	黑钢机龙连达巴非
landfast floe	流冰圆庭
landing	搭乘点
landing point	登陆点
landlord colony	人王遗迹
landlords	人王
landmine	地雷
landmine auto-detonation	地雷大爆炸
lands of old	古代大地
landsblood	水脉乱打
landscape motif	风景彩绘
landscaping	景观美化
landslide	地裂
landslip	泥石流
landsurge	塌方
landswallow	吞地巨蛇
landwaker	大地复苏
landwaster	风卷烈火
langloisiert the lionheart	无双枪 朗格卢瓦西耶
languid lap	倦怠舔舐
languishing	生命衰弱
languorous gaze	钝麻视线
lanolin	羊毛脂
lantern light	举起灯笼
laparotomy	腹部切开
lapis lazuli	天青石
lapis manalis	冥魂石洞
laquearius praetorianus	禁卫绳斗士
larboard complex	左舷构造群
larboard wave cannon	左舷齐射·波动炮
larboard wave cannon surge	左舷齐射·零式波动炮
large bomb	大炸弹
large bomb incubator	大型爆弹怪培育炉
large boulder	大块岩石
large buffalo	大水牛
large explosive	大炸弹
large specimen	大陨石
large surface missile	对地大型导弹
largesse	慈爱
larh tortoh	拉托托花田
lariat combo	碎颈臂连击
larkscall	百灵啼
laser absorption	激光吸收
laser diffusion	激光散射
laser eye	激射眼
laser focus	集束激光
laser lash	激光炮
laser saturation	全方位激光
laser shower	激光骤雨
laser sight	激光照射
laser snare	激光陷阱
laser suppression	激光扫射
laser turret	主炮激光
laser-resistance test	耐激光检测
laserblade	激光剑
laserstream	射线流
lash and gnash	尾牙连旋
lash of light	光波剑
lashing lariat	藤蔓碎颈臂
lashing shot	激风箭
lashing wheel	邪尾大回旋
last bastion	终极堡垒
last bout	最后的回合
last dance	最后的舞步
last dance ready	落幕舞预备
last ditch	最后一搏
last dregs	背世咖啡厅
last drop	最后一滴
last forest	林梢
last gasp	哀诉
last glimpse	眼根树间地
last kiss	死亡之吻
last lamp	司书长室
last lash	蛇尾闪
last light	震撃怒涛
last line	最终防线
last of the allagans	亚拉戈遗魂
last remnant	残骸岛
last resort	超级炸弹
last song	最后的歌曲
last spiritcall	大魔激发
last stand	背水咖啡厅
last step	危步台
last supper	芳香餐桌
last testament	最终圣约
last trace	失落的遗迹
last vigil	终卫要塞（福尔唐伯爵府）
last yak	古老牦牛
lasting manuscript	不朽原稿
late harvest	野镰
latent defect	潜在错误
latent performance defect	潜在错误：性能
latent synchronization bug	潜在错误：同步
latent synchronization defect	潜在错误：同步
lateral aureole	侧晕光
lateral slash	侧身斩
lateral slice	横斩中段
lateral zantetsuken	片·斩铁剑
lateral-core phaser	侧正跳跃波动炮
latitudinal implosion	纬度聚爆
lattice	晶格
lauda the spellcleaver	魔斧之主 劳妲
laudouble	劳妲不儿
laughing leap	飞扑
laughing moon	月光
laughing rose	月气弹
laughing toad	笑蟾蜍
launch deck	发射甲板
launcher	火箭炮
laurel goobbue	月桂冠古菩猩猩
laurentius	劳伦修斯
lava bomb	熔岩爆弹怪
lava breath	熔岩吐息
lava crab	熔岩陆蟹
lava dome	熔岩拱顶
lava drake	熔岩火蛟
lava flow	熔岩流
lava mekhane	吊挂熔岩
lava phoebad	熔岩弗巴德
lava pinax	熔岩板画
lava pool	狱之盖熔岩湖
lava scorpion	熔岩蝎
lava slime	熔岩粘液怪
lava spit	熔岩飞溅
lava tube	大熔岩窟
lavafang hemozz teh	熔岩牙 海莫兹·地
lavender beds	薰衣草苗圃
lavender beds docks	薰衣草苗圃码头
lavender beds docks subdivision	[扩建区]薰衣草苗圃码头
lavender beds subdivision	[扩建区]薰衣草苗圃
lavender east	薰衣草苗圃东区
lavender northeast subdivision	[扩建区]薰衣草苗圃东北区
lavender northwest	薰衣草苗圃西北区
lavender northwest subdivision	[扩建区]薰衣草苗圃西北区
lavender south subdivision	[扩建区]薰衣草苗圃南区
lavender southeast	薰衣草苗圃东南区
lavender southwest	薰衣草苗圃西南区
lavender southwest subdivision	[扩建区]薰衣草苗圃西南区
law of the torch	铁灯斩
lawless bowman	不法之徒弓箭手
lawless cursedealer	不法之徒咒术师
lawless fistfighter	不法之徒格斗家
lawless goblin brandisher	无法哥布林挥刀者
lawless goblin glider	无法哥布林滑翔兵
lawless goblin sharpshooter	无法哥布林狙击手
lawless lout	菁灵族的不法之徒
lawless pursuit	捉拿罪犯
lawless spellweaver	不法之徒幻术师
lawnblazer	金曦绿茵号
laws of earth	土之律法
laws of ice	冰之律法
laws of wind	风之律法
laxan loft	拉克汕城
lay of mislaid memory	惑乱的埃斯坦比耶
lay of the land	大地勘察
lay of the sun	天道烈火
lazy laurence	懒惰口花劳伦斯
lead coblyn	铅矿爬虫
lead hook	勾拳
lead of the underworld	黄泉之弹
lead shot	铅弹
lead weight	斗气锁
leaden fist	连击效果提高
leaf dagger	绿叶刀
leaf mantis	叶螳螂
leaf slicer	叶刃切割
leaf turn	转变
leaf turn iii	转变III
leafbleed banemite	叶脉祸蛛蝎
leafbleed diremite	叶脉凶蛛蝎
leafbleed hare	叶脉兔蝓
leafbleed mite	叶脉蛛蝎
leafbleed morbol	叶脉魔界花
leafbleed ochu	叶脉大口花
leafbleed roseling	叶脉妖红花
leafbleed slug	叶脉蛞蝓
leafcutter	飞叶快刀
leafmash	压花
leafminer	潜叶蝇群
leafstorm	绿叶风暴
leaky keel	漏洞小舟亭
leannan sith	凉南希
leap forward	前方跃进攻击
leap of faith	虚景跳跳乐大挑战
leap of ox'charl	奥奇斯恰尔之舞场
leaping black cat crossing	猫跳交叉尖甲
leaping cleave	一刀两断
leaping earth	跃动的大地
leaping lemur	跳跃狐猴
leaping levin	传雷
leaping lift	跃进步法
leaping one-two paw	猫跳二连尖甲
leaping opo	猿舞连击
leaping pyric burst	跳跃燃烧爆发
leaping pyric circle	跳跃燃烧火圈
leaping quadruple crossing	猫跳四连尖甲
leaping ringtail	跳跃环尾猴
leaping spark	连雷
learned familiar	学识守护精
learners meet	公开讲堂
leathervine microchu	皮藤小口花
leatherworker	制革匠
leatherworkers guild	制革匠行会
ledgeleaper	越壁蟾蜍
leech king	水蛭王
leeches	生命净化法
lefquene the mystic	入魔的蕾芙奎因
left arm operational	左臂完成
left arm primed	左臂强化
left arm reassembly	左臂再生
left arm unit	左臂组
left bank	左岸泛滥
left blaster charge	蓄电冲击：左
left brand	左印
left brattice	左翼胸墙
left cheek	左扫
left cinderwing	左翼焚烧
left claw	右爪
left disassembler	左腕分解炮
left duobreath	左右吐息
left eye	巨龙左眼
left fableflight	左方幻舞
left face	移动命令：左
left firaga forte	左侧强音爆炎
left fireflight	左方炎舞
left foreleg	左前主脚
left giga slash	左十亿斩击
left hammer	左锤
left hammer slammer	左侧锤击
left handgonne	左舷扫射
left hindleg	左后主脚
left in the dark	左方黑暗
left interment	左葬
left knout	左鞭打
left laser sword	左光剑
left maw	左胃
left palm	辉煌左手
left scalpel	左侧解剖
left shadow slash	影·左十亿斩击
left slam	左侧猛击
left smite	左侧震击
left strait	左舷横扫
left sweep	左侧横扫
left swipe	左爪横扫
left swordscross	左侧交错剑
left tentacle	左触手
left twin tentacle	左触手连击
left unseen	左侧未解析
left windup	左转向准备
left wing	左翼
left wing of avis	猛禽左翼
left wing of tragedy	灾难之左翼
left wingblade	左方翼膜刃
left with thee	强制传送：左
left zantetsuken	斩铁剑·左斩
left-arm limit cut	左臂限制解除
left-arm metal cutter	左臂金属切割刀
left-arm slash	左臂斩击
left-arm wave	左臂爆炸波
left-right combination	左右连续斩
left-right scalpel	由左向右解剖
left-sided shockwave	左侧震荡波
leftbreathed thunder	左侧雷鸣吐息
leftward bearing	变换方向：左
leftward blows	左方回返太刀
leftward fracture	左侧裂痕
leftward heat	左身赤热
leftward landslide	左侧地裂
leftward left	左方石拳
leftward memory	猫生九命：左
leftward nerve gas	左侧神经毒气喷射
leftward omen	转向准备：左
leftward sandspout	左方沙暴
leftward trisula	左侧三叉戟
leftward whimsy	反复无常：左
leg graze	伤腿击
leg shot	击足
leg sweep	扫堂枪
legacy chocobo	遗产陆行鸟
legendary bird	巨大的怪鸟
legendary geas	妖枪乱击
legendary hatchling	巨鸟的雏鸟
legendary imbas	妖枪邪念
legendary kamuy	梦幻神威
legendary resolve	神话决战
legendcarver	妖枪振
legendspinner	妖枪旋
legio phantasmatis	幻影军团
legislation	法制整顿
legitimate force	合法武力
legless laurentius	激进者 劳伦修斯
legs of the spider	蜘蛛形态
leightonward	莱顿瓦德
leih aliapoh	水月弓 蕾伊·阿里亚珀
lembus praetorianus	禁卫炮艇
lemure's scythe	夜游魂钐割
lemure's slice	夜游魂切割
lemures headquarters	夜游魂总部
lente's tear	莲天之泪勇士
lentic mudpuppy	静水泥沼蝾螈
leofard's chambers	利奥法德的房间
leopard	猎豹
leophyne the unchivalrous	侠义不再 莱奥菲娜
lepidote	鳞齿陆鱼
leporine loaf	稳如兔山
lesalia garden ruins	勒萨利亚圆庭遗迹
lesalia temple ruins	勒萨利亚神殿遗迹
lesser aery dragon	龙巢小龙
lesser apollyon	小亚波伦
lesser blanga	布兰伽的随从
lesser cry of havoc	新月下级灾乱魔
lesser gagana	小迦迦纳怪鸟
lesser gargoyle	小石像鬼
lesser hydra	小海德拉
lesser kalong	狐蝠
lesser moon	小月
lesser orthos dragon	正统小龙
lesser panda	小熊猫
lesser serpent of tural	图拉尔的小蛇？
lesser stellar dragon	星宇小龙
lesser telodragon	终末小龙
lesser vodoriga	小石像魔
lesser void dragon	虚无小龙
lesser wyvern	小双足飞龙
lethal blow	必杀一击
lethal lap	致命一舔
lethal levin	死雷
lethal nails	死亡甲
lethal poison	致命毒气
lethal revolution	旋回斩击
lethal swipe	砍杀
lethal weapon	致命武器
lethargy	昏沉
letter of the law	理法幻奏
letterlocked	禁止打字
leucosia	琉科西亚
leucrocota	狮犬狼兽型
leucrotta	卢克洛塔
leveilleur diagnosis	莱韦耶勒尔诊断
leveilleur dosis iii	莱韦耶勒尔注药III
leveilleur druochole	莱韦耶勒尔灵橡清汁
leveilleur estate	莱韦耶勒尔府
leveilleur toxikon	莱韦耶勒尔箭毒
level 100 flare	100级核爆
level 150 death	150级即死
level cheater	等级作弊仪
level checker	等级检测仪
level tricker	等级欺骗仪
leveling missile	整地导弹
levemete	行会理符
levequests	理符任务
leveva heavensreader	观天者 蕾薇瓦
leviathan	利维亚桑
leviathan's tail	利维亚桑的尾巴
leviathan's thrall	水神的信徒
levin drop	雷流
levin merengue	强雷流
levin ring	环状放雷
levin signal	雷光环
levin surge	大電流
levin wave	雷流
levinball	雷弹
levinbite	闪电咬
levinblade	雷光剑
levinblossom lance	雷花闪光之术
levinblossom strike	雷花鸣响之术
levinbolt	闪电
levinburst	放雷
levinfang	雷牙
levinforce	雷霆之力
levinforge	雷光
levinroot ring	环状放雷
levinshower	洒落雷
levinsickle	闪电镰
levinsickle spark	闪电镰爆发
levinskin	雷皮
levinsphere	闪电球
levinsphere blast	雷球放电
levinsphere evocation	雷球招来
levinspitter	唾雷
levinstrike mekhane	吊挂雷电
levinstrike pinax	雷电板画
levinstrike summoning	雷电召唤
levinwhorl	涡雷
levitate	浮空
levitation	浮空
ley lines	黑魔纹
leynode aero	地场节点·风
leynode mnemo	地场节点·忆
leynode nine	地场节点·九
leynode pyro	地场节点·火
li'l murderer	小小杀手
liar's lyre	梦幻的弦乐器
liavinne	证婚人 莉亚维娜
liberation	光焰【破】
liberty gate	自由门
liberty or death	自由或死亡
library	书库
lichenweed	地衣宫演习场
lick of flame	环火
lickerish lad	紧张的男人
lickwhip stance	舌尾鞭
lid crater	狱之盖火山口
liegedrake	臣服双足飞龙
liegetail	臣服雷蛟
lieutenant golias	歌利亚协牙尉
life bound by honor	繁忙的日常
life claim	剧毒魔刃
life drain	生命吸收
life force	生命领域
life in captivity	囚禁生命
life of the dragon	红莲龙血
life siphon	吸血攻击
life support	再生处理室
life surge	龙剑
life's agonies	生苦之炎
life's last song	终焉之歌
lifeblood	血命疗愈
lifegate	魔力之门
lifeless alley	无命街路
lifeless legacy	无命遗产
lifeless slave	刻托的仆从
lifeless wail	死体恸哭
lifeless wind	无命之风
lifemend stump	再生的残桩
lifereaper	生命收割者
lifesbreath	生息
lifescleaver	生命劈砍
lift station	索道矿车站
liftoff	击飞
ligaka vulture	虹彩兀鹫
light aether	光之魔力
light and darkness	光与暗
light artillery unit	轻型陆战装置
light beyond darkness	光之大解放
light blade	光轮剑
light blast	小规模爆炸
light curtain	光之幕帘
light dew	光露
light elemental	光元素
light explosion	光爆炸
light impact	小爆炸
light in the dark	火焰妖异
light leap	轻跃
light medal	战章减轻
light of anathema	怨恨的斩击
light of ascalon	阿斯卡隆之光
light of consecration	祝圣之光
light of devotion	献身之光
light of judgment	制裁之光
light of life	生命的极光
light of nine tails	九尾闪
light of salvation	救赎之光
light of the crystal	水晶之光
light pillar	光柱
light prayer	召唤光球
light pseudopillar	魔科学式光柱
light rampant	光之失控
light resistance down	光属性耐性降低
light shot	光线射击
light slash	光明斩
light snow	小雪球
light spear	光柱
light sprite	光元精
light succor	天光救援
light surge	光爆
light vengeance	光之回音
light vision	光明的指引
light's accord	光之判纹：调和
light's chain	光连技
light's course	白光奔流
light's design	光之巫女的惩戒
light's discord	光之判纹：失调
lightbellied lizard	空腹蜥蜴
lightburst	光爆破
lighter note	断唱：白
lightfast blade	光刃斩机
lightfeather proving grounds	轻羽斗场
lightheaded	头晕
lightless abyss	永暗渊狱
lightless flame	黑炎
lightless homunculus	人造无光元素
lightless spark	无明闪
lightless world	无光的世界
lightning	雷光
lightning arcanum	雷天奥秘
lightning barrage	广域落雷
lightning blade	雷魔剑
lightning bolt	闪电
lightning bomb	炸弹
lightning burst	雷电爆发
lightning cage	电牢笼
lightning chain	闪电链
lightning charge	过雷流
lightning claw	惊电爪
lightning cluster	雷簇
lightning convergence	非雷反射
lightning crossing	扇状放雷
lightning express	雷光急行
lightning generator	聚雷针
lightning globe	电球
lightning homunculus	人造雷元素
lightning impulse	雷光脉冲
lightning leap	惊电跳跃
lightning legatus	闪电使者
lightning loaded	雷属性充填
lightning orb	雷狱球
lightning rampage	惊电狂怒
lightning reign	神雷轰天
lightning resistance down	雷属性耐性降低
lightning rod	设置地雷
lightning scroll	雷遁之术
lightning shot	闪雷弹
lightning shower	雷光雨
lightning spark	小型闪雷
lightning spear	闪电枪
lightning sprite	雷元精
lightning storm	百雷
lightning strike	雷拳
lightning surge	奔雷
lightning tendrils	八雷阵
lightning vortex	电闪圆
lightning weakness	看穿弱点：雷
lightning-aspected	雷属性化
lightspeed	光速
lightsphere	光耀晶球
lightsteep	过量光
lightsteeped	过量光
lightstream	光明奔流
lightwave	光波
like a summer rain	犹如夏雨
lilliputian lyric	小小旋律
lily bulb	百合球茎
lily hills	百合岭
lily hills apartment	百合岭房间
lily hills apartment lobby	百合岭大厅
lily hills subdivision	[扩建区]百合岭
lily of the saint	圣百合
lily of the vale	金谷百合
lilystone	睡莲岩
lilyswim	睡莲湖附近
limascabra	火焰贝
limber lecher	醉酒色鬼
limbs of lead	束缚枝
limestone golem	石灰巨像
liminal fire	射击
liminal lightning	线状放电
liminal space	差分闭合宇宙
limit break	极限技
limit breaker	极限技
limit cut	限制器减档
limitless blue	无尽苍空
limitless desolation	万象灰烬
limitless kindling	万象降炎
limitless light	无限光
limitless synergy	协作程序LB
limnology	摇曳莲池
limpet bomb	吸附爆弹怪
limsa lominsa	利姆萨·罗敏萨
limsa lominsa aetheryte plaza	以太之光广场
limsa lominsa lower decks	利姆萨·罗敏萨下层甲板
limsa lominsa upper decks	利姆萨·罗敏萨上层甲板
lina mewrilah	莉娜·缪里拉
lindblum zaghnal	林德布鲁姆扎戈斧龙
lindschrat	人形分身
lindwurm	森疾龙
lindwurm's aero iii	林德布鲁姆暴风
lindwurm's glare	林德布鲁姆闪耀
lindwurm's meteor	林德布鲁姆陨石
lindwurm's portent	大蛇的魔力
lindwurm's stone iii	林德布鲁姆垒石
lindwurm's water iii	林德布鲁姆狂水
line of fire	冲波炮
line voltage	线状放电
linear dive	突进攻击
lines of fire	齐射号令
lingering echo	连咒残响
lingering echoes	连咒残响
lingering grief	遗留的思念体
lingering miasma	瘴气云
lingering resentment	怨恨
lingering snort	鼻龙卷风
lingering spark	迟缓电火花
lingering vantage	最后一击
link of promathia	普罗玛西亚的羁绊
link-strike	连锁攻击
link-up	系统连接
linkpearl	通讯珠
linkshell distributor	通讯贝办理处
linquan	獜犬
lion heart	终结之心
lion of aglaia	阿格莱亚雄狮
lion rampant	跃立狮
lion's breath	火焰吐息
lion's nap	睡狮台
lioness of aglaia	阿格莱亚雌狮
lions of aglaia	阿格莱亚双狮
lionsblaze	狮子业火
lionshead	狮子首
lipflaps on longstops	莫要在野营地撒野
liquefaction	地面液化
liquefy	液化
liquid atgeir	液态重战矛
liquid carapace	玄武熔岩
liquid constitution	耐力药
liquid evasion	敏捷药
liquid flame	液态火焰
liquid gaol	液体监狱
liquid hand	活水之手
liquid heaven	苍天火液
liquid hell	液体地狱
liquid intensity	特攻药
liquid limb	活水之手
liquid magic	魔力药
liquid rage	活水之怒
liquid strength	刚力药
liquified nereid	融化的涅瑞伊得
liquified triton	融化的特里同
lissom sculpture	被创造的女性
lit fuse	导火线爆弹怪
lit path	圣火猛击
lite-loader	轮式工程小车
lithe lock	魔发
lithic breath	石质吐息
lithic impact	轰击
lithifying light	石化光
lithobrake	执行落地
little ala mhigo	小阿拉米格
little berahthraben	孤儿 贝拉斯拉贝恩
little blue viking	蓝色自走维京人偶
little break iii	小型强石化
little gruff	小布尔塞
little ladies dance	公主之舞
little lady nogginette	好脑袋的朋友们
little ladybug	花甲虫
little leafman	草小人
little leafmash	散花
little leannan	小凉南希
little lord noggington	好脑袋的朋友们
little mermaid	人鱼公主
little red viking	红色自走维京人偶
little rush	小型蓄势冲撞
little solace	妖精暂留地
little solace sylph	暂留地的妖精
little tornado	小型龙卷
little yang	阳小灵
little yin	阴小幽
little-traveled path	修行者之路
littlefoot	小脚雪人
liturgic bell	礼仪之铃
liturgy of light	光耀颂词
liturgy of the bell	礼仪之铃
live brazier	重火印
live candle	小凶之炎
live off the land	部队特效：获得力提高
live painting	即兴绘画
live pyre	大凶之炎
live wire	电气填充
lively bait	活饵
livia sas junius	莉维亚·萨斯·尤尼乌斯
livia the undeterred	迷执爱恋的莉维亚
living corpse	不死腐尸
living crystal	有生命水晶
living dead	行尸走肉
living flame	活火激发
living fossil	活化石古螺
living foundry	实验魔器工房
living gaol	草咒牢
living heat	生之热浪
living hell	三界火宅
living liquid	有生命活水
living lock	卡洛菲斯提莉的魔发
living memory	活着的记忆
living mochi	大降神糕
living muse	动物构想
living rock	有生命巨石
living shadow	掠影示现
living whelk	活螺水蛭
ljeban point	耶杰班阵地
llofii the forthright	洁白心 罗菲
llymlaen	利姆莱茵
llymlaen's ward	利姆莱茵的加护
load data	读取数据
load-bearing	搬运重物
loaded gunshield	枪盾：魔导爆发
loading bay	魔列车停车场
loading belt	卸货通道
loading dock	货物装卸区
loading station	载货车站
loaghtan	洛夫坦山羊
loam bogy	沃土妖魂
loamshell	壤壳蟹
loashkana the leal	真心实意 洛苏卡纳
loazenikwe the shut eye	美梦之子 洛泽尼凯
lobbyville	巨豆大厅
lobe runner	甩耳垂
local code smell	代码异味：近
local fisher	当地的渔民
local hunter	黑衣森林狩猎人
local regression	回归方程：近
local resonance	共鸣程序：近
localized blizzard	靠近乘凉的冰结
localized maelstrom	局部大漩涡
loch leech	湖区水蛭
loch nanka	湖区南加
loch seld	盐湖
loch seld central lakebed	盐湖底中央部
loch seld deep lakebed	盐湖湖底深部
loch seld monster	湖隆隆
loch seld northeastern lakebed	盐湖东北部
loch seld northwestern lakebed	盐湖底西北部
loch seld southeastern lakebed	盐湖底东南部
loch seld southwestern lakebed	盐湖西南
lochwatch	望湖塔
lock and key	终端回收
lock on	锁定目标
lockbreaker imp	碎锁小魔精
locked and loaded	装填成功
locksmith	锁匠花
lockward	看锁人
lofty flames	业火
lofty peaks	风天灵峰
logistics node	输送系统
logistics system	骑乘系统
logistikon alpha	理性其一
logistikon beta	理性其二
logistikon gamma	理性其三
logos action	文理技能
logos-minded	继承文理技能
logou idea	理智理念
lohs daih	真力解放
loifa brighteye	明眼聪慧 罗伊法
lolly cat	猫小甜
lominsan ferry docks	利姆萨·罗敏萨码头
lominsan gulp	持续用海都风格马克杯喝
lominsan merchant	利姆萨·罗敏萨的商人
lominsan sip	用海都风格马克杯喝
lone coeurl	独行长须豹
lone faehound	孤傲妖精犬
lone hellhound	孤傲地狱犬
lone huallepen	独居华列彭
lone shabti	孤独沙布提
lone swordmaster	剑术大师
lone wolf's lament	独狼的诅咒
lone yeti	孤独大脚雪人
long burst	疾风射击
long climb	登天路
long defile	狭长侵蚀谷
long drop	自由落体
long end	如意刚力突
long fuse	远距引爆因子
long hall	长廊
long lick	舌鞭
long live the queen	讨伐爆弹怪的女王！
long needle	大型导弹
long needle kyrios	大型导弹P
long reach	后列斩
long-dead explorer	古代探险家的亡灵
long-dead pirate	古代海贼的亡灵
long-dead seafarer	古代船员的亡灵
long-legged akyaali crab	长腿白滨蟹
long-legged terror	长腿恐鹤
long-lost carrot	丢失已久的胡萝卜
long-lost light	遗忘之光
long-range needles	几千长针刺
long-tailed armadillo	长尾犰狳
long-winded lemur	长风狐猴
longarm	悬赏魔物：长臂古菩猩猩
longbeard council	长老集会所
longclaw galago	长爪婴猴
longhair yak	长毛牦牛
longhorn billygoat	公巨角山羊
longhorn nannygoat	母巨角山羊
longing of the lost	圣龙气息
longitudinal implosion	经度聚爆
longjaw	巨颚蜥
longmirror lake	身镜湖
longneck gagana	长颈迦迦纳怪鸟
longneck phorusrhacos	长颈恐鹤
longstop frontblock	野营地前庭
longstop gutgate	野营地内门
longstop headgate	野营地正门
longsword and sorcery	环形魔法剑
look back	回头看
lookback cave	盐湖钟乳洞
lookout	张望
looming chaos	混沌迫近
looming crescendo	傀儡旋律
looming emptiness	虚无大冲击
looming judgment	黑暗审判
looming nightmare	噩梦逼近
looming shadow	坠落地点
looming specter	暗之巨腕
looming voice	海底遗迹的守护者
loose boulder	岩石
loose cog	劳动齿轮
loose screw	突贯
loosefrox inkyjots	寻兽探奇 路斯福洛克斯
lop hop	兔兔舞
loporrit	兔兔族
loquloqui	罗库罗库伊
lord ananta	蛇王凯拉
lord commander's seat	作战会议室
lord enma	阎魔
lord ochu	领主大口花
lord of anemos	常风领主
lord of crowns	王冠之领主
lord of crowns drawn	王冠之领主（抽卡）
lord of the wyverns	双足飞龙之王
lord of verminion counter	萌宠之王柜台
lord tolthewil	幻影王托尔斯威尔
lord unshadowed	无影大王
lordless cutpurse	无主扒手
lordless dhruva	无主陀鲁婆
lordless footpad	无主恶盗
lordly shadow	王之暗影
lordstool	王椅菇
lorelei	罗蕾莱
lorens the eagle-eyed	鹰眼雄兵 洛伦斯
lost action	失传技能
lost aethershield	失传以太之盾
lost and the found	古代大再生魔法
lost arise	失传完全复活
lost assassination	失传暗杀
lost banish	失传放逐
lost banish iii	失传强放逐
lost big claw	离群大螯陆蟹
lost blood rage	失传血怒
lost bravery	失传勇气
lost bubble	失传生机
lost burst	失传磁暴
lost canals of uznair	乌兹奈藏宝运河
lost chainspell	失传连锁咏唱
lost chocobo	迷途陆行鸟
lost citadel	圆顶城塞
lost city of amdapor	无限城市街古迹
lost cure	失传治疗
lost cure iii	失传愈疗
lost death	失传即死
lost dervish	失传速度之星
lost dispel	失传驱魔
lost duchess deckhand	海盗船甲板员
lost ewe	迷途黑绵羊
lost excellence	失传卓异
lost fair trade	失传公平交易
lost finds cache	失传技能保管箱
lost flare star	失传耀星
lost focus	失传蓄力
lost font of magic	失传魔泉
lost font of power	失传力泉
lost font of skill	失传技泉
lost full cure	失传痊愈
lost goblin	迷路的哥布林
lost hope	无望流民街
lost hope antling	无望灵蚁
lost hydraulic	失落的水理
lost impetus	失传推进
lost in the clouds	云中匿影
lost in the deep	树海深处之梦
lost incense	失传激怒
lost lalafell	迷路的冒险者
lost lamb	迷途羊羔
lost landlord	人王像
lost manawall	失传坚壁
lost opportunity	后悔的死念
lost paralyze iii	失传强麻痹
lost perception	失传探景
lost protect	失传护盾
lost rampage	失传暴怒
lost reflect	失传反射
lost rend armor	失传破甲
lost reraise	失传重生
lost rroneek calf	迷路的犎牛
lost sacrifice	失传献祭
lost sanuwa	迷途腾云蛇
lost seraph strike	失传炽天强袭
lost shell	失传魔盾
lost slash	失传斩击
lost snipper	离群利螯陆蟹
lost spellforge	失传铸魔
lost stealth	失传潜行
lost steelsting	失传钢刺
lost stoneskin	失传石肤
lost swift	失传敏捷
lost track	废弃的矿山轨道
lostkin kazagg chah	孤高的卡扎古·春
loth ast gnath	唯一脑窟穴
loth ast vath	自由脑窟穴
loth cultivator	骨颌违心播种员
loth firedrone	骨颌违心火兵
loth steeldrone	骨颌违心钢兵
lothguard firedrone	守巢的骨颌火兵
lothguard steeldrone	守巢的骨颌钢兵
lotoli ahuatan the glider	气流师 罗托里·阿华坦
lots cast	魔爆炸
lotus stand	芙蓉圆桌
lou carcolh	卢卡寇
loudmouth coeus	大嗓门 科俄斯
love heart	比心
love tap	爱的一击
love's light	慈爱的月亮
love's true form	人类形态
love-in-idleness	爱懒花
lovely lovering	爱意格斗场
lovely poison	蜂蜂剧毒
lover's devotion	梅茵菲娜之慈爱
lover's ring	恋人之戒
loverly ladybird	情爱花甲虫
lovers bridge	月辉
loveseeker	求爱
lovey-dovey	幸福的爱情
loving embrace	慈爱之翼
lovingway's darlings	爱情威的花园
lovro the unswerving blade	坚贞法剑 洛夫罗
low arithmeticks	算术：高度1
low blow	下踢
low caterwaul	雷兽怒吼
low peal	低鸣
low putto	低位小天使
low tide	干潮之精英团员
low voltage	低压电流
low-powered offensive	低功率能量弹
lower acrinthos	卫辅城下层
lower aerial artifice	创造低空层
lower aetheroacoustic exploratory site	陨石勘查坑深层
lower black tea brook	红茶川水系下游
lower central passage	下层中央回廊
lower circuits	中央终端下层
lower decks	下层甲板
lower east passage	下层东侧回廊
lower hathoeva river	哈希瓦河下游
lower hungering gardens	翠牙园下层
lower jeuno	朱诺下层
lower labyrinth	古代人迷宫1层
lower laser	下方激光
lower lighthouse	大灯塔下部
lower one river	无二江下游
lower origenics	下层
lower pagoda	五堂塔下层
lower paths	低径
lower reaches	最上下层
lower realm	王妃的威光
lower ring	袖环下层
lower sanctum	地下遗迹
lower sanctum gate	地下神殿大门
lower section	最下层
lower sepulchres	下层
lower skylord	小龙
lower soda-lime float	碱石灰河下游
lower soot creek	污流下游
lower starkshadow skylord	荒影环龙
lower stratum	工厂废墟下层
lower tower of ruin	瓦砾之塔中层
lower vestibule	下层回廊入口
lower watts river	沃茨河下游
lower west passage	下层西侧回廊
lower yat khaal	亚特卡勒河下游
lowland billygoat	低地公山羊
lowland hyssop	低地海索草
lowland nannygoat	低地母山羊
lowrider t1rant	跳跳车T1
loyal biast	忠诚雷蛟
loyal dragonfly	忠诚蜻蜓飞蜥
loyal flame	操焰仪
loyal grunt	贝罗阿尔德的手下
loyal heretic	老练的异端者
loyal rise	誓约阶梯
loyal wyvern	忠诚双足飞龙
lozatl's conquest	洛查特尔大阶梯
lozatl's fury	洛查特尔的愤怒
lozatl's scorn	洛查特尔的骂声
lran mheg	幻惑之园
lucia the radiant	极光 露琪亚
lucid dreaming	醒梦
luck of the mountaineer	登山者的眼力
luck of the pioneer	开拓者的眼力
lucky carrot	幸运胡萝卜
lucky face	幸运面像
lucky pierrot	幸运小丑
lucky rat	福鼠
lucky sphinx	幸运斯芬克斯
ludicrously massive bear	大艾布拉纳熊
lugarhoo	变异豺人
lullaby	摇篮曲
lulling light	寂静之光
lumber jack	樵夫杰科
lumber toad	钝蟾蜍
lumbering leap	飞扑
lumbertype magitek vangob g-iii	3号哥布林装甲L型
lumen infinitum	流明无限
luminare	泛光晶体
luminary gale	星风
luminescence	幻光球
luminiferous aether	光流以太
luminion	遗光
luminous aether	光以太
luminous aetheroplasm	光性炸弹
luminous bolt	炫煌箭
luminous guillotine	光辉断头台
luminous hammer	光流侵蚀
luminous laceration	光流撕裂
luminous lance	光流之枪
luminous lancet	光流枪
luminous ray	光流射线
luminous remnant	光流残滓
luminous sanctuary	光耀大圣堂遗迹
lumisphere	光球
lunantishee	鲁南缇希
lunantishee seedling	鲁南缇希幼苗
lunar bahamut	真月巴哈姆特
lunar cry	月下咆哮
lunar curtain	月之幕帘
lunar defensive	防御形态：真月
lunar dive	月流冲
lunar dynamo	月流电圈
lunar eclipse	月蚀斩
lunar fetters	异形之锁
lunar flare	真月核爆
lunar golem	红月巨像
lunar gungnir	真月昆古尼尔
lunar halo	百月光
lunar ifrit	真月伊弗利特
lunar kamuy	幽夜神威
lunar kiss	冷月闪
lunar mansion	鬼星旋
lunar nadir	月底
lunar nail	异形之楔
lunar odin	真月奥丁
lunar rainbow	月虹之风
lunar ravana	真月罗波那
lunar rays	残月
lunar subterrane	月面地下溪谷
lunar transmitter	通信雷波塔
lunar whale	真月魔导鲸
lunatender	月面仙人刺
lunatender queen	月面仙人刺女王
lunatic follower	迷狂信徒
lunatic lamb	迷狂的羔羊
lunatic priest	迷狂祭司
lunatic voice	错乱之声
luncheon toad	山鸡
lunge cut	瞬迅强袭
lunge of the br'aax	狞豹的腾跃
lunging lemur	猛冲狐猴
lunipyati	鲁尼皮亚提
lunya's stand	伦亚阵地
lunyucaua'pya	多牙龙
lunyuhiyshahe	双角龙
lupin bladehand	狼人族刀手
lupin bowhand	狼人族弓手
lupin freeblade	狼人族落魄武士
lupin looter	狼人族落魄武者
lupin spearhand	狼人族枪手
lured ninki nanka	上钩的宁基南加
luring trap	诱饵陷阱
lurking lock	怨念魔发
lush medusa	葱翠美杜莎
lush morbol	悬赏魔物：葱翠魔界花
lustrate	生命活性法
luwatena pulse	猛雕的血潮
luwateninyawawsa	鲁瓦特尼亚萨
lux solaris	日光普照
luxurious stretchery	伸懒腰
luxwave	光芒
luzzelwurm	蛇形分身
lycidas	利西达斯
lydha lran	群花馆
lyhe ghiah	梦羽城
lyhe mheg	丽耶美格梦园
lykopersikon	狼桃
lyngbakr	林巴克尔
lynx of abyssal grief	深渊猞猁
lynx of divine light	圣光猞猁
lynx of eternal darkness	永暗猞猁
lynx of fallen shadow	暗影猞猁
lynx of imperious wind	煞风猞猁
lynx of righteous fire	炀火猞猁
lyon the beast king	兽王 莱昂
lyon's image	莱昂的幻影
lyssa chrysine	金光吕萨
m'mhalawi the promised	第二箭 梅·玛拉薇
m'naago	梅·娜格
m'rahz nunh	梅·拉兹·努恩
macabre mark	恐慌之痕
macarenses angle	马克连萨斯广场
machairodus	短剑剑齿虎
machetaur	好战弥诺陶洛斯
machinations	军略
machinist	机工士
macrocosmos	大宇宙
mad dash	疯狂泼溅
mad head	妖首
mad karakul ewe	疯狂黑绵羊
mad karakul ram	疯狂黑牡羊
mad maguey	疯狂龙舌兰
mad mendicant	发疯的贫民
mad mudarch	癫泥怪
mad sergeant	敌侧教导队员
mad stare	疯狂视线
mad tea party	疯狂茶会
mad weasel	凶暴的大狼獾
made magic	释放魔力
madeen portrait	马蒂恩标识
madman bridge	错乱桥
madmite	疯蛛蝎
madness	冲动
maelstrike	黑涡斩
maelstrom	黑涡斗技场
maelstrom barracks	黑涡团军营
maelstrom beastmaster	黑涡团驯兽人
maelstrom command	黑涡军令部
maelstrom recruit	黑涡团新兵
maelstrom's bolt	天鼓雷音惊电斩
maester's weapon	大老兵装
magatsu	祸津高加颅
magatsu kiyofusa	祸津清房
mage's ballad	贤者的叙事谣
mage's lament	魔法师的哀歌
magia fan	魔素风扇
magia melder	魔素融合器
magic artillery alpha	魔法冲击弹α
magic artillery beta	魔法冲击弹β
magic barrage	魔法弹连射
magic break	破魔之剑
magic broom	魔法扫帚
magic bucket	魔法水桶
magic bullet	魔力弹
magic burst	魔法爆发
magic cannon	魔力炮
magic chakram	魔法轮
magic damage down	魔法伤害降低
magic defense down	魔法防御力降低
magic drain	魔能吸收
magic hammer	魔法锤
magic infusion	注入魔力
magic lamp	魔法神灯
magic number	魔数
magic pot	魔法罐
magic resistance	魔法攻击无效化
magic shell	魔法屏障
magic spear	魔法矛
magic trick	魔术
magic vulnerability down	魔法受伤减轻
magical aversion	弱魔法
magical combustion	魔力爆炸
magical confluence	魔力奔流
magical hat	魔术帽
magical hoop	亩鼠的圆环
magical interference	魔力干涉
magical mallet theory	魔法锤之章
magicite	魔石
magick barrier	抗死
magicked bed	魔法飞床
magicked blade	魔法强化魔刃
magicked bones	尸鬼
magicked broom	魔法扫帚
magicked bubble	魔法泡
magicked card	魔法幻卡
magicked carpet	魔法飞毯
magicked children's bed	魔法儿童床
magicked crawler	魔力毛爬虫
magicked mark	魔力射击
magicked monstrosity	变异的魔物
magicked parasol	魔法阳伞
magicked puppet	索恩自走士兵
magicked spriggan	魔法魔石精
magicked standard	设置咒具
magicked swordplay	魔法剑术
magicked trap	魔法陷阱
magicked umbrella	魔法雨伞
magicked wamoura	魔力瓦魔蛾
magicrystal	魔导水晶
magitaur	魔陶洛斯
magitek acceleration bomb	魔导加速度炸弹
magitek armor	魔导装甲
magitek armor bay	魔导装甲库
magitek avenger	魔导复仇者骑乘型
magitek avenger prototype	魔导复仇者试验型
magitek bartizan	启动魔导瞭望塔
magitek bit	浮游炮射出
magitek blaster	魔导冲击波
magitek blizzard iii	魔导冰封
magitek burst	魔导爆发
magitek cannon	魔导加农炮
magitek chakram	魔导轮
magitek charge	魔导炸弹
magitek claw	魔导爪
magitek colossus	魔导巨兵
magitek colossus prototype	魔导巨兵试验型
magitek colossus rubricatus	魔导巨兵改
magitek comet	魔导彗星
magitek compressor	魔导压缩炮
magitek conveyor	魔导运输器
magitek core	魔导核心
magitek crane	魔导吊爪
magitek crossray	魔导交叉激光
magitek death claw	拘束型魔导死亡爪
magitek death machine	魔导死亡机器
magitek decoy	魔导诱饵
magitek development	魔导研究区
magitek disruptor	魔导干扰器
magitek explosive	魔导炸弹
magitek field	魔导结界
magitek field generator	魔导结界发生器
magitek field inductor	魔导结界变压器
magitek fire iii	魔导爆炎
magitek flamehook	魔导炎钩
magitek fortress	魔导要塞
magitek gobwalker g-vii	7号哥布林战车
magitek gobwidow g-ix	9号哥布林黑寡妇
magitek gunship	魔导炮艇
magitek halo	魔导焰光环
magitek hexadrone	魔导六轮装甲
magitek hook	魔导钩
magitek hyperconveyor	改良型魔导运输器
magitek impetus	魔导推进
magitek installation	魔导兵器仓库
magitek laborer	魔导劳工
magitek laser	魔导激光
magitek laserfield	魔导激光场
magitek levitation	魔导浮空
magitek lift	工房升降机
magitek lift a	A号电梯
magitek loader	魔导装载爪
magitek magnetism	魔导磁石
magitek meteor	魔导陨石
magitek mine	魔导炸雷
magitek minefield	魔导地雷
magitek missile	魔导飞弹
magitek missiles	魔导飞弹
magitek packer	魔导包装爪
magitek pod	魔导强化罐
magitek predator	魔导猎手
magitek pulse	魔导脉冲弹
magitek ray	魔导激光
magitek reaper	魔导死神
magitek rearguard	魔导后卫
magitek rearguard prototype	魔导后卫试验型
magitek research	魔导工房区
magitek satellite	魔导辅助机甲
magitek scorpion	守卫机蝎
magitek servicing	魔导整备库
magitek shield generator	魔导强化装置
magitek shielding	魔导反击
magitek shock	魔导冲击
magitek shot	魔导炮
magitek sky armor	魔导浮空装甲
magitek slash	魔导斩
magitek slasher	魔导螳螂
magitek slug	魔导独头弹
magitek snowcraft	魔导雪车甲板
magitek spark	魔导光刃
magitek spread	魔导扩散弹
magitek technician	魔导技术人员
magitek thunder	魔导闪雷
magitek torch	魔导火焰
magitek trooper	魔导兵
magitek turret	魔导炮塔
magitek vangob g-iii	3号哥布林装甲
magitek vanguard	魔导先锋
magitek vanguard d-1	魔导先锋防卫型
magitek vanguard f-1	魔导先锋强袭型
magitek vanguard h-1	魔导先锋重装型
magitek vanguard h-2	魔导先锋强化型
magitek vanguard h-3	魔导先锋改良型
magitek vanguard l-1	魔导先锋轻装型
magitek vanguard s-1	魔导先锋工程型
magitype	敲魔键盘
magma chamber	熔岩存放库
magmatic spell	魔成岩
magna glacies	伟大冰原
magna roader	魔导机车大魔
magnai the older	长兄玛格奈
magnetic field	电磁场
magnetic genesis	磁场生成
magnetic horizon	极界水平线
magnetic jolt	磁力干涉
magnetic levitation	磁悬浮
magnetic lysis	磁场崩坏
magnetic mine	电磁炸雷
magnetic pull	磁重压
magnetic rock	扔磁岩
magnetic shock	吸引震动
magnetism	磁力
magnetoplasma	电圆磁控
magnetoring	电环磁控
magnetron	磁控
magnitude 5.0	震级5.0
magnitude opus	崩土
magos's mantle	魔法师的职责
magos's radiance	魔法师的光辉
magus of darkness	暗之巫师
magus sisters	梅加斯三姐妹
mahaud flamehand	恶疾缠身 玛霍德
mahisha	马希沙
mahishasura	摩西娑苏罗
maiden's home	美丽的姑娘的家
maiden's lament	少女的哀歌
mailed man	披甲战士
main aether furnace	主动力以太炉
main bridge	第一舰桥
main cannon	主加农炮
main ceruleum tank	大容量青磷水罐
main corridor	基干通道
main counter	综合柜台
main deck	主甲板
main decks	主甲板
main gate	学院正门
main generators	中枢大动力室
main hall	正厅
main head	主首
main hull operational	胴体完成
main hull reassembly	胴体再生
main level	主层
main portal	主传送门
main quake	主震
main scenario	主线任务
main stage	主舞台
main storage vault	主飞艇库
main street	特雷诺主路
main trap	主陷阱
main void engine	主妖异动力炉
mainstay	承重柱
maintenance	维护
maintenance deck	管理维护层
maintenance module	整备系统
maisenta hawke	黑兔堂 麦森塔
majestic meteor	王者陨石
majestic meteorain	王者陨石雨
majestic meteowrath	王者陨石震
majesty's auspice	圆坛之间
majesty's place	王者圆坛
major freak out	嘹音爆炸
major-general	鲨鱼指挥官
maker's mark	坚实的心得
maker's ruin	诸神已死
makers meet	精制堂
makers quarter	萨雷安精制区
makeshift bait	熟练渔技
makibishi	撒菱
makoto the true	真心诚意 真琴
makura raykeep	斑鳐饲养员 枕头
malachite carbuncle	孔雀宝石兽
malachite portico	孔雀石之间
malacoda	马纳果达
malaise	虫毒瘴
malboro terra	地魔界花
malcontent moogle	嘟嘟囔囔的莫古力
malediction of agony	苦闷的诅咒
malediction of ruin	破灭的诅咒
malediction of water	水脉诅咒
malediction of wind	风脉诅咒
malefic	凶星
malefic alignment	凶兆击
malefic aura	怨气解放
malefic e-w	凶兆：东西
malefic iii	祸星
malefic influence	凶星爆击打
malefic n-e	凶兆：东北
malefic n-e-w	凶兆：东西北
malefic n-s	凶兆：南北
malefic n-s-e	凶兆：东南北
malefic n-s-e-w	凶兆：东西南北
malefic n-s-w	凶兆：西南北
malefic n-w	凶兆：西北
malefic portent	缚链凶兆击
malefic quartering	四方凶兆
malefic s-e	凶兆：东南
malefic s-e-w	凶兆：东西南
malefic s-w	凶兆：西南
maleficium	邪法
malevolence	邪恶击
malevolent blessing	回天挽日
malevolent fungus	恶毒魔菇
malevolent galago	恶毒婴猴
malevolent gaze	咒杀视线
malevolent influence	恶意支配
malevolent ked	恶毒巨虻
malevolent ochu	恶毒大口花
malevolent seedling	恶毒幼苗
malevolent squirrel	恶毒松鼠
malevolent stroper	恶毒套索花
malformed dragonet	彻底变异的幼龙
malformed prayer	咒珠印
malformed reincarnation	变见咒珠之印
malfunctioning aerostat	屠杀航空机
malfunctioning bit	失控的浮游炮
malicious mist	邪雾
malicious weave	发牢
malignant mucus	地狱粘液
malikah's gift	马利卡水源
malikah's well	马利卡大井
maliktender	马利克巨人掌
malkuth	王国
mallet momentum	捣糕大回旋
malmsight	千里眼
malnourished mammoth	肥胖的长毛象
malodorous	腐臭
malodorous anemone	恶臭风花
malodorous megamaguey	恶臭巨龙舌兰
malodorous morbol	恶臭魔界花
malphas	玛帕斯
mama automaton	自走人偶妈妈
mama gruff	布尔塞妈妈
mamanzo the charred	精炼之人 玛玛恩佐
mameshiba	豆豆柴
mammet fort	防壁展开
mammoth	长毛象
mammoth bolt	大落雷
mammoth calf	长毛象幼崽
mammoth meteor	遮天陨石
mammoth tentacle	八足巨妖的触手
man's determined voice	毅然的男声
man-eating beauty	吃人的花
man-eating gasame	贪吃的拥剑蟹
man-eating hornet	食人黄蜂
man-made hippocerf	创造骏雕
man-made melanion	创造墨拉尼昂
mana bomb	魔力爆弹怪
mana boost	魔力增幅
mana burn	魔力燃烧
mana burst	魔力爆发
mana cannon	轰炸
mana capacitor	魔力电容
mana charge	魔法储存
mana drain	魔力吸收
mana eruption	魔力大爆炸
mana explosion	魔力爆炸
mana expulsion	魔力冲动
mana flame	魔力之炎
mana grenade	魔力榴弹怪
mana hypersensitivity	魔力过敏
mana idol	魔力石偶
mana manifestation	聚魔
mana medication	魔力猛药
mana modulation	魔力转换
mana pot	魔力罐
mana release	魔法放出
mana screen	魔力屏障
mana shift	传魔
mana slice	魔力斩击
mana sphere	魔力晶球
manacle	魔铐
manacounter	反击魔法
manacutter	破魔艇
manaeater	噬魔斩
manafication	魔元化
manafont	魔泉
managarm	逐月幻狼玛纳加尔姆
manaport	魔传送
manasnatcher	魔力抢夺魔
manawall	坚壁
manaward	魔罩
manderdouble lariat	曼德维尔双重碎颈臂
manderville dance	绅士之舞
manderville dropkick	曼德维尔飞身踢
manderville lounge	曼德维尔休息区
manderville mambo	绅士舞步
manderville mountain	金碟登山
manderville sprint	曼德维尔冲刺
manderville step	曼德维尔横跳
manderville tables	曼德维尔桌台区
manderville weapons	曼德维尔武器
manderville-can parade	金碟狂欢
mandible bite	颚咬
mandibular bite	大颚咬
mandragora	蔓德拉
mandragora prince	蔓德拉王子
mandragora queen	蔓德拉王后
mandrashock	蔓德拉地雷
mandrastorm	蔓德拉轰雷
maneater rip	食人深渊
mangetsu	满月
mangling fang	裂伤之牙
maniacal laughter	癫狂怪声
maniacal probe	触手乱舞
manifest	空中魔法阵
manifest avatar	生成分裂体
manifestation	显灵之章
manifold flames	多重灼炎
manifold lashings	尾连击
manifold marks	多重抓痕
manikantha	摩尼健陀
manikin conjurer	人模幻术师
manikin marauder	人模斧术师
manikin pugilist	人模格斗家
manipulate energy	能量集中
manipulate miasma	操作瘴气
manipulated eye	操纵之眼
manipulated gaze	操纵之凝
manipulated ogre	操纵之魔
manipulated sprite	操纵之冰
manipulation	掌握
manipulator	操纵者
manjimutt	人面犬
manjusaka	彼岸妖红花
mankind checker	人类检查仪
mannatheihwon flame	曼托瓦之炎
manned death machine	致命死亡机器
manor acrobat	庄园的杂技师
manor basement	废屋地下室
manor butler	庄园的管家
manor chef	庄园的大厨
manor claviger	随从女工
manor footman	庄园的仆人
manor house courtyard	领主府前院
manor jester	庄园的小丑
manor maidservant	庄园的女仆
manor sentry	庄园的守卫
manor servitor	庄园的佣人
manor steward	庄园的总管
manor warden	庄园的雕像
mansion cellar	公馆地下室
manticore piece	奇子·曼提克
mantis king	螳螂帝王
mantis shrimp	螳螂虾
mantle drill	披风钻头
mantle of the whorl	水神的披风
mantle pierce	披风穿刺
manufactory vallum	通往魔导工厂的路
manusya berserk	人趣狂暴
manusya bio	人趣毒菌
manusya bio iii	人趣剧毒菌
manusya blizzard	人趣冰结
manusya blizzard iii	人趣冰封
manusya confuse	人趣混乱
manusya faith	人趣信念
manusya fire	人趣火炎
manusya fire iii	人趣爆炎
manusya glare	人趣闪耀
manusya reflect	人趣反射
manusya stop	人趣停止
manusya thunder	人趣闪雷
manusya thunder iii	人趣暴雷
manxome windersnatch	定住人的意念
many faces	神气变容
many fires	朋友的灯火
many ways	世上最美妙的市区
many-headed breath	多重吐息
manzasiri	曼殊师里
map unfolds	打开的地图
marauder	斧术师
marauders guild	斧术师行会前（珊瑚塔）
marberry	玛贝利
marble dragon	大理石龙
marble guardian	晶岩守卫
marble marionette	大理石偶
marble urolith	大理石乌洛里石
marbled beetle	大理石甲虫
marbled chapuli	大理石蚱蜢
march of the damned	死灵行进
march of the dead	鬼怪游行
march of the draugar	死灵召唤
march of the marchioness	花侯爵凯旋路
march of the moogles	莫古力进行曲
marching breath	康复阵
marching cultivator	骨颌行进播种员
marching firedrone	骨颌行进火兵
marching mandragora	行进蔓德拉
marching orders	攻击请求
marching samba	曲后桑巴
marching steeldrone	骨颌行进钢兵
marchosias	马可西亚斯
mare lamentorum	叹息海
mare's oath	美夏醒言遗迹
marginalia	涂写
margry flintheart	打火心 玛格丽
marine mayhem	海之骚动
mark cxliv thermocoil boilbuster	热气腾腾水壶144号
mark iii magitek colossus	魔导巨兵三型
mark iii-b magitek colossus	魔导巨兵三型B式
mark of death	死印
mark of easy prey	活饵的刻印
mark of mortality	死亡刻印
mark of pain	暗中杀意
mark of the beast	兽爪
mark of the depths	重压的刻印
mark of the tides	激流的刻印
mark xii-b magitek laborer	魔导劳工B型
mark xiii-x magitek laborer	魔导劳工X型
mark xli quick-firing cannon	41式联炮
mark xliii anti-aircraft cannon	43式防空炮
mark xliii artillery cannon	43式迫击炮
mark xliii field cannon	43式野炮
mark xliii mini cannon	43式小迫击炮
mark xlix freighter	四十九式货车
marked for culling	危急时刻
marked for damage down	伤害降低（指定）
marked ice dragon	目标冰龙
market board	市场布告板
market bridge	市场桥
market wards	商业区
marksman's spite	魔弹射手
maro roggo	马洛·罗格
marolith	马洛里石
marraco	马拉克
marrow drain	脑髓吸食
marrow of flame	燃烧之言
marrowood	暴尸林
marsak the stalwart	马尔夏克
marsh ligaka	虹彩水底
marsh ligaka depths	虹彩水底中央深处
marshlight	沼火
martial conditioning	武术训练堂
martial court	兵棋之间
martial mystique	秘法剑
martialist's lament	武术家的哀歌
marver mesa	乳光高原
marx activation	麦喀士启动
marx crush	麦喀士夹击
marx impact	麦喀士冲击
marx smash	麦喀士打击
marx thrust	麦喀士突击
masamune	正宗
maser cannon	微波加农炮
masha mhakaracca	马夏·玛卡拉卡
mask of lies	虚假的面具
mask of truth	真实的面具
masked archer	蒙面的弓箭手
masked lancer	蒙面的枪术师
masked mage	假面魔法师
masked rose	时尚品鉴
mason's falls	石匠瀑布
masons work	石材加工所
masquerade	假面舞会
mass aetheroplasm	大型以太炸弹
mass macabre	群体恐慌
massacre	屠戮
massacre elegy	地狱挽歌
massive berkanan	粗大贝尔卡楠
massive boulder	巨大岩石
massive burst	特大爆炸
massive cocoon	大光茧
massive detonation	引爆大炸弹
massive explosion	大爆炸
massive impact	大冲击
massive landslide	百万地裂
massive marolith	巨力马洛里石
massive meteor	重陨石
master coeurl	高阶长须豹
master lockward	首领看锁人
master of levin	外环雷
master recipe book	学习秘籍配方
masterful bandersnatch	首领斑攫兽
masterful blitz	必杀技
masterless talos	无主塔罗斯
masterless thrall	悬赏魔物：无主奴隶巨人
matagaigai	玛塔丐丐
matamata	玛塔蛇颈龟
matamata matron	玛塔蛇颈龟之母
matanga	象魔
matanga castaway	遗弃象魔
matanga mugger	象魔强盗
matanga prince	象魔王子
matchlock menagerie	火绳动物园
matchlock scorpion	火绳蝎
materia	魔晶石
materia extraction	精制魔晶石
materia master	魔晶石师傅
materia melding	镶嵌魔晶石
material distribution	物资分配场
material miracle	奇迹之材
material transport	物资搬运路
material world	咒物起效
materialization	赋形
materialize	实体化
materiel crate	军需物资
mating kongamato	交配期的恐甲蚂蜓
mating scarab beetle	交配期的圣甲虫
mating tarantula hawk	交配期的蛛鹰蜂
matoya's cave	玛托雅的洞穴
matoya's relict	玛托雅工作室
matra magic	马特拉魔术
matron's blessing	大元灵的祝福
matron's breath	丰饶的吐息
matron's harvest	丰收的庆典
matron's lethe	地母神忘迹
matron's plenty	丰饶的神光
matsuba gate	松叶门
matsuba mayhem	松叶门外之变
matsuba square	松叶门外广场
matted moogle	软绵绵的莫古力
matter conduit ii-iii	第二传送环
matter conduit iii-ii	第三传送环
matter conduit iv-v	第四传送环
matter conduit v-iv	第五传送环
matter conduit vi-vii	第六传送环
matter conduit vii-vi	第七传送环
matter shift	变化
mattock	十字镐大街
mature nopalitender	成熟圆扇刺
mauled merchant	负伤的商人
maulskull	锤颅巨兵
maultasche	饭袋猩猩
maulwork	落石怒锤
maundering harrier	徘徊异端者
maverick	特立独行
maw motif	尖牙彩绘
maw of sansheya	山谢亚的大口
maw of the deep	深渊巨口
maw of the wolf	咬击古狼闪
maw sketch	尖牙素描
maxima roader	改良型魔导机车大魔
maxima the neoteric	改革先锋 马克西马
mead-porting midlander	蜂蜜酒搬运工
meadowreap	割草
mealvaan's gate	梅尔凡海关
mean thrash	均衡打击
meandering manzasiri	徘徊的曼殊师里
meaningless destruction	绝望中的狂乱
measure of his reach	神拳之痕
measure of our reach	帝国之威
meat and mead	部队特效：食物效果时间延长
meat mallet	敲敲肉
meat shield	防御指示
meatily shielded	防御指示
meatshield	肉盾
meaty slice	割肉
mech ops	机甲行动
mechanical blow	塔罗斯铁拳
mechanical contusion	碎机光击
mechanical decapitation	斩机光击
mechanical dissection	断机光击
mechanical laceration	压制光击
mechanical lotus	机巧莲座
mechanized maneuver	机动战术
mechanogravity	机械重力
mechanoguardian	自走人偶守护者
mechanomagus	自走人偶法师
mechanoscribe	自走人偶抄写员
mechanoservitor	自走人偶仆从
medial circuit	中环
medias res	诗想空间
medica iii	医养
medical kit	军用恢复药
medical supplies	医疗补给箱
medicated	强化药
medicine field	广域撒药
medicus aggressor	侵略者医护兵
medicus praetorianus	禁卫医护兵
meditate	默想
meditation	斗气
meditative brotherhood	义结金兰：斗气
medium circle	通灵术式
medium exploder	中型自爆
medium rear	三分熟
medusa javelin	美杜莎投枪
medusa piece	奇子·美杜莎
medusa swarmsinger	军团歌者 美杜莎
meerkat	狐獴
mega beam	巨型光束炮
mega death	超即死
mega graviton	百万重力
mega holy	百万神圣
mega potion	回复药G
mega-graviton	百万重力
mega-gris	巨螺蝓
mega-tincture	图拉尔秘药
megablaster	大冲击波
megabolting hammer	超级震锤
megaflare	百万核爆
megaflare dive	百万核爆冲
megaflare strike	百万核爆冲击
megalith	巨石
megalith marionette	史前石偶
megalithopolis	巨石城
megaloambystoma	巨型钝口螈
megalobat	大型蝙蝠
megalocrab	巨型陆蟹
megaloknight	巨型骑士
megalotragus	硕山羊
megamaguey	巨龙舌兰
meganeura	巨脉蜻蜓
megashiba	大大柴
megastorm	大风暴
megavolt	一万伏特
meghaduta	云使宫
meghaduta guest chambers	云使宫客房
megiddo flame	米吉多烈焰
mehryde's meyhane	梅丽德酒房
mehwahhetsoan	美花黑泽恩
mehwapyarra	美花帕拉
meikyo shisui	明镜止水
meikyusho	命救唱
melancholic moira	忧郁魔花莫伊拉
melancholy mercenary	阴沉的佣兵
melanion	墨拉尼昂
meletos the inscrutable	神秘莫测 莫勒图斯
melia matron	枯树精主母
melodramatic moogle	激情燃烧的莫古力
melomog piece	奇子·莫古小歌
meltdown	熔毁
melting zoblyn	融冰矿怪虫
meltwater goobbue	融水古菩猩猩
meltyspume	强酸弹
melusine	美瑠姬奴
memento	记忆重现
memento moogle	死亡莫古警告
memento mori	死亡警告
memeroon	大富豪 梅梅卢恩
memeroon's trading post	梅梅卢恩交易站
memorable	英杰
memorial march	悼念游行
memoriate of darkness	暗之忆晶师
memories	回忆
memory degradation	渐渐遗忘
memory loss	遗忘
memory of embers	诗想空间
memory of the labyrinth	迷宫王的大号令
memory of the pyre	记忆爆炸
memory of the storm	记忆风暴
memory paradox	记忆矛盾
memory receptacle	记忆容器
memory separation facility	记忆清洗室
memory's end	记忆终结
menacing charge	冲袭恐吓
menacing dahak	新月威胁扎哈克
menacing dahak piece	奇子·威胁扎哈克
menacing mercenary	品行不端的佣兵
mendicant's court	无名众人广场
mendicant's relish	无名众人的激情
menenius sas lanatus	梅内纽斯·萨斯·拉那图斯
meng-zi	孟子
menoetius	墨诺提俄斯
menphina	梅茵菲娜
menphina's ward	梅茵菲娜的加护
meracydian amphiptere	美拉西迪亚安菲瑟龙
meracydian brobinyak	美拉西迪亚布罗宾雅克
meracydian clone	美拉西迪亚复制体
meracydian cyclone	美拉西迪亚旋风
meracydian dragon	美拉西迪亚巨龙
meracydian dragonet	美拉西迪亚幼龙
meracydian falak	美拉西迪亚法拉克
meracydian fear	美拉西迪亚恐惧
meracydian fire	美拉西迪亚火炎
meracydian meteor	美拉西迪亚陨石
meracydian squall	美拉西迪亚狂风
meracydian vouivre	美拉西迪亚薇薇尔飞龙
mercantile	影之商业区
mercantile district	阿拉米格人居住区
mercantile docks	城下码头
merchant of yedlihmad	新港的旅行商人
merchant strip	来生回廊
merchant's eye	商人之眼
merciful air	慈悲的架势
merciful arc	慈悲舞动扇
merciful blooms	慈悲花车
merciful breeze	慈悲雪风
merciful eyes	慈眼
merciful moon	慈悲月光
merciless left	残酷左旋
merciless mercenary	危险的佣兵
merciless right	残酷右旋
mercurial brand	悲愤烙印
mercurial strike	水银强击
mercy fourfold	慈悲四刀流
mercy stroke	慈悲杀
mercy's justice	审判时刻
merdragon	美夏巨龙
merlwyb	梅尔维布
mero roggo the damp	运水工 梅罗·罗格
merry go-round	晕晕反转
merry moogle	喜气洋洋的莫古力
meryall agronomics	梅丽奥尔实验农场
mesmerize	魅惑
mesmerized	魅惑
mesmerizing march	狂欢进行曲
mesmerizing melody	引诱旋律
meso terminal	中央终端
meso terminal defense system	中央终端歼灭系统
mesohigh	中高压
mesotes	中庸之道
message book stand	访客留言本
messenger of the winds	风之使者
metabaseos thalassai	转移六洋院
metadiagnosis	越样诊断
metadosis iii	越样注药III
metal cutter	金属利刃
metallic miasma	废料瘴气
metamitosis	细胞飞散
metamorph	变形法师
metamorphic blast	变质岩波
metamorphose	变换属性
metamorphosis	形态转变
metaprognosis	越样预后
metatron	梅塔特隆
meteion	梅蒂恩
meteodrive	陨石冲击
meteor circle	流星圣纹
meteor fissure	陨石风洞
meteor impact	陨石冲击
meteor mine	陨石雷
meteor outburst	陨石爆发
meteor project	陨石计划
meteor radiant	陨石辐射点
meteor rain	流星群
meteor stream	陨石流
meteor strike	流星强击
meteorain	流星雨
meteoric burst	陨石爆发
meteoric rhyme	怒不可遏的陨石
meteorite	陨石
meteoros eidolon	陨石幻影
methodical appraisal	慎重甄别
meticulous prospector	慎重提纯
meticulous woodsman	慎重提纯
metshaldjas	迈驰哈尔加斯
metta-giri	居合多段斩
mettling dhara	霸道陀罗
mettling matamata	霸道玛塔蛇颈龟
meuliaire	默力艾尔
mewshs laan	梅乌嘶·澜恩
meww the pusher	涨潮剑 梅武
mezcal distillery	烈酒蒸馏所
mhachi bhoot	玛哈浮灵
mhachi corpse	玛哈腐尸
mhachi ghost	玛哈幽灵
mhachi glyph	玛哈魔纹
mhachi portal	漂流遗迹的魔导通路
mianne thousandmalm	千里眼 米安娜
miasma breath	瘴气吐息
miasma iii	瘴暍
miasmata	腐烂毒素飞散
miasmic blast	瘴气爆发
miasmic breath	酒气
micro crow	乌小鸦
micro gigantender	迷你巨人掌
micro rover	迷你工程小车
microblaster	微冲击波
microburst	微爆发
microchu	小口花
microcosmos	小宇宙
microwall	微墙
mid glitch	故障：中
midan ambusher	弥达斯伏兵
midan brandisher	弥达斯挥刀兵
midan glider	弥达斯滑翔兵
midan gunner	弥达斯炮手
midan hardhelm	弥达斯硬盔兵
midan hardmind	弥达斯铁心兵
midan knot	弥达斯之结
midan soldier	弥达斯士兵
midan tinkerer	弥达斯维护兵
midare setsugekka	纷乱雪月花
midas unit	弥达斯单元
middle floors	中层
middle hathoeva river	哈希瓦河中游
middle origenics	中层
middle shelf tome	平装本
middle stratum	工厂废墟中层
middle thaliak river	沙利亚克河中流
midgardsormr	尘世幻龙
midge cloud	飞蚊云
midge swarm	飞蚊群
midland condor	中原秃鹰
midnight downwell	乱流海域
midnight frost	月地冰霜
midnight haze	夜烟
midnight mandate	青之法力
midnight rain	月时雨
midnight sabbath	黑色安息日的午夜
midnight trial	夜色的试炼
midriver ihuykatumu	生息河岸中游
midship deck	第二甲板
midsummer night's balm	安宁的月光
midsummer night's dream	仲夏夜之梦
midsummer night's explosion	爆破死斗
midwinter march	玄武突进
midwinter tragedy	冻结的悲剧
might and magic	勇战奥义，御魔秘术
might makes right	强权与正义
might of crags	土神之力
might of malice	重踢击
might of the inferno	火神之力
might of the quill	疾智刺翎
might of the tengu	天狗碾
might of the vortex	风神之力
might of vollok	无敌之力
mightiest shield	打倒！沙尔托菲特盗贼团！
mighty blorp	图拉尔的冲击
mighty blow	激突
mighty craklaw	非凡裂钳蟹
mighty grip	大沙尘
mighty guard	强力守护
mighty mackerel	悬赏魔物：非凡虎斑兽
mighty magic	强力魔法
mighty maip	非凡飔戮龙
mighty march	体力之歌
mighty maximizer	肌肉肌肉
mighty moogle	肌肉莫古力
mighty morph	豹变
mighty overdrive	强力打击
mighty shatter	强力冲击
mighty sideswing	强力回转
mighty smite	斗士斩击
mighty spin	迅猛回旋
mighty strikes	强力冲击
mighty talos	大型塔罗斯
mighty unmorph	豹变
migrating crag claw	迁移中的峭壁巨钳虾
migratory chapuli	迁徙蚱蜢
mih khetto's amphitheatre	米·凯特露天剧场
mijin gakure	隐于微尘
mijin-giri	微尘斩
mikoshi	巨鲶鱼神轿
mikra lyssa	小吕萨
mikuzume	藻女
milburh	密尔布
milburh the malicious	绝望的密尔布
mildewed goobbue	霉变古菩猩猩
militia musketeer	警备团火枪手
militia spear	警备团枪术师
milk and sugar	加糖加奶
milkroot cluster	乳根花簇
milkroot mandragora	乳根蔓德拉
milkroot morbol	乳根魔界花
milkroot sapling	乳根花苗
milky eye	魔乳之眼
millefiori	千花山丘
millennial decay	千年风化
millennial ferocity	千年兽气
miller in need	求助的风车管理人
milleuda the slitter	奔走流转的米露达
millith ironheart	米莉丝·艾恩哈特
milvaneth sacrarium	密尔瓦内斯礼拜堂
milyurrul	米尤鲁尔
mimicked bunshin	模仿：分身
mimicked critical hit	模仿：暴击
mimicked doom impending	模仿：怪死宣告
mimicked fire blast	模仿：火焰冲击
mimicked flame thrower	模仿：火炎放射
mimicked flare	模仿：核爆
mimicked holy	模仿：神圣
mimicked imp song	模仿：河童之歌
mimicked powerful hit	模仿：强力一击
mimicked protean wave	模仿：万变水波
mimicked raw instinct	模仿：野兽的直觉
mimicked sap	模仿：地面爆破
mimiclot	拟态凝块
mimicry	模仿
mimiroon bonecruncher	肉食者 弥弥卢恩
mimiroon leafgrinder	素食者 弥弥卢恩
minaruja	蛇鼻巨龙
minatory star	凶星剑
minax glare	胁迫的凝视
minced meat	绞绞肉
mind blast	精神冲击
mind melt	精神瓦解
mind of its own	自我意识
mind of the mountaineer	登山者的技巧
mind of the pioneer	开拓者的技巧
mind over manor	旅行画家的森都旅程
mind unclouded	智理
mind's libation	知识神水乡
mindertaur	牛头魔看守
mindflayer	夺心魔
mindflayer piece	奇子·夺心魔
mindful mercenary	目光敏锐的佣兵
mindhack	精神入侵
mindjack	精神劫持
mindless flesh	细胞失控
mindless tenaga	发狂的长手精
mindmaker	启灵果
minduruva	拉格
mine gnome	矿洞诺姆
mine hound	艾玛吉娜看门犬
mine layer	机雷射出
mine worm	矿洞巨虫
minefield	地雷散布
miners guild	采矿工行会
miners mark	硬石切割场
minerva	密涅瓦
mineuchi	刀背击打
minfilia	敏菲利亚
minfilia's spirit	敏菲利亚的灵魂
minhocao	蚓螈巨虫
mini detonation	引爆小炸弹
mini light	缩小灯
mini mole	大头小鼹鼠
mini supercell	小型超级细胞
mini yan	小小羊
miniature minecart	发条矿车
miniature white knight	白小骑士
minimum fury	加特林机枪射击
mining drone	采掘无人机
mining dross	采掘矿渣怪
minion of light	光之战偶
minion roulette	随机宠物
minion square	宠物广场
minitek conveyor	玩偶运输机
minnow's leap	海鲤桥廊
minor arcana	小奥秘卡
minor freak out	静音爆炸
minor hall	小型礼堂
minotaur	弥诺陶洛斯
minotaur malm	牛魔里程
minute mindflayer	夺心小魔
miplu's mate garden	米普露马黛茶园
miracle flash	奇迹之光
miracle of nature	自然的奇迹
miracle works	创造之奇迹
mirage creek	幻河
mirage dive	幻象冲
mirage dragon	龙之幻象
miraudont	米罗东
miraudont the madder	狂人 米罗东
mire of despair	暗之沼
mired chimera	上钩的奇美拉
miriam's luck	米里亚姆幸运路
mirror image	镜中显影
mirror maneuver	反射镜启动
mirror planks	镜池栈桥
mirror planks docks	镜池栈桥码头
mirrored hanzo	半藏的分身
mirrored incantation	咏唱反转术
mirrored karasu	鸦的分身
mirrored smoke	分烟罗
mirrored yozakura	夜樱的分身
mirrorknight	镜骑士
mirrorknight piece	奇子·镜骑士
mirthful mer-maiden	享受大海的少女
miscast	职能抗咒
mischief maker	恶作剧小丑
mischief-maker imp	悬赏魔物：顽皮小鬼
mischievous plaything	莫名的创造物
miser's folly	守财奴的愚行
miser's hold	守财奴的住处
miser's mistress	守财夫人
miser's take	守财奴的仓房
misery's end	恶终箭
misfortune	厄难
misguided ire	恶念弹
misguided retribution	复仇击
mishirushi	玉玺
misload	装填失败
misopses euros	东风欧洛斯的冷笑
misplaced mystery	图拉尔的惊奇
miss typhon	著名组合——奥尔特罗斯&提丰
missile	导弹
missile barrage	全导弹齐射
missile command	导弹齐发
missile impact	导弹攻击
missile launcher	导弹发射器
missile salvo	九连导弹
missile shower	集束炸弹
missile simulation	加载导弹模拟程序
missile storm	导弹齐射
missing gem	漂流遗迹
missing link	苦痛锁链
missing member	永远少女亭
missing pages	缺失的书页
missing sester	蜂蜜酒爱好者的私密酒窖
missionary's charge	传教士冲锋
mist beach	海雾沙滩
mist beach subdivision	[扩建区]海雾沙滩
mist docks	海雾村码头
mist docks subdivision	[扩建区]海雾村码头
mist dragon	雾龙
mist east	海雾村东区
mist northeast	海雾村东北区
mist northeast subdivision	[扩建区]海雾村东北区
mist northwest subdivision	[扩建区]海雾村西北区（码头）
mist rune	水之符文
mist south	海雾村南区
mist southeast	海雾村东南区
mist southeast subdivision	[扩建区]海雾村东南区
mist southwest subdivision	[扩建区]海雾村西南区
mist subdivision	[扩建区]海雾村
mist west	海雾村西北区
mistaken faith	妄执
mistalle bridges	米斯塔尔连桥
mistbeard	雾须王
mistbeard cove	雾须暗道
mistgate square	雾门广场
mistgate square subdivision	[扩建区]雾门广场
mistic condor	迷雾秃鹰
mistic cure	王国治疗
mistic ruin	王国毁灭
mistloom	人工雾控制塔
mistral axe	寒风斧
mistral blow	寒风锤
mistral cleave	寒风斧
mistral gaol	寒风之牢
mistral shriek	寒风之啸
mistral song	寒风之歌
mists biast	浓雾雷蛟
mists drake	浓雾火蛟
mistwake	雾之迹
mistwake bat	雾迹蝙蝠
mistwake coeurl	雾迹长须豹
mistwake crawler	雾迹毛爬虫
mistwake gemkeeper	雾迹执宝精
mistwake golem	雾迹树木巨像
mistwake jabberwock	雾迹炸脖龙
mistwake petromole	雾迹石鼹鼠
mistwake plasma	雾迹等离子
mistwake rock	雾迹巨石
mistwake spirit	雾迹雷电之魂
mistwake zemzelett	雾迹赛姆泽雷特巨枭
mistwalker	雾影
misty mirage	空蜃景
misty veil	神秘面纱
misty wraith	迷雾幽灵
miteling	灵蛛蝎
miteling piece	奇子·灵蛛蝎
miteling straggler	流浪灵蛛蝎
mitetrap	蛛蝎陷阱草
mithai glorianda	宗母的荣耀
mithran adventurer	米斯拉族冒险者
mithridates	米特里达梯
mitotic phase	分散细胞
miw miisv	缪·缪咻
mixed feelings	喜怒无常
mixed signals	切换信号
mixed-up soblyn	疯狂盐爬虫
miyakabek'zoma	活船水路上游
miyakabek'zu	活船水路下游
mizzenmast	后桅塔
mizzenmast inn	后桅旅店
mjrl's regret	缪栎的乡愁
mjrl's tears	缪栎之泪
mnemonic riddle	记忆的谜题
moaning atomos	奇声的阿托莫斯
moatmaker	重拳波
mobile crossray	移动式交叉激光
mobile fortress	移动要塞
mobile halo	移动式焰光环
mobile supply cache	机动补给舰
moblin forager	莫布林族采集者
mochi daikan	年糕官
mochi daikan's assistant	年糕官的手下
mochi thief	年糕小偷
mock-up grynewaht	迷你格林瓦特
mocking howl	嘲讽之嗥
mockingbird totem	仿声鸟图腾
model enterprise	企业号模型
model magitek bit	自律型魔导浮游炮
model suit	无力机兵
model vanguard	魔导先锋追踪型
modest lure	谦逊之饵
modification	自我强化程序
modification cell	改良种培养室
modish moogle	追求时尚的莫古力
moebius	无限循环
mog anthem	莫古助威歌
mog comet	莫古彗星
mog creation	森罗贤王
mog heaven	莫古力天堂
mog house	莫古房
mog malison	莫古的诅咒
mog meteor	莫古陨石
mog of the ages	莫古力激流
mogatory mog dance	莫古莫古回旋
mogbreaker piece	奇子·莫古小猛
mogdark resistance down	莫古光芒过敏症
moggleday night fever	莫古狂夜曲
mogglesguard	莫古力家臣团
moghemian rhapsody	莫古狂想曲
moghome	莫古力之家
moglight resistance down	莫古黑暗过敏症
mogmugger piece	奇子·莫古小贼
mogoosh the misbehaving	小顽童 莫古希
mogpo the magnificent	优等生 莫古珀
mograin of death	莫古死亡雨
mogshield swipe	莫古盾扫
mogsong sphere	音球
mogta mogsong	哼歌手 莫古查
moist namazu	湿润的鲶鱼精
moist summoning	呼唤水蛇
moisture soma	潮湿苏摩
mojabune	亡者船
mok oogl island	魔窟离岛
moko the restless	怨灵猛虎
moko's shadow	猛虎的幻影
mol dzotamer	模儿部牛倌
mol hunter	模儿部猎人
mol iloh	模儿衣楼
mol shaman	模儿部萨满
mol shepherd	模儿部羊倌
mol spiritcaller	模儿部魔战士
mol warrior	模儿部战士
mol youth	模儿部的年轻人
molamander	摩拉曼达
mold burst	黏菌飞散
mold colony	黏菌树
mold of the dead	死亡霉菌
mold spores	霉菌孢子
moldbeds	菌床洞
moldering merchant	恶徒商人
moldering outskirts	腐坏的街道前
moldering streets	腐坏的街道
moldy gale	霉风炮
moldy phlegm	霉痰
moldy pudding	发霉软糊怪
moldy sneeze	发霉喷嚏
mole-a-whack	致命踏压
molossus	莫洛索斯
molted spider	蜕皮蜘蛛
molted tarichuk	换羽塔里丘魔鸟
molted ziz	换羽席兹
molten blade	火焰魔刃
molten metal	火焰魔刃
molten phoebad	熔化弗巴德
molten scorpion	火铸蝎
molten silk	炎丝喷射
molting megalocrab	蜕皮陆蟹
molting plumage	换羽
molting python	硬派身法
moment of peace	片刻安宁
momoroon's milk	莫莫卢恩的母乳
monarch ogrefly	君王鬼蜻蜓
monastic ghost	瓯博讷幽灵
monastic skeleton	瓯博讷尸鬼
mongrel	长耳 希尔达
monitoring drone	警戒无人机
monitoring node	监视系统
monitoring station	管理层
monkey handler	训猴师
monkey king	齐天小圣
monkey magick	妖力球
monoceros	一角兽
monoceros monitor	一角兽的观察者
monochrome tones	色调反转
monocular biclops	单眼巨人
monoeye	独眼怪
monolith	石塔
monomachia	独斗
monomachy	单打独斗
monorail system	单轨系统
mons albus	白岭山腹
monster resistance	抵抗魔物
monster vulnerability	害怕魔物
monster wave	疯狗浪
monsterie	休岛园
monstrance	圣物院
monstrosity	魔物化
monstrous	魔物化
monstrous mole	巨鼹鼠
monstrous sorceress	黑色恶魔
montblanc	蒙布朗
monument to destruction	彗星宫
monument tower	秘石塔
moody moogle	情绪失常的莫古力
moogle adventurer	冒险莫古力
moogle dance	莫古莫古舞
moogle eye shot	莫古神准箭
moogle magicks	莫古的魔咒
moogle portrait	莫古力标识
moogle tempest	莫古暴风雨
moogle thrust	莫古刺
moogle-go-round	莫古飞天乱
mooglesse oblige	位高任重
moon bat	月蝙蝠
moon flute	月之笛
moon gana	月光蝶
moon-hopper	月面跃动机
moonbeam	月光流转
moonbeam's bite	幻狼剑
moonbound genbu	皓月之玄武
moonburn	太空热步
moonburst	碎片爆炸
mooncleaver	刚刃一闪
moondiver	潜月冲
moondrip	月滴洞
moondrip blastmaster	月滴暴冲巨人
moondrip piledriver	月滴打桩巨人
moondrip stonehauler	月滴运石巨人
moondust	月之碎片
moonfall	碎片散落
moonfall slash	落月破斩
moonfire colibri	月火蜂鸟
moonfire faire	红莲节
moonfire faire chaperone	红莲节执行委员
moonfire faire trainer	红莲节驯兽人
moonfire snipper	月火利螯陆蟹
moonfireworks	红莲爆
moongate hub	月门基地
moongrace	月光环
moonless night	暗夜斩
moonlift dance	日月之舞
moonlight	月光
moonlit	满月下
moonlit shadow	剑嚎的幻影
moonring blade	圆月轮
moonrise	升月高地
moonsail	月帆罩
moonseal	月亮刻印
moonset	落月踢
moonset rays	明月流光
moonshade deckhand	月影岛甲板员
moonshade isle	月影岛
moonshade pugil	月影陆鱼
moonshade steersman	月影岛操舵员
moonshade uragnite	月影乌菊石
moonshadowed	新月下
moonspore grove	月芽丛
moonspore spurred	月芽孢子
moonstalker	兽心技二式·死灭
moonstone carbuncle	月长宝石兽
moontide font	喷水流
moot hall	苦涩的大堂
mor dhona	摩杜纳
moraby bay	莫拉比湾
moraby drydocks	莫拉比造船厂
moraby drydocks landing	莫拉比造船厂码头
moraby hedgemole	莫拉比针鼹
moraby mole	莫拉比鼹鼠
moraby stoneshell	莫拉比石壳蟹
moraine golem	冰碛巨像
morbid advance	死亡行进：前
morbid fascination	痴迷
morbid meal	魔花之果
morbid retreat	死亡行进：后
morbid turn left	死亡行进：左
morbid turn right	死亡行进：右
morbol fruit	魔界花的果实
morbol marchioness	侯爵夫人魔界花
morbol marquis	侯爵魔界花
morbol menace	威胁魔界花
morbol piece	奇子·魔界花
morbol seedling	魔界花幼苗
morbolger	小可爱卡萝特
mord cutpurse	偷盗的鼹灵族
mord souq	鼹灵集市
mordacious moogle	牙尖嘴利的莫古力
mordion gaol	陌迪翁牢狱
more than a feeler	讨伐污染源头魔界花！
more than satisfied	以太大幅增强
morgar rise	莫加白海
morgardar ridge	莫加阿达天壁
morgawr	莫高海蛇
mormo's missionary	茉门的传教魔
morn afah	无尽顿悟
morn afah's edge	无尽顿悟剑
morning stars	四晨星
morningstar	晨星棒
morningstar boatswain	启明星号的掌帆员
morningstar cosier	启明星号的补帆员
morningstar falmadair	启明星号的操舵员
morningstar gromet	启明星号的甲板员
morningstar gunner	启明星号的炮击手
morningstar navigator	启明星号的航海长
morningstar topman	启明星号的瞭望员
mornveil forest	朝露林
moros well	摩罗斯井
morozko	严寒怪
morphic melody	变克的旋律
morpho piece	奇子·蓝闪蝶
morrow's magic	金曦之明
morrow's measure	金曦的旅程
morrow's might	金曦之民
morrowcloud	晨云
morrowmotes	明日粉团
mortal atonement	灭杀的赎罪
mortal blast	致命冲击波
mortal blow	强击
mortal burn mark	大爆印
mortal chorus	破灭之诗
mortal coil	风尘
mortal crush	压杀击
mortal drain	邪恶吸收
mortal fate	人界鏖杀波
mortal flame	必灭之炎
mortal gaze	死亡视线
mortal instants	末日时刻
mortal irons	锈锁街
mortal powder mark	大爆印
mortal ray	致命射线
mortal revolution	致命进化
mortal slayer	致命灾变
mortal storm	致命风暴
mortal vow	灭杀的誓言
mortared	以太炮命中
mortific	僧兵的祝福
mortified moogle	战战兢兢的莫古力
mortifly	死亡飞蝇
mortify	苦行
mortifying flesh	肉弹
mortifying magnate	拉拉菲尔族富商
moss barrier	苔藓墙
moss bloom	苔玉
moss dragon	苔龙
moss dragon in waiting	埋伏中的苔龙
moss fungus	苔菇
moss wall	苔藓大墙
mossasaurus	沧小龙
mossified mossling	厚苔苔小妖
mossless goobbue	无苔古菩猩猩
mossling	苔小妖
mossy goobbue	厚苔古菩猩猩
mossy peak	散发醇香的莫西·匹克
most gentlemanly	绅士风度
most unworthy	英雄未成
moth to the flame	错乱鳞粉
mother hornbill	红角亲鸟
mother lode	水晶地下湖
mother of the sheave	圣女希瓦像
mother porxie	仙子猪之母
motherbit	浮游炮主板
mothercrystal	母水晶
motion scanner	动态扫描仪
motion sensor	赋予加速度炸弹
motion tracker	动态感应中
motley egg	小丑预言蛋
mottled eft	斑点水蜥
mouche volante	轻盈巨蝇
moulinet	划圆斩
moundrinx eightclinks	响八刀 蒙德林克斯
mount argai mines	阿尔格矿山
mount biran mines	比朗大矿山
mount huaguo	花果山
mount loazensasaya	清风低语的山丘
mount ordeals	试炼之山
mount rokkon	六根山
mount roulette	随机坐骑
mount yorn	约恩山
mountain base	六根山麓
mountain bear	山熊
mountain bomb	山地爆弹怪
mountain breeze	山风
mountain buster	山崩
mountain falls	泥石流
mountain fire	山火
mountain grizzly	山地灰熊
mountain hollow	尖尖山洞
mountain morbol	山地魔界花
mountain motif	山岳彩绘
mountaincarve	削岩枪
mountaintop hropken	圣山洛浦肯
mountaintop miacid	圣山细齿兽
mountaintop opken	圣山欧浦肯
mounted	搭乘
mourner	哀悼者
mourning	追悼
mourning billy	悲痛公山羊
mourning dew	汐沫庭
mourning nanny	悲痛母山羊
mourning star	启明星
mourning widow	遗孀泪
mourning yok huy	扫墓的尤卡巨人
mousa's mantle	演艺家的职责
mousa's scorn	演艺家的蔑视
moussacre	慕斯慕斯冲
mousse drip	啪叽慕斯怪
mousse mine	黏黏慕斯怪
mousse mural	慕斯怪大雨
mousse princess	慕斯公主
mousse touch-up	慕斯怪小雨
mouth off	空口白话
mouthing-off moogle	滔滔不绝的莫古力
mouthwatering morbol	糖糖魔界花
mouu the puller	落潮盾 莫武
move mountains	灵岩地裂波
moved mer-maiden	感受大海的少女
movement magick	传送魔法
mover alpha	一号沟渠
mover beta	二号沟渠
moving mountains	造山震动
moving music hall	感动与兴奋的音乐堂
moxutural zooj	献出的战地
mrv missile	多弹头飞弹
mrv missile kyrios	多弹头导弹P
mt corel	科瑞尔山
mt gubal	迦巴勒山
mt gulg	格鲁格火山
mucal glob	粘液球
much ado about pudding	布丁拼盘
much-coveted mora	莫莫拉·莫拉！！！
muchalinda	目支邻陀
mucilage	润滑
mucous discharge	释放忘液
mucus bomb	粘液爆弹
mucus spray	粘液喷雾
mud biast	泥沼雷蛟
mud bubble	泥球
mud pie	泥球
mud pie princess	疯狂馅饼公主
mud pugil	泥沼陆鱼
mud slime	污泥粘液怪
mud stream	泥浆
muddy dorpokkur	掉泥叶小妖
muddy mata	泥泞玛塔蛇颈龟
muddy puddles	玩泥巴
muddy zoblyn	泥泞矿怪虫
muddy zoblyn larva	泥泞矿怪幼虫
mudman's double	土泥人分身
mudpuppy	泥沼蝾螈
mudrain	泥中莲花之术
mudsling	污泥猛抽
mudslinger	迷眼
mudspit	吐泥
mudstop watergush	泥泞水源地
mujen polajen	姆吉恩·珀拉吉恩
mujikoza	无地鼓座
multi-ai takeover	请求综合支援
multi-leg medium model	中型多脚
multi-missile	多重导弹
multi-pronged particle beam	乱激式波动炮
multicast	多重施法
multidirectional divide	多向斩
multifield	层积科学结界
multihook	加钩
multisplice	双重概念排斥
mummification	枯骨法
mummy flamen	木乃伊祭司
mummy's little mummy	小木乃伊
mumuepo the beholden	退位主教 穆穆埃珀
mumuroon yellowtooth	黄牙 姆姆卢恩
mumutano	穆穆塔诺
mun-tuy lemur	姆恩·图伊狐猴
mun-tuy sack	装有姆恩·图伊豆的麻袋
mun-tuy sapling	姆恩·图伊红花苗
munderg	红颈妖枪
munderg containment unit	红颈妖枪封印区
murder hole	谋杀洞
murderous asvattha	恶臭阿输陀花
murderous mantis	凶残螳螂
murderous marauder	粗野的斧术师
murderous mercenary	蛮横的佣兵
murderous mist	致命毒雾
murderous shriek	恶念尖叫
murfurlur the just	守文持正 姆伏鲁
murky depths	深度污浊
murky waters	污浊涌水
murky waves	黑死波动
murmur rills	嘈杂川
muscle activator	肌肉活化
muscle memory	坚信
muscular marauder	顽强的斧术师
mush-room	蘑菇地
mushroomery	玛托雅的洞穴 ～苍穹～
musica universalis	宇宙和音
musica universalis markets	宇宙和音市场
musical paca	乐团小羊驼
musketeers guild	火枪手行会
musky wisent	芬香文森野牛
musojin	无双刃
musosai	无双斋
mustadio	机工士姆斯塔迪奥
mustard bomb	芥末爆弹
mustard bombproof	芥末抗性
mustard gas	芥末弹怪
mustardseed	芥子
mutable laws	重力乱流
mutagenesis	人工诱变所
mutated corpse flower	变种尸生花
mutating cells	变异细胞
mutation	突然变异
muted struggle	击溃
muthru bazaar	慕思鲁市场
mutilate	无双旋
mutilation	无双旋
muttonmaw ogre	吞羊大魔
muu shuwuu	邪鸟木绍布
muud suud	姆德斯德
muud suud journeyman	雇佣的姆德斯德
myalna bowsing	散弓音 缅楠
mycelium stomp	霉菌踩踏
mycocyclone	孢子旋风
myconid piece	奇子·毒性魔菇
mycotender	发霉刺
mycotender arms	发霉刺的双拳
myhk nehr	米克·涅尔
myhk nehr's brethren	米克·涅尔的兄弟
mylla swordsong	剑戟歌 密拉
myotragus billy	公洞山羊
myotragus nanny	母洞山羊
myradrosh	米腊德罗斯蜂鸟
myrhinne hall	萤石大堂
myriad aspects	光芒一闪
myrmeleon	蚁蛉
myrmidon guard	灵蚁禁军护卫
myrmidon marshal	灵蚁禁军元帅
myrmidon princess	灵蚁禁军公主
myrmidon sentry	灵蚁禁军警卫
myrmidon soldier	灵蚁禁军士兵
myste the delusionist	迷幻梦 密斯托
mysterious assailant	神秘的袭击者
mysterious figure	可疑的男子
mysterious light	神秘之光
mysterious mindflayer	夺心魔
mystery magic	玄乎乎魔法
mystery of giruvegan	基鲁菲冈之谜
mystery waltz	神秘圆舞
mystic flame	魔光炎
mystic flash	魔雷闪
mystic heat	魔射线
mystic levin	魔雷击
mystic light	魔石光辉
mystic panda	仙术熊猫
mystic refulgence	幻想光
mystic weapon	神秘兵装
mythcall	幻枪招来
mythcarver	幻枪振
mythic idol	神秘土偶
mythic mirror	神秘土偶的幻影
mythic mountains	放浪神灵峰
mythmaker	惊天动地
mythril chains	蠢动之缚
mythril cyclone	秘银旋风
mythril golem	秘银巨像
mythril greataxe	秘银大斧
mythril tempest	秘银暴风
mythril verge	秘银权杖化身
mythrilcap	秘银帽魔菇
mythrite shell	秘石壳蟹
myths of the realm	艾欧泽亚神话
mythspinner	幻枪旋
nabaath areng	废都拿巴示艾兰
nabaath mines	拿巴示矿山
nabaath severance	拿巴示断绝
nabriales	那布里亚勒斯
nabriales's shade	那布里亚勒斯之影
nadir lift	月底升降梯
nael deus darnus	奈尔·神·达纳斯
nael geminus	奈尔双生子
nagxian cat	纳夏猫
nail in the coffin	活埋
nail of condemnation	断罪之桩
nail of the heavens	天楔
nailchipper	剪指甲
naishi-no-jo	掌侍
naishi-no-kami	尚侍
naked mole	无毛鼹鼠
naked rock	裸岩丘
naked shrew	无毛鼩鼱
naked soul	裸魂
naked yumemi	无壳观梦螺
nald's reflection	纳尔神祠
nald's scream	纳尔尖啸
nald's whisper	纳尔秘剑
nald'thal	纳尔札尔
nald'thal's counsel	纳尔札尔的指引
nald'thal's tidings	纳尔札尔福音
nald'thal's ward	纳尔札尔的加护
namai elder	茨菰村的老妇
namai farmhand	茨菰村的农夫
namai farmwife	茨菰村的农妇
namazu lookout	站岗的鲶鱼精
namazu sneakthief	鲶鱼精小贼
namazu stickywhisker	鲶鱼精盗贼
name of earth	土之美名
name of fire	火之美名
name of ice	冰之美名
name of lightning	雷之美名
name of the elements	元素之美名
name of the wind	风之美名
name of water	水之美名
nameless	不可言名
nameless attacker	神秘的袭击者
nameless conjurer	不知名的法师
nameless soul	无名的灵魂
nameless spirit	无名的精神
nameslates	留下名字的墓地
namingway	迷你命名威
nana bear	娜娜珂小熊
nanasomi	纳纳索米
nanawa mines	纳纳瓦银山
nano lord	微暗之王
nanoparticles	压缩粒子
nanospore cloud	粒子崩坏
nanospore jet	魔科学粒子散布
narantsetseg	太阳魔花纳兰切切格
narasimha	那罗希摩
narbrooi	纳布芮依
nariphon	纳里蓬
narkissos	纳西索斯
narrow-rift	狭缝
narrowing twinflame	环火连焰
narrowing witch hunt	环圆式魔女狩猎
narunnair	纳茹奈岛
narwhal's lullaby	绝对睡眠
naryor gorna	纳尤戈纳
naryordor	纳由多
nascent chaos	原初的混沌
nascent end	原初的愤怒
nascent flash	原初的勇猛
nascent glint	原初的武猛
nashmeira	演舞师 娜休梅拉
nashmeira's curtsy	娜休梅拉之舞
nastrond	死者之岸
nastrond ready	死者之岸预备
nasty surprise	特殊弹装填
nat'gaii vundu	温杜那伽义
nat'laii gundu	衮杜那腊义
nat'laii vundu	温杜那腊义
nat'leii zundu	年轻的尊杜人
nat'loii gundu	衮杜那洛义
nat'loii vundu	温杜那洛义
nat'maii vundu	温杜那麻义
nat'noii gundu	衮杜那诺义
nat'noii vundu	温杜那诺义
nat'poii vundu	温杜那颇义
nat'zoii vundu	温杜那佐义
natalan	风扬殖民地
natalan boldwing	风扬豪放猛士
natalan fogcaller	风扬迷雾术士
natalan swiftbeak	风扬敏捷战士
natalan watchwolf	风扬守卫黑狼
natalan windtalon	风扬风爪剑士
natural alignment	术式记述
natural history room	博物学研究室
natural needles	几根针刺
natural nurture	治疗之水
nature call	变成草人吧！
nature's blood	波导地灵斩
nature's bounty	嘉惠
nature's minne	大地神的抒情恋歌
nature's pulse	波导地灵冲
naught grows	无之膨胀
naught hunts	无之追踪
naught hunts another	无之再追踪
naught wakes	无之活性
naughty knot	拉回
naughty nanka	淘气南加
nauplius	无节幼体
nautilus knoweth	智慧的海螺
navagraha	九曜星
naval ram	刺枪撞击
navigate	查看地图
navigator's command	利姆莱茵之敕令
navigator's dagger	海洋女神的小刀
navigator's quarters	领航员室
navigator's trident	海洋女神的尖枪
nayaga the taken	月神附身 纳牙阿
nayokk roh	人贩子 纳约克·秋
ne'er-done-well	出炉
neap tide	凶水小潮
near edge	近刃击
near shore shackles	水流链：近
near tide	圆浪
near to heaven	天界交叉斩·圆
nearburst	圆形爆炸
nearby portent	大蛇的魔力：近
nearsight	近思的魔击
neath dark waters	幽冥水底
nechuciho	内丘奇霍
neck rip	撕裂喉咙
neck splinter	碎颈
neckbiter	致命轮锯
neckbreaker	断颈鹰
necrobane	死灵病源
necrobomb	亡灵爆弹
necroburst	亡灵爆发
necrohazard	死灵危机
necrohaze	僵尸毒气
necrohol	死都
necromancy	亡灵术
necrophagous hound	腐生猎犬
necrophagous vodoriga	腐生石像魔
necrophobia	惧死者
necropsyche	亡灵之魂
necropurge	死灵潜质
necrose knight	名门骑士
necroserf	腐烂的尸体
necrosis	致死腐烂毒素
necrosurge	昏暗奔流
necrotic billow	腐朽烧杀
necrotic fluid	致死腐烂毒素飞散
necrotic mist	致死腐烂毒雾
necrotic nectar	酸花蜜
necrotic pulse	撕破
necrotize	坏死爆发
nectar refill	甘甜花蜜填充
nectar-seeking pixie	寻找花蜜的仙子
needle burst	飞针散弹
needle gnarl	落针刺
needle gun	飞针枪
needle poised	准备播放
needle shot	飞针射击
needle spaser	细针激光
needle storm	刺针风暴
needle superstorm	超刺针风暴
needle veil	针灸屏障
needles out	射针
negative affect	消极情感
negative aura	消极视线
negative charge	磁力（-）
negative personae	消极人格
negative whirl	消极回旋
negatron	负电子
negatron stream	负电子流
neglected granary	抛弃的谷仓
nehd sorn gahr	怨军首席
nekropolis	无命镇
nem khaal	涅木卡勒河
nemean lion	尼米亚猛狮
nemesis	复仇
nemesis burst	复仇爆发
nenaunir	涅那乌尼尔
neneroon	内内卢恩
neo bombarian special	新式超豪华野蛮大乱击
neo exdeath	新生艾克斯迪司
neo garula	进化加鲁拉
neon stein	霓虹酒杯
nepenthic plunge	忘忧毒液
nereidic gravity	决战涅瑞伊得
nereus trench	涅柔斯海渊
nero tol scaeva	尼禄·托尔·斯卡艾瓦
nerva yae galvus	涅尔瓦·耶·加尔乌斯
nerve cloud	神经云
nerve gas	神经毒气
nerve gas ring	环状神经毒气喷射
nerve sever	咬断神经
nervous namazu	发狂的鲶鱼精
nervous researcher	软弱的观察者
nest commander	蚁巢指挥官
nest of flamevipers	炎蛇群翔
nesting anzu	筑巢安祖
nesting buzzard	筑巢秃鹫
nesting daidalion	筑巢变异凶鹰
nesting gastornis	筑巢冠恐鸟
nesting gizamaluk	筑巢基札玛路克
nesting orobon	筑巢鬼鮟鱇
nestless cockerel	筑巢公雏鸟
nestless falcon	无巢游隼
nether blast	幽冥冲击
nether burst	幽冥爆发
nether nix	地底夜蟾蜍
netherfall	异界的暴雨
netherflow	异界的激流
nethergate	神门之间
netherwater	异界的污水
netherwind	黄泉之风
netherworld far	阴界远景
netherworld near	阴界近景
netherworm	冥蠕虫
netherwrath far	远界阴怒
netherwrath near	近界阴怒
netroot radius	翠枝圆林
neuro squama	幻惑鳞粉
neurokinetic linkup	精神接续区间
neurolink	拘束链
neurolink burst	拘束冲击
neurolink nacelle	拘束仓
neurotoxify	神经毒素
neutral sect	中间学派
neutralization	压制射击
neutralize front lines	前方电中和
neutralizer	中和器
neutron ring	中子环
neverreap	不获岛
neverreap toco toco	不获巨嘴鸟
neverreap wamoura	不获瓦魔蛾
neverwhere	规律崩坏
new foundations	重建竣工小调
new gridania	格里达尼亚新街
new growth city	萌动市区
new growth tapwaters	萌动根水
new moon	新月流
new nest	新巢居住区
newvoid	新虚无洞
next board	下一个战术板
nexus arcade	联合商城
nexus of flame	集火爆炎
nexus of thunder	万字疾雷
neyoozoteel	内尤佐缇
nezha chariot	风火轮
nezul cattlan the violator	侵略者 内兹尔·卡特兰
ngozi driftmaker	流动恩戈齐
nhaama anala	月神阿那罗
nhaama desert	月神沙漠
nhaama mite	月神蛛蝎
nhaama's descent	朵塔儿陨石流星
nhaama's retreat	月神沙漠北端
nhaama's wrath	月神的愤怒
ni-no-kuruwa	二之曲轮
ni-no-maru	二之丸
ni-no-maru manor gardens	二之丸御殿庭园
nidhogg	尼德霍格
nidhogg an	邪龙台
nidhogg broodling	邪龙子嗣
nidhogg's claw	邪龙之爪
nidhogg's fang	邪龙之牙
nidifice	候鸟云巢
nigh-drawn eruption	近冲击波
night hound	暗夜猎犬
night in the brume	夜雾缭绕
night of yx'lokwa	伊奇丝洛克瓦之睡床
night stallion	暗夜烈马
night terror	暗夜恐惧
night wing	夜翼
night's blessed missionary	夜之民导师
night's blessed sentry	夜之民卫士
night's blessed shepherd	夜之民猎人
night's blessed youth	夜之民青年
night's watch	值夜海崖
nightbloom	月下彼岸花
nightburn	夜燃
nightfall	深宵换装
nightfall requiem	堕暗
nighthawk	夜鹰
nightmare	噩梦
nightmare bhoot	噩梦浮灵
nightmare bloodguard	噩梦血卫
nightmare bogy	噩梦妖魂
nightmare bubble	恶梦泡泡
nightmare burst	恶梦爆发
nightmare catoblepas	噩梦卡托布莱帕斯
nightmare dahak	噩梦扎哈克
nightmare demon	噩梦恶魔
nightmare dragon	噩梦巨龙
nightmare eruption	恶梦喷发
nightmare eye	噩梦之眼
nightmare flamebeast	恶梦焰兽
nightmare gargoyle	噩梦石像鬼
nightmare gnat	噩梦巨蝇
nightmare gourmand	噩梦贪吃鬼
nightmare gravekeeper	噩梦墓穴守卫
nightmare haagenti	噩梦哈加提
nightmare hecteyes	噩梦百目妖
nightmare hellhound	噩梦地狱犬
nightmare knight	噩梦骑士
nightmare manticore	噩梦曼提克
nightmare monk	噩梦鬼鱼
nightmare mummy	噩梦木乃伊
nightmare ogre	噩梦食人魔
nightmare persona	噩梦假面
nightmare pudding	恶梦软糊怪
nightmare puppet	恶梦玩偶
nightmare scythe	噩梦钐割
nightmare succubus	噩梦梦魔
nightmare troubadour	噩梦行吟诗人
nightmare worm	恶梦巨虫
nightmare wraith	噩梦幽灵
nightmarish light	奇异光
nightsoil pots	腐臭花园
nightstalker	暗夜追踪者
nightstalker's shadow	守夜人的睨视
nihility	无之力
nihility's song	虚无之歌
niikwerepi	尼葵瑞皮河
nilopala nourishments	妮洛帕拉畜产局
nimrod escort	护卫魔导强猎手
nine ivies	九藤
nine lives	猫生九命
nine nights	九星乱流
ninefold curse	九厄
ninety-ninefold curse	大九厄
ningishzida	宁吉兹济达
ninjutsu	忍术
ninki nanka	宁基南加
ninth blade	第九刃区
ninth circle	魔阵扩张
ninth vare	第九锡杖
niraya prominence	泥犁日珥斩
nitrosphere	硝化晶球
nitrospin	爆炸回旋
nivalis	极地雪藻
noahionto	新烈光
nobility obliges	位高责重
nobility sleeps	贵族沉眠
noble blade	贵族之刃
noble blaster	高能冲击波
noble blood	支配之心
noble circle	贵族之环
noble dawn	审理的太阳
noble district	阿拉米格贵族街
noble exoray	贵族毒菇怪
noble mythrilcap	高级秘银帽魔菇
noble noggin	好脑袋
noble pursuit	狮子王牙
noble spirit	贵族精神
noble trail	身向正途
noble whoresons penman	高洁孤儿团掌柜
noble whoresons ringleader	高洁孤儿团头领
noble whoresons smuggler	高洁孤儿团走私者
noctilucale	夜光花
noctoshield	夜障
nocturnal balance	中间学派（夜）
nocturnal benefic	吉星相位（夜）
nocturnal field	黑夜领域
nocturnal knight	黑夜骑士
nocturnal opposition	天星冲日（夜）
nocturnal sect	黑夜学派
node retrieval	分解吸收
noetophoreon	万慧树
noh theater	天守能乐堂
nohurts goblixer	哥布林药剂：治愈
noisome nuisance	过激毒球
nokosero	夜色之层
nomadic matanga	孤独象魔
non-volatile memory	重要记忆保管室
nopal fan	仙人扇
nopalitender	圆扇刺
nopalitender agricultor	圆扇刺种植者
nopalitender fabuloso	绝妙圆扇刺
nophica	诺菲卡
nophica's altar	丰饶神祭坛
nophica's counsel	诺菲卡的指引
nophica's tidings	诺菲卡福音
nophica's ward	诺菲卡的加护
nophica's wells	丰饶神井
normal stance	基本思路
north basin	北部盆地
north bloodshore	北鲜血滨
north drybone	枯骨北泉
north eblan timberland	北艾布拉纳林道
north end	市区北部
north falcon tower	北猎隼塔
north horn	新月岛北部
north horn base camp	北部调查队营地
north lake tusi mek'ta	蛇水湖北
north lyhe ghiah	梦羽城北
north mercenary base	北佣兵基地
north raven tower	北渡鸦塔
north shadowdeep shore	妖火湖北岸
north shards	歌咏裂谷北部
north shroud	黑衣森林北部林区
north shroud lemur	北森狐猴
north shroud opo-opo	北森奥猴
north silvertear	银泪湖北岸
north star	北极星
north tidegate	北防波堤
north tidegate grieve	鱼人北部队长
north wind	北风
northeast bronze lake	石绿湖东北岸
northeast bronze lake depths	石绿湖东北湖底
northeast source	始源湖东北
northeastern bekko	龟甲岛东北部
northeastern ice needles	冰针东北
northeastern pavilion	东北空域
northeastern rhalgr's reach	神拳痕东北
northeastern shirogane	白银乡东北区
northeastern shirogane subdivision	[扩建区]白银乡东北区
northerlies	狂风暴雪
northerly	玉风
northerly shift	换位强袭·北
northerly zephyrneus	偏北西风航
northern bateleur	北境短尾雕
northern buzzard	北方秃鹫
northern colibri	北境蜂鸟
northern cross	北十字星
northern current	环水流
northern diadem lake	云冠西北池
northern empty	北洋地域
northern enclave	多玛飞地北（无二庭园/农耕地）
northern fluturini	北境浮蝶
northern griffin	北境狮鹫
northern grizzly	北境灰熊
northern hills of amber	北琥珀丘
northern islands	北部管区
northern lake toari	特利湖北侧
northern mare lamentorum	叹息海北部
northern merlthor spectral current	梅尔托尔海峡北幻海流
northern onokoro	自凝岛北部
northern plateau	北部台地
northern pyre	北炎
northern ray	北境鳐
northern shirogane subdivision	[扩建区]白银乡北区
northern snapweed	北境捕捉草
northern staging point	北方集合地
northern star	北极星
northern strait of merlthor	梅尔托尔海峡北
northern swallow	北境盐蓝燕
northern thanalan	北萨纳兰
northern tiger	北方猛虎
northern vulture	兀鹫
northpoint	北点
northswain's glow	北斗骨碎斩
northswain's prayer	北斗破魔冲
northswain's strike	北斗骨碎打
northward hop-print	北侧小跳印记
northward stream	纵向小溪
northwest bronze lake	石绿湖西北岸
northwest bronze lake depths	石绿湖西北湖底
northwest caliban gorge	卡利班深海峡西北
northwestern onokoro	自凝岛西北部
northwestern pavilion	西北空域
northwestern regolift	升地沙石滩西北
northwestern shirogane	白银乡西北区
norvrandt	诺弗兰特
norvrandt slope	诺弗兰特大陆坡
nose for battle	战气
nosferatu	诺斯费拉图
nostalgia	望乡
not afraid	从不畏惧
not-so-bighorn	中角羊
note of despair	绝望的叫声
nothing beside remains	座下隆起
nothingness	无之波动
notice of death	死亡报告
notocactuar	锦绣刺
notoneus	南风航
noubelea	贤具扫射
nouliths	贤具设置
noumenon	所思大书院
nova diffuser	成长剂扩散射线
nova grenade	宇宙爆破器
nova ooze	热热毒素
novice gladiator	生疏的剑术师
novice hunter	初出茅庐的狩猎者
novv's nursery	诺布养育场
now boarding	驾驶员传送中
nowhere to run	亡途重负
nox blast	夜冲击
noxious breath	毒气
noxious explosion	大爆炸
noxious gnash	毒烈
noxious nectar	分泌毒液
noxious nova	毒素爆散
noxious sap	恶臭树液
noxious spray	瘴气飞散
noxious stream	毒气乱流
nuckelavee	纳克拉维
nuisance	添乱
null black	黑攻击无效
null white	白攻击无效
nullchu	泥口花
nullifying dropkick	昆仑八象脚·改
numa-no-shiki	沼之式鬼
number 128	128号
number 132	132号
number 256	256号
number xxiv	024号
numbing brand	灵冰之剑
numbing breath	麻痹吐息
numbing current	电气麻痹
numbing noise	先声夺人
numbing tendrils	雷胞
numeric riddle	数字谜题
nunulupa tatalupa	奴奴鲁帕·塔塔鲁帕
nunyenunc	奴涅努克怪鸟
nunyenunc's feather	奴涅努克之羽
nunyenunc's shadow	奴涅努克之影
nunyunuwi	努纽努维
nure-onna	濡女
nurikabe	涂壁
nursed grudge	怪诞恶意
nussknacker	努斯克纳卡
nut lob	投掷椰子
nutbreaker squirrel	破果松鼠
nutcracker squirrel	碎果松鼠
nutmuncher marmot	嚼果栗鼠
nutrify	补充营养
nutshell	坚壳防御
nuvy megalobat	努贝依大型蝙蝠
nuvy mole	努贝依棘刺鼹鼠
nuvy's leavings	努贝依旧矿山
nuzal hueloc	飞天枪 奴扎尔·怀罗克
nybeth obdilord	死灵术士尼博斯
nyelbert	奈贝尔特
nyelbert's lament	奈贝尔特的后悔
nym river	尼姆河
nymian petalodus	尼姆瓣齿鲨
nymian plague	尼姆瘟疫
nymian uolosapa	尼姆乌洛萨帕
nymphaeum	水仙女神龛
nyunkrepf's sight	纽恩克雷夫的瞭望岩
nyzul isle	奈兹尔岛
o'adebh whitemane	雪白鬃 奥·阿德布
o'er the ancient arbor	古老森林的回忆
o'ghomoro golem	哥摩罗巨像
o'sanuwa vundu	温杜欧腾云蛇
oah nelhah	奥雅·奈尔赫
oak atrium	古橡大堂
oakum landing	填絮码头
oakwood	橡树原
oasal balm	休憩之水
oath of fire	火焰缚索
oathbind	黎明束缚
obda the younger	小奥布达
obdella	棘蛭
obfuscated	隐身
object 130	物体130
object 199	物体199
oblatio	祭牲预备
oblation	献奉
obliterate	破魔震
obliteration	灭迹
obliviating claw	忘却之爪
oblivion	冰柱圆庭
oboro moonrise	月夜之胧
obscure woods	暗黑森林
observer	岛屿监视者
observer's eye	监视者之眼
obsidian carbuncle	黑曜宝石兽
obsidian zenith	穿山石枪
obstruction	妨碍
obstructive u'out	阻路呜口花
occluded front	锢囚锋
occult aero	魔疾风
occult aero iii	魔暴风
occult aqua breath	魔水流吐息
occult blink	魔闪躲
occult blizzard iii	魔冰封
occult chakra	魔脉轮
occult chisel	魔录凿刻
occult cloister	异相回廊
occult comet	魔彗星
occult counter	魔反击
occult crescent	新月岛
occult cure iii	魔愈疗
occult dispel	魔驱魔
occult elixir	魔圣灵药
occult ether	魔以太药
occult falcon	魔猎鹰
occult featherfoot	魔猎步
occult fire iii	魔爆炎
occult flare	魔核爆
occult golem	新月暗黑巨像
occult heal	魔疗愈
occult holy	魔神圣
occult isleblazer	新月焰人
occult jump	魔跳跃
occult knight	新月骑士
occult libra	魔侦测
occult mage masher	魔封魔
occult mighty guard	魔强力守护
occult missile	魔导弹
occult potion	魔恢复药
occult quick	魔神速
occult raise	魔复活
occult resuscitation	魔急救
occult return	亚返回
occult sculpture	新月雕塑
occult slowga	魔强减速
occult sprint	魔冲刺
occult swift	疾行魔神速
occult thunder iii	魔暴雷
occult toad	魔蛙变
occult tornado	魔龙卷风
occult treasuresight	魔寻宝
occult unicorn	魔独角兽
occult white wind	魔白风
ocean fishing	出海垂钓
ocean roseling	大洋妖红花
oceanus	俄刻阿诺斯
ocher jelly	赭黄胶质怪
ochre stone	巨岩
ochu piece	奇子·大口花
octaflare	八分核爆
octavel the unforgiving	遗恨者 奥克塔韦尔
octoboom bombarian special	八分超豪华野蛮大乱击
octoboom dive	八分强震冲
octomammoth	八足巨妖
octostroke	八足重击
octuple lariat	八分双重碎颈臂
octuple slammer	八倍锤击
octuple swipe	八重横扫
odder fodder	獭獭散花
odder incarnation	獭獭的诅咒
odder otter	獭獭
odder prayer	咒珠印：獭獭
odder trap	獭獭陷阱
ode of the underfoot	歌唱身旁
ode to fallen petals	花雨之歌
ode to far winds	晴岚之歌
ode to lost love	狂爱之歌
odious air	恶意毒气
odious atmosphere	恶意毒境
odious croak	音痴的热唱
odious lunge	恶意冲撞
odious miasma	恶意瘴气
odious uproar	斗气解放
of countless stars	先逝的群星
of glittering baubles	艳彩的宝饰
of glittering wings	艳彩的羽翼
off-balance	弱不禁风
off-center summoner	神秘的召唤师
off-duty porter	结束工作的搬运工
off-guard	破防
offal breath	废料吐息
offense kit	攻击道具包
offensive aria	攻击之歌
offensive command	攻撃命令
offensive optimization	攻击形态
offensive posture	攻击姿态
offensive rambling	胡话拱火
offensive supplies	攻击补给箱
offensive tactics	攻势作战
office of the producer	制作人房间
offscoursman	洁光巨鸟
ofunakura shipwrights	船库
ogbunabali	奥格布那巴利
ogi namikiri	奥义斩浪
ogi namikiri ready	奥义斩浪预备
ogre crab	鬼蟹
ogre piece	奇子·食人魔
ogre pumpkinhead	南瓜头魔人
ogre's belly	魔胃洞
ogrebon	食人鬼鮟鱇
ohl tahn	竖骨岛
ohokaliy	噢霍卡利
oil blast	润滑剂爆炸
oil breath	火油吐息
oil shower	黄雨
oil well	喷油
oiled arrow	涂油箭
ok gundu	衮杜集落
ok gundu nakki	西风岛
ok gundu totem	衮杜集落图腾
ok vundu	温杜集落
ok vundu mok	莫克温杜集落
ok vundu vana	瓦纳温杜集落
ok zundu	尊杜集落
ok'bek'be	大家的聚落
ok'hanu	哈努聚落
oka ranman	樱花烂漫
okeanis	俄刻阿尼斯
okeanos the red	红发的俄刻阿诺斯
okuri chochin	送行提灯
okyupete	急速妖鸟
olana's stand	奥兰塔阵地
old bitter-eye	苦眼
old bozja	博兹雅旧市街遗迹
old earra bridge	艾雅拉登城桥
old father	最高大的树
old goobbue	古老古菩猩猩
old gridania	格里达尼亚旧街
old guard bow	守旧派弓箭手
old guard spear	守旧派枪术师
old guard staff	守旧派的幻术师
old magic	释放魔力
old nest	老旧的巢穴
old one	旧日灵偶
old pisaca	古老毕舍遮
old sharlayan	旧萨雷安
old sharlayan aetheryte plaza	以太之光广场
old six-arms	六爪长老
old world mercenary	萨雷安刺客
old world thaumaturge	北洋装扮的咒术师
old wounds	古伤
old-growth blue leafkin	老龄蓝叶灵
old-growth treant	老龄树精
older one	神殿旧日灵偶
olkund dzotamer	奥儿昆德部牛倌
olkund poacher	奥儿昆德部偷猎者
omega blaster	欧米茄冲击波
omega control	欧米茄控制室
omega frame	欧米茄框架
omega jammer	欧米茄干扰器
omega javelin	欧米茄投枪
omega squared	战斗2δ
omega-f	欧米茄F
omega-m	欧米茄M
omicron aggressor	奥密克戎侵略者
omicron invader	奥密克戎入侵者
omicron regenerator	奥密克戎变革者
ominous bubbling	灵水弹
ominous onibi	不祥的鬼火
ominous prognisticks	凶兆
ominous wiggling	年糕软软
ominous wind	妖风
omni-elements	元素控制
omnidimensional onslaught	连续多方向攻击
ompagne deepblack	纯黑骑士 翁帕涅
omphalos	翁法洛斯
on a roll	骑滚球
on balance	灵魂的衡量
on blade's edge	锋芒
on fire	炎斧
on high	大扇风
on low	扇风
on our fates alight	命运之旅
on the soul	论灵魂
on westerly winds	乘上西风
on windy meadows	拉诺西亚的疾风
on-the-waysides	城区工地
once burned	生之袭火
once on rokujo	六条奔雷一式
ondo cups	鳍人潮池
ondo spearfisher	鳍人族捕鱼人
one among wonders	起始的幻域
one amongst the weary	疲惫不堪
one and only	举世无双的霸王
one champion	草原的挑战者
one dragon	绝对之龙
one garden	无二庭园
one ilm punch	短劲
one last time	最后一次
one mind	心领神会
one moogle army	绒绒乱砍
one river	无二江
one river southern riverbeds	无二江底南部
one river southwestern riverbeds	无二江底西南部
one river spectral current	无二江下游幻海流
one ruler	草原的支配者
one small step	一小步
one true huntsman	草原的追迹者
one with nature	人兽同调
one-minded moogle	横冲直撞的莫古力
one-stone march	马利克敕令：进一
one-two march	二连行军
one-two memory	猫生九命：二连
one-two paw	二连尖甲
onepenny inflation	一币咒爆风
onerous guilt	执念
oni yumemi	鬼观梦
oni's claw	鬼腕
onion blade	洋葱剑
onion heal	洋葱愈
onion hurt	洋葱痛
onion knight demiclone	洋葱剑士亚灵复制体
onion prince	洋葱王子
onion slash	洋葱斩
onion slicer	洋葱切
only path	唯一的行路
onmyo sigil	阴阳之印
onmyojutsu	机关阴阳术
onokoro	自凝岛近海
onsal hakair	昂萨哈凯尔
onslaught	猛攻
onslaughter	突击者
onyx claw	贝利亚斯之爪
onyx dragon	奥尼克斯龙
onyx lane	黑玉小巷
oonu vali	积乱云 奥努瓦利
opal springs	闪山云喷泉
opalescent crossing	蛋白石十字口
open arms	欢迎门
open bloodbrine sea	绯汐海近海
open box	打开的玉手箱
open fire	开火
open flame	明火
open hearth	恐怖的火焰
open rhotano sea	罗塔诺海海面
open ruby sea	红玉海海面
open sirensong sea	妖歌海海面
open water	开放水域
operational synergy	协作程序W
opheos eidolon	巨蛇幻影
ophioneus	俄菲翁尼厄斯
ophiotauros	蛇牛
ophiotauros picker	蛇牛窃贼
opinicus	狮身巨鹰
oplo opken	欧浦罗欧浦肯
opo-opo	奥猴
opo-opo form	魔猿身形
opo-opo piece	奇子·奥猴
opposition	天星冲日
oppressor	压迫者
oppressor 0.5	压迫者零号
optic induration	光化学硬化
optical intrusion	多嘴多事
optical laser	光学射线F
optical sight	制导
optical unit	视觉组
optimal offensive	武装突击
optimal play	武装战技
optimized bladedance	欧米茄刀光剑舞
optimized blizzard iii	欧米茄冰封
optimized fire iii	欧米茄烈炎
optimized judgment	魔导制裁
optimized meteor	欧米茄陨石流星
optimized passage of arms	欧米茄武装戍卫
optimized sagittarius arrow	欧米茄射手天箭
optimized ultima	魔导究极
optimus omicron	集成奥密克戎
opulent syricta	华丽希里科塔
oracle of darkness	暗之巫女
oracle's reflection	巫女的镜像
orb of conflagration	爆宝珠
orb of immolation	焰宝珠
orbital flame	旋绕之火
orbital levin	旋绕之雷
orbital omen	星轨链
orbital slice	圆弧斩
orbital wind	旋绕之风
orbonne monastery	乐欲之所瓯博讷修道院
orbshadow	追踪
orchard	高树果林
orchidelirium	春兰争艳
orcish grappler	奥克族格斗者
ordained capital punishment	加重诛罚
ordained motion	行动命令
ordained punishment	诛罚
ordained stillness	静止命令
ordeal of purgation	炼狱朱炎
ordeal of thunder	天雷神裁
order relay	连续攻击命令
order to assault	突击号令
order to attack	攻击命令
order to bombard	轰炸命令
order to charge	出击命令
order to detonate	自爆命令
order to fire	攻击命令
order to stand fast	妨碍号令
order to support	掩护命令
order yet undeciphered	未解读法则
ordered chaos	天光
ordered fire	支援炮击
orderly imp	守序小魔精
ore-rigato	谢谢原石！
orghana	兀鲁忽乃朝鲁
origenics	创生设施
origenics aerostat	创生航空机
origenics automatoise	创生半机器龟
origenics eyeborg	创生半机器孤眼巨人
origenics eyeclops	创生孤眼巨人
origenics katobleps	创生卡托布莱普塔
origenics security	创生守卫
origenics sentry g10	创生哨兵G10
origenics sentry s10	创生哨兵S10
origenics turret	创生炮塔
origin spring	大树命泉
original blackguard	原始黑卫
original demon	原始恶魔
original fat chocobo	初代胖陆行鸟
original gargoyle	原始石像鬼
original hellhound	原始地狱犬
original progenitrix	原始爆弹之母
original sin	原罪
origins of fire	原点烈炎
origins of flare	原点核爆
origins of ice	原点玄冰
origins of thunder	原点闪雷
orison fortissimo	洪声祷告
orlasrach	烈焰金枪
orlasrach containment unit	烈焰金枪封印区
orlop deck	优良种保管库
orn fly	奥恩飞蚤
orn hornet	奥恩黄蜂
orn khai	奥恩·凯
orn kite	奥恩飞鸢
orn wild	奥恩原生林
ornamental leafman	花人
ornamental shrublet	花人
ornery karakul	黑羊
orogenesis	造山
orogenic annihilation	地面崩坏
orogenic deformation	地面隆踊
orogenic shift	地面隆起
orogenic storm	造山风暴
orogeny	地面崩坏
oroniri brother	奥罗尼部兄长战士
oroniri healer	奥罗尼部医生
oroniri hunter	奥罗尼部猎人
oroniri warrior	奥罗尼部战士
oroniri youth	奥罗尼部年轻人
orphaned ruins	毁坏的建筑
orphaned sylph	妖精孤儿
orthoblue dragon	正统蓝龙
orthobug	正统发条虫
orthochimera	正统奇美拉
orthodemolisher	正统破坏者
orthodox proctor	伊修加德正教监督官
orthodroid	正统机甲
orthodrone	正统无人机
orthoempuse	正统疫虫
orthogiant	正统铁巨人
orthohunter	正统猎手
orthoiksalion	正统改造鸟人
orthoiron claw	正统钢铁之爪
orthoiron corse	正统铁面腐尸
orthokaliya	正统卡利亚
orthoknight	正统骑士
orthokunoichi	正统女忍
orthonaga	正统那迦
orthonaught	正统恐慌装甲
orthoninja	正统忍者
orthopredator	正统铁血战士
orthos abaia	正统阿巴伊
orthos abyss	正统深渊
orthos acheron	正统阿刻戎
orthos ahriman	正统冥鬼之眼
orthos anala	正统阿那罗
orthos apa	正统阿帕斯
orthos banshee	正统班西
orthos basilisk	正统石蜥蜴
orthos behemoth	正统贝希摩斯
orthos belladonna	正统剧毒美人
orthos bergthurs	正统山巨魔
orthos bhoot	正统浮灵
orthos biast	正统雷蛟
orthos big claw	正统大螯陆蟹
orthos bombfish	正统爆弹鱼
orthos brobinyak	正统布罗宾雅克
orthos catoblepas	正统卡托布莱帕斯
orthos cobra	正统眼镜蛇
orthos coeurl	正统长须豹
orthos craklaw	正统裂钳蟹
orthos dahak	正统扎哈克
orthos deepeye	正统深瞳
orthos demon	正统恶魔
orthos diplocaulus	正统笠头螈
orthos drake	正统烈阳火蛟
orthos durga	正统杜尔迦
orthos fachan	正统幽鬼之眼
orthos falak	正统法拉克
orthos fitter	正统整备工
orthos flamebeast	正统焰兽
orthos gelato	正统明胶怪
orthos goobbue	正统古菩猩猩
orthos gourmand	正统贪吃鬼
orthos gowrow	正统高牢怪龙
orthos grenade	正统榴弹怪
orthos groundskeeper	正统坐镇巨像
orthos gulo gulo	正统狼獾
orthos hecteyes	正统百目妖
orthos hedetet	正统赫德提特
orthos hoarhound	正统霜狼
orthos huwasi	正统胡瓦西
orthos ice sprite	正统冰元精
orthos imp	正统小魔精
orthos kargas	正统卡尔加斯
orthos kelpie	正统凯尔派
orthos keter	正统王冠
orthos korrigan	正统柯瑞甘
orthos kukulkan	正统库库尔坎
orthos lamia	正统拉米亚
orthos leech	正统水蛭
orthos matamata	正统玛塔蛇颈龟
orthos microsystem	正统微型系统
orthos mining drone	正统采掘无人机
orthos mirrorknight	正统镜骑士
orthos mithridates	正统米特里达梯
orthos monitor	正统飞巨蜥
orthos monk	正统鬼鱼
orthos motherbit	正统浮游炮主板
orthos mudman	正统土泥人
orthos netzach	正统胜利
orthos oceanus	正统俄刻阿诺斯
orthos palleon	正统侏儒避役
orthos pegasus	正统黑天马
orthos persona	正统假面
orthos piranu	正统皮拉鱼
orthos primelephas	正统曙象
orthos pteroc	正统翼蜥
orthos pudding	正统软糊怪
orthos rafflesia	正统大王花
orthos reptoid	正统爬虫半人马
orthos rockfin	正统石鳍鲨
orthos sasquatch	正统大脚巨猿
orthos sawtooth	正统锯齿花
orthos shabti	正统沙布提
orthos skatene	正统斯卡尼特
orthos spartoi	正统地生人
orthos specter	正统妖影
orthos sphinx	正统斯芬克斯
orthos spirulina	正统螺旋藻
orthos spriggan	正统魔石精
orthos stingray	正统刺魟
orthos succubus	正统梦魔
orthos thanatos	正统塔纳托斯
orthos thunderbeast	正统雷兽
orthos toco toco	正统巨嘴鸟
orthos unicorn	正统独角兽
orthos vanara	正统婆那罗
orthos vassago	正统瓦沙克
orthos vouivre	正统薇薇尔飞龙
orthos water sprite	正统水元精
orthos wolf	正统凶狼
orthos wood golem	正统树木巨像
orthos wraith	正统幽灵
orthos wyvern	正统双足飞龙
orthos yabby	正统虾蛄
orthos ymir	正统尤弥尔
orthos zaghnal	正统扎戈斧龙
orthos zaratan	正统扎拉坦
orthoshelled dragon	正统龟甲龙
orthosoldier	正统士兵
orthospider	正统蜘蛛
orthotaur	正统弥诺陶洛斯
oruncanca	欧伦坎卡谷
oschon's avatar	奥修昂的分身
oschon's embrace	奥修昂大桥
oschon's torch	奥修昂火炬
osculator	亲吻蛭
oskh rhei	欧斯克·雷伊
osmotic sting	渗透针刺
ossuary thaumaturge	行会的咒术师
ostall imperative	奥斯塔尔严命城
ostrakon deka-hepta	瓦铭癸庚
ostrakon deka-hexi	瓦铭癸己
ostrakon deka-okto	瓦铭癸辛
ostrakon hena	瓦铭甲
ostrakon hexi	瓦铭己
ostrakon okto	瓦铭辛
ostrakon tria	瓦铭丙
otake-maru	大岳丸
other one	再者
otherworldly heat	鬼炎斩
otis oathbroken	忠心难忆 欧提斯
otis oathmender	忠心永在 欧提斯
otsekarri shore	好渔夫湖岸
otsohhihwete	奥泽希淮帖
our compromise	再次相见
our ladies feet	脚之风车
our ladies hands	手之风车
our unsung heroes	穿越时空的夙愿
ouranopsis	创造天空观察区
ouranos	复仇者 乌拉诺斯
ouranou medusa	天空美杜莎
ouroboros	祖灵大蛇牙
ousted asterodia	被驱逐的阿斯忒罗堤亚
out of body	幽体脱离
out of control	不受控制
out of the action	无法发动技能
out of the labyrinth	绚烂破碎
out of the smoke	云烟飞动
out of time	大限已到
out with a bang	殉爆
outburst	迸裂
outcrop	岩突
outer akyaali	白滨村外海
outer antilight	外围暗黑光
outer circuit	外环
outer coil	拘束舰外围
outer dark	外暗
outer darkness	暗之结界：外侧
outer fist	星导寺入口
outer galadion bay	加拉迪翁湾外海
outer hold	要塞外围
outer illuminus	科学城外围
outer locus	遗迹浅层
outer reaches	城内外区
outer regeneration grid	再生控制区外壳
outer rothlyt sound	罗斯利特湾近海
outer training grounds	外侧庭院
outer turmoil	外部骚动
outer wake	远处拜访
outer walk	外侧通路
outer walls	要塞外墙
outer ward	外侧区
outerstage combo	圆圆心连心
outloth steeldrone	巢外的骨颌钢兵
outrage	震怒
outrunner	外勤机
outside in	外翻内转
outside roundhouse	外转脚
outsider	入侵敌营
outsides	城区表层
outskirts	边郊镇
outskirts shallows	边郊镇壕沟
ouzelum	奥祖鲁姆
ovation	拍手
over armor	超魔盔甲
over the falls	无归浪卷
over weapon	超魔兵装
overattachment	紧抱
overbite	咬合
overboost	超增压
overcharge	过载
overclock	超频
overcome	超涌斧
overcome all odds	全神超涌斧
overcure	愈疗效果提高
overdraught	溢流
overdue	魔力爆散
overdue tome	过期魔导书
overexposure	多重曝光
overflow	洪水
overflow beta	超溢贝塔
overflow code smell	代码异味：上溢
overflow debugger	修复错误：上溢
overflow level checker	超溢等级欺骗仪
overflow omicron	超溢奥密克戎
overgrown bryon	过盛菭小妖
overgrown difflugia	过度生长的砂壳虫
overgrown dwelling	破败的人家
overgrown ivy	群蔓大口花
overgrown manjusaka	过盛彼岸妖红花
overgrown megamaguey	过盛巨龙舌兰
overgrown offering	群祭大口花
overgrown rose	过盛玫瑰
overheat	过热
overheated	过热
overload	超负荷
overlong glance	媚眼
overmedicated	猛药副作用
overpower	超压斧
overpowering point	支配魔刃
overreact	大惊小怪
overridden armored weapon	超控武装重甲
overridden bit	超控魔导浮游炮
overridden satellite	超控辅助机甲
overridden slasher	超驰魔导螳螂
oversampled wave cannon	探测式波动炮
oversampled wave cannon loading	探测式波动炮
overseer kanilokka	卡尼洛喀站长
overshadow	超暗影
oversurge	放电惊潮
overtone shriek	哀叫
overtow	潮起
overtuned specimen	过度调整样本
overture plaza	特雷诺入口广场
overturn	超压颠覆
overwhelm	强袭
overwhelming charge	压制强攻
overwhelming force	破灭浊流
oviform	魔力压缩体
ovim billy	公力山羊
ovim nanny	母力山羊
owl's nest	枭巢遗址
owlbear	枭熊
owling trap	猫头小鹰陷阱
owyn's stash	奥温酒窖
ox'charl mul	奥奇斯恰尔之星墓
ox'dalan gap	奥奇斯达蓝深渊
ox'gatorl mul	奥奇斯加托尔之星墓
oyster hunter	寻找虹蝶贝的女子
ozmashade	奥兹玛之影
ozmasphere	奥兹玛晶球
pa-paya	啪啪呀
pa-paya demastered	啪啪呀降质版
pachamama	帕查玛玛
pachypodium mine	地雷棒槌树
pacification	战技封印
pack alpaca	旅行商人的羊驼
pack armadillo	群落犰狳
pack chocobo	运货陆行鸟
pack faehound	首领妖精犬
pack gedan	群落獦狚
pack hellhound	首领地狱犬
pack jackal	群集黑豺
pack lupin	牙营手下的狼人
pack paissa	群落猴面雀
pack phorusrhacos	群落恐鹤
pack predation	光狼阵
pack rat	仓储沟鼠
pack wolf	独行黑狼
pack ziz	群落席兹
padfoot	大脚魔犬
padjali bravery	角尊勇气
padlock	牢门的锁
paean of triumph	新生的战歌
paeonia	培奥尼亚
paeonia seedling	培奥尼亚幼苗
pagaga of the pride	我见我执 帕佳佳
pagan's knot	天柱树之瘤
pagan's shrub	天柱树之丛
pagan's vine	天柱树之藤
page 128	128页
page 256	256页
page 512	512页
page tear	钩爪
paglth'an	帕戈尔赞
paglth'an flamekeeper	帕戈尔赞烈火卫
pagneul	帕尼尔
pagos anubys	恒冰阿努比斯
pagos bear	恒冰巨熊
pagos billygoat	恒冰公山羊
pagos centaur	恒冰半人马
pagos chimera	恒冰奇美拉
pagos croc	恒冰巨鳄
pagos deepeye	恒冰深瞳
pagos elemental	恒冰元灵
pagos hippocerf	恒冰骏雕
pagos puk	恒冰跳蜥
pagos tursus	恒冰图苏斯水龙蜥
pagos wildebeest	恒冰牛羚
pagos wolf	恒冰白狼
pain in pleasure	享乐之痛
pain mire	苦痛酸沼
pain of meracydia	美拉西迪亚的苦痛
pain storm	痛苦风暴
painflare	苦痛核爆
painful flux	冰火奔流
painful gust	极痛突风
painful pressure	灭顶
painful whip	痛苦鞭
paint bomb	涂鸦炸弹
painted colibri	描色蜂鸟
painted foothills	华彩的山麓
painted root	格里奥勒根茎
painted sapling	格里奥勒花苗
painted skies	华彩的夜空
paissa brat	猴面雀儿
paissa patissier	烹调猴面雀儿
paissa threadpuller	衣匠猴面雀儿
paiyo reiyo	帕伊尤·雷伊尤
paksa's path	帕克夏大街
palace adamantoise	地宫精金龟
palace antelope	地宫羚羊
palace anubys	地宫阿努比斯
palace anzu	地宫安祖
palace arch demon	地宫上级恶魔
palace aurochs	地宫原牛
palace bandersnatch	地宫斑攫兽
palace bat	地宫蝙蝠
palace bear	地宫棕熊
palace beetle	地宫甲虫
palace biloko	地宫比洛克
palace blade	地宫利刃醋蝎龙
palace bomb	地宫爆弹怪
palace centaur	地宫半人马
palace chimera	地宫奇美拉
palace claw	地宫巨钳虾
palace coblyn	地宫矿爬虫
palace cobra	地宫眼镜蛇
palace coeurl	地宫长须豹
palace corse	地宫巨人腐尸
palace croc	地宫野生巨鳄
palace cyclops	地宫独眼巨人
palace deathgaze	地宫死亡凝视
palace deathmouse	地宫死亡鼠
palace deepeye	地宫深瞳
palace dhalmel	地宫长颈驼
palace diplocaulus	地宫笠头螈
palace drake	地宫火蛟
palace dullahan	地宫无头骑士
palace dung beetle	地宫粪甲虫
palace effigy	地宫泥岩巨兽
palace elbst	地宫水龙蜥
palace eruca	地宫毛虫
palace gallimimus	地宫似鸡龙
palace gardens	阿拉米格王宫庭园
palace gourmand	地宫贪吃鬼
palace gravekeeper	地宫墓穴守卫
palace gremlin	地宫格雷姆林
palace guard	被操纵的武官
palace hapalit	地宫哈帕利特
palace hippocerf	地宫骏雕
palace hornet	地宫黄蜂
palace idol	地宫魔力石偶
palace imp	地宫小魔精
palace iron corse	地宫铁面腐尸
palace knight	地宫骑士
palace lion	地宫雄狮
palace marolith	地宫马洛里石
palace minotaur	地宫弥诺陶洛斯
palace morbol	地宫魔界花
palace mummy	地宫木乃伊
palace mylodon	地宫磨齿兽
palace nanka	地宫南加
palace ninki nanka	地宫宁基南加
palace ochu	地宫大口花
palace of the dead	死者宫殿
palace of the spurned	废弃的宫殿
palace peiste	地宫毒蜥蜴
palace pot	地宫魔力罐
palace pteranodon	地宫无齿翼龙
palace pudding	地宫软糊怪
palace puk	地宫跳蜥
palace raptor	地宫盗龙
palace roselet	地宫小红花
palace sarcosuchus	地宫帝王鳄
palace sasquatch	地宫大脚巨猿
palace seedling	地宫幼苗
palace shadows	阿拉米格王宫深处
palace skatene	地宫斯卡尼特
palace slime	地宫粘液怪
palace soulflayer	地宫夺魂魔
palace spriggan	地宫魔石精
palace sprite	地宫元精
palace square	王宫前广场
palace swarm	地宫蝇群
palace taurus	地宫牛头魔
palace toad	地宫蟾蜍
palace triceratops	地宫三角龙
palace tyrannosaur	地宫暴龙
palace uragnite	地宫乌菊石
palace vinegaroon	地宫醋蝎龙
palace vodoriga	地宫石像魔
palace wamoura	地宫瓦魔蛾
palace wamouracampa	地宫瓦魔蛾幼虫
palace wivre	地宫犀蜴
palace wolf	地宫黑狼
palace worm	地宫巨虫
palace wraith	地宫幽灵
palace yarzon	地宫盲头蟹
palace ziz	地宫席兹
paladin	骑士
paladin force	圣骑士之力
palaeography room	石板之间
palaistra	角力学校
palaka sentry	波洛伽护法村的看守
palaka's stand	波洛伽护法村
palatial corridor	宫殿通道
palatial sector	宫殿区域
palatium novum	帝国新宫
pale headsman	某个黄褐处刑人的记忆
pale rider	苍白骑士
paleoaevis	古生龙鸟
palisade	护栏
pall of clarity	迷悟桥
pall of darkness	昏暗
pall of grief	悲叹
pall of light	光之瀑布
pall of rage	愤怒
palladian grasp	帕拉斯之手
palladian ray	帕拉斯射线
palladion	女神的护佑
pallas athena	帕拉斯雅典娜
pallid path	漂白的山路
pallkeeper	咒力的替身
pallmagia	惨白魔人
palm of temperance	拒绝之手
palm quake	震碎
palmistry	手相
palsynyxis	麻痹穿刺
palus arsenici	砷海
pama-yawa	帕玛亚瓦
panaqpelu retreat	帕纳克佩鲁休养所
panda cub	熊猫宝宝
pandemic	瘟病
pandora	潘多拉·米特隆
pandora's box	潘多拉魔盒
panel swap	刷新盘面
pangenesis	泛生论
panhaima	泛输血
panhaimatinon	泛血印
panic-stricken researcher	慌张的研究员
panicked courier	害怕的运送者
panicked paissa	惊慌猴面雀
panicked phooka	惊慌的普卡精
panicked pixie	美丽的仙子
panopt ousia	实体化帕诺普特
panoptical pillar	全望塔
panta rhei	万物流变
pantera	斑豹
pantheos	万神
pantokrator	全能之主
pantomime	默剧
panzer doll	装甲人偶
panzer doll scrap	报废的装甲人偶
panzer vor	战车前进
panzerfaust	铁拳
panzerschreck	反坦克火箭筒
papa gruff	布尔塞爸爸
papa humbaba	洪巴巴之父
papa mia	强大的老爹——洪巴巴之父
papa paissa	猴面爸爸
papalymo	帕帕力莫
papashan	帕帕夏恩
paper cut	小突击
paper wasp	纸巢胡蜂
papercutter	残片斩
paperweight	二重邪念
pappus tree	冠毛大树
parade chocobo	游行陆行鸟
parade ground	阅兵场
parade of wonders	奇妙大巡游
paradeigma	范式
paradisal dive	乐园冲
paradise found	真世界的改变者
paradise lost	失乐园
paradise regained	复乐园
paradox	悖论
paradoxum	佯谬
paralarva	浮游幼体
parallel execution	执行杀戮程序
paralysis	麻痹
paralytic fan	麻痹翅风
paralytic gas	麻痹毒气
paralyze	麻痹
paralyze iii	强麻痹
paralyzing spikes	麻痹尖刺
paranormal activity	极地地震
paranormal wave	诅咒波
parapet	长城胸墙
paraporxie	超越仙子猪
parasite funguar	寄生魔菇
parasite ladybug	寄生花甲虫
parasitic djigga	寄生血蚤
parasitism	捕食行动
parasitos	寄生生物
parata's peace	帕拉塔安息地
parhelic circle	幻日环
parhelion	幻日
pari of plenty	火仙女佩莉
pari's curse	火灵的诅咒
parrock	帕洛克系留基地
parted plumes	分割之羽
parthenope	帕尔忒诺珀
parthenos	贞女
partial immolation	赤灭热波：散炎
particle beam	波动爆炸
particle blast	波动大爆炸
particle collision	粒子碰撞
particle concentration	波动球
parting blow	最后一击
parting clouds	云间放电
parting ways	离别
partisan's proof	乖僻之人的实验场
partition	断斩
party composition	编队画面
party plaza	聚会广场
party synergy	协作程序PT
partygoer	盛宴
pascaleret	帕斯卡耶雷
passage	通道
passage of arms	武装戍卫
passage of earth	磁力洞穴
passage of naught	聚能波动
passage of sky	浮岩山路
passemerrant pasturponics	帕斯梅朗种畜研究所
passenger	搭乘中
passing lance	枪突进
passionate phytologist	研究员打扮的男人
passionate youth	热情的少女
passions heat	攻心欲火
passive infrared guidance system	被动式红外线制导系统
past's end	过去终结
paste program	粘贴程序
pastoral pleasures	愉快的生活
pasts forgotten	过去破灭
pasturponics shepherd	种畜研究所的驯兽人
pater patriae	祖国之父
path of artifice	诡巧之路
path of avarice	欲望的奔流
path of conviction	确信之路
path of darkness	暗之波动
path of decay	腐朽迷路
path of divine clarity	生命至圣所
path of dying light	残光将熄之路
path of knowing	硕学之路
path of light	光之波动
path of redemption	炼狱迷路
path of the craven	懦夫吊桥
path of vice	妖异迷路
path to glory	光荣路
path to retribution	审理之门
pathmaker	开路先锋
pathocircuit purge	环状清除
pathocross purge	十字清除
pathogenic cells	软体细胞流
pathogenic power	致病猛击
paths of contemplation	沉思之路
paths of creation	创造之路
patience of stone	土之残响
patience of the alacran	钳蝎帮忍耐术士
patience of wind	风之残响
patient blade	镰鼬斩
patient kuribu	忍耐基路伯
patina dragon	翠龙
patricidal pique	弑父之愤火
patriot	爱国者
patripatan	帕崔帕坦豹
patrol droid	巡逻机甲
patrol hunter	巡逻猎手
patrol node	警备系统
patronguard firedrone	护主火兵
patronguard steeldrone	护主钢兵
pauper's lode	贫民的金矿
pause time	暂停时间
pavana's remorse	帕瓦纳的悔悟
paved in solitude	孤独之路
paved with resolve	同行之路
pavor inanis	虚空之惊
pavor nocturnus	夜惊
pawah mujuuk the ghost	白面鬼 帕瓦·姆茱克
pawn off	旋回刃
pay respects	默哀
pay the piper	傀儡诗
paying the piper	强制移动
peace of the void	拘束
peacefire	和平炮
peacegarden	和平苑
peacekeeper	和平捍卫者
peacemeet	和平广场
peak peril	造山乱流
peak point	三角岬
peak shot	巅峰箭
peaks gate	基拉巴尼亚山区方面
peaks poga	水果岸边
peal of condemnation	谴责冲击波
peal of damnation	诅咒冲击波
peal of judgment	断罪的雷剑
peal of the hammer	比尔格之锤
pearl lane	白玉小巷
peaseblossom	豌豆花
peasebomb	豌豆炸弹
peat bogs	不洁湿地
peat pelt	玩泥球
pebble that skips	空中飞石
pecking condor	啄食秃鹰
pecking flurry	怒啄
peckish bell	饥饿的铃水母
peckish snipper	饥饿的利螯陆蟹
peculiar light	惊奇光
pedestal purge	圆斩
peerifool	皮里福尔
peering stones	对等石
peerless	无与伦比
peerless valor	幻影王的武勇
pegasos	飞天马
pegasus	天马
pegasus colt	天马幼兽
pelagic cleaver	深海切割者
pelekys	提蔛
peloton	速行
pelu eater	佩鲁的天敌
pelu parcel	商队的货箱
pelupelu peddler	佩鲁佩鲁族旅行商人
penalty	惩罚
penance	妖炎诅咒
penance pianissimo	轻声忏悔
pendants	悬挂公馆
pendants personal suite	悬挂公馆起居室
pendulum	钟摆
penetrating pitch	尖锐的音调
penetration	透耳尖啸
penetrator missile	质量导弹
penghou	彭侯
penguin prince	企鹅王子
penitence	责罪广场
penitent blade	被托付的刀剑
penitent's shackles	妖炎拘束
penitus	天幕之下
pennantstone golem	石板巨像
pennons aloft	枪旗飘扬
pent-up rage	肉斩骨断
pentagust	五向突风
penthesilea	彭忒西勒亚
penultima	微究极
penumbral brilliance	震撃怒涛
pephredo	刻毒蜂
perch of the apex	祭器之魂
percipient one	贤者树
percussive foin	冲击穿刺
perdition	魂灭
perfect alexander	完美亚历山大
perfect balance	震脚
perfect contrition	忏悔
perfect crime	极刑裁决
perfect deception	完美隐形
perfect decimation	完美地毁人亡
perfect defense	绝对防御
perfect groove	完美节奏
perfect landing	着陆
perfectio	完人
perfectio occulta	补完
perfectio parata	完人预备
performance code smell	代码异味：性能
performance debugger	修复错误：性能
perfumed eves	熏香之都
perfumed quietus	寂灭之玫瑰
perfumed rise	熏香丘陵
perfumed tides	熏香海岸
periaktoi	场景旋转
peridialogos	近距离对话
peridot carbuncle	橄榄宝石兽
perigean breath	近地吐息
perilous lair	伤痛圆戒
perilune	月天心
perimeter cannon	重雷炮
perimeter firedrone	边境的骨颌火兵
perimeter steeldrone	边境的骨颌钢兵
perimu haurimu underfoot	小灵通 佩利姆·哈乌利姆
peripeteia krystalline	突转藏晶院
peripheral lasers	环状射线
peripheral synthesis	生成外设
perished path	破损的山路
peristyle	列柱廊
perky peeler	转圈转圈
perky piggy	转圈波奇
permafrost	永久冻土
permuted path	篡改的山路
pernicious temple knight	无赖神殿骑士
pero roggo	佩罗·罗格
perpetual conflagration	灾祸之炎
perpetual ray	永恒射线
perpetual war machine	自动杀伤兵器
perplexed peddler	不知所措的商人
perplexed reforger	走投无路的再造者
persistence	不屈的挑战
persistent pot	撒娇罐
personal barrier	个人护罩
personal suite	起居室（旅馆）
perturbed peasant	满面愁容的市民
perturbed porter	烦躁的搬运工
pervasion	渗透
perverse shade	邪法魔影
perykos	珀琉喀斯
peryton	佩利冬
pes albus	白岭山麓
pescatarian	鲶鱼杀手
pestilence	瘟疫
pestilent crawler	病原毛爬虫
pestilent fan	瘟疫翅风
pestilent headsman	某个翠绿处刑人的记忆
pestilent penance	黄泉灶食
pestilent purgatory	寄生生物隔离层
pestilent sands	污浊的海岸
pestilent sphere	有害晶球
pestilent swarm	害虫群
petal shot	花瓣射击
petal shower	花瓣雨
petalodus	瓣齿鲨
petalodus progeny	子代瓣齿鲨
petit pteranodon	无齿翼龙幼崽
petit punutiy	小海牛
petrattraction	石化魅惑
petriblaster	石化爆破
petribreath	石化吐息
petriburst	石化爆发
petrifaction	石化
petrification	石化
petrification resistance	石化无效
petrified peat	造泥球
petrifog	石化雾球
petrifying beam	石化光束
petrifying eye	石化眼
petrifying light	石化之光
petrifying passion	祸乱石化光
petrifying regard	石化光照射
petrifying shriek	石化之嚎
petrifying voice	石化之声
petrisphere	石化晶球
petro eyes	石化之眼
petrosphere	石化球I
pfarmurl the driven	疾风怒涛 法尔穆尔
phaenna	法恩娜行星
phaethon	法厄同
phagocyte spotlight	细胞落地
phalanx	列阵
phanopsyche	明灵蛾
phantasmal	幻影
phantasmal phaethon	法厄同的幻影
phantasmata	幻象
phantom action iii	辅助技能3
phantom admonishment	幻影训诫
phantom aim	狙击
phantom asura	阿修罗的幻影
phantom bard	辅助吟游诗人
phantom berserker	辅助狂战士
phantom black mage	辅助黑魔法师
phantom blue mage	辅助青魔法师
phantom byakko	幻白虎
phantom cannoneer	辅助炮击士
phantom chemist	辅助药剂师
phantom claw	死亡爪的幻影
phantom dancer	辅助舞者
phantom dart	幻影弹
phantom doom	死亡宣告
phantom double	制造幻影
phantom dragoon	辅助龙骑士
phantom edge	灵幻剑
phantom fire	炮击
phantom flood	幽魂泛滥
phantom flurry	鬼宿脚
phantom forest	迷幻森林
phantom freelancer	辅助自由人
phantom gaius	盖乌斯的幻影
phantom geomancer	辅助风水师
phantom gladiator	辅助剑斗士
phantom guard	防护
phantom guide	彷徨的亡灵之声
phantom hashmal	哈修马利姆的幻影
phantom hydra	魔许德拉
phantom inner turmoil	幻影内部骚动
phantom judgment	神圣审判
phantom kamaitachi	残影镰鼬
phantom kamaitachi ready	残影镰鼬预备
phantom kick	踢击
phantom kin	召唤幻影
phantom knight	辅助骑士
phantom lahabrea	拉哈布雷亚的幻影
phantom laser	魔激光
phantom light	魔光线
phantom mastery	辅助职业大师
phantom monk	辅助武僧
phantom mystic knight	辅助魔法剑士
phantom necromancer	辅助亡灵法师
phantom ninja	辅助忍者
phantom oracle	辅助预言师
phantom orb	幻影弹
phantom order	幻影生成
phantom orthoray	正统幻影光
phantom outer turmoil	幻影外部骚动
phantom pain	幻痛
phantom phanopsyche	幻影明灵蛾
phantom ranger	辅助猎人
phantom ray	幻影光
phantom red mage	辅助赤魔法师
phantom rejuvenation	治愈宣告
phantom rune	幻之符文
phantom rush	梦幻斗舞
phantom samurai	辅助武士
phantom soldier	幻影兵士
phantom summoner	辅助召唤师
phantom sword dance	剑舞
phantom thief	辅助盗贼
phantom tiger	幻虎
phantom time mage	辅助时魔法师
phantom train	魔列车
phantom train depot	魔列车停车场
phantom train passenger car	魔列车车厢
phantom varis	瓦厉斯的幻影
phantom village	幻境村
phantom weapons	幻境武器
phantom white mage	辅助白魔法师
phantomology	幻想生物创造场
phantoms feast	闹鬼盛宴
pharate wamouracampa	蜕裂瓦魔蛾幼虫
pharmakon	药毒
pharos polaris	北极星灯塔
pharos sirius	天狼星灯塔
pharos wall	岩壁
phase shift	阶段转换
phases of the blade	弦月连剑
phases of the shadow	弦月黒竜連剣
phenomenon	所见大讲堂
pheromone	信息素
pheromone leak	释放信息素
pheromones	信息素
philomythes notos	南风诺托斯的感叹
philosopher's carrot	矫健胡萝卜
philosophia	智慧之爱
philotes	爱
phisor lran	群树馆
phlebotomize	二重刺
phlegethon	冥火
phlegma	发炎
phlegma iii	发炎III
phobosic gravity	决战福博斯
phobosuchus	怖鳄
phoebad	弗巴德
phoenix	不死鸟
phoenix down	苏生之羽
phoenix shift	不死鸟变移
phoenix's blessing	不死鸟的加护
phoenix-egi	不死鸟之灵
phoibos	闪耀中枢
phoinix	菲尼克司
phorusrhacos	恐鹤
photograph	拍照
photon burst	光子爆发
photon laser	光子射线
photon ring	光子环
photon spaser	光子照射
photon stream	魔导光子炮
photorespiration	光呼吸
photosynthesis	光合成
phraktos	护墙
phreatic conduit	下水沟渠
phronesis	智德
phurble	毛球
phurbleweed	杂毛球
physical attenuation	物理受伤加重
physical aversion	弱物理
physical damage down	物理伤害降低
physical field	对物理障壁
physical vulnerability down	物理受伤减轻
physick	医术
phytobeam	植物射线
phytobiology	草木生物创造场
pick clean	连贯采集
picolaton	匹克拉顿
pictomancer	绘灵法师
piece of mind	离群一族
piercer	穿孔
piercing arrow	贯穿箭
piercing barrage	贯穿火力
piercing blow	彻骨冲击
piercing dark	暗之枪
piercing fangs	切割尖齿
piercing frost	冻土刺
piercing glower	狞视
piercing insight	慧眼灼见
piercing joust	插刺
piercing laser	穿透射线
piercing light	光之枪
piercing missile	采掘导弹
piercing plunge	尖声坠刺
piercing resistance down	突刺耐性降低
piercing stone	岩块
piercing talon	贯穿尖
piercing thrust	贯穿刺
piercing windsong	迅流疾风箭
piercingway tunnel	穿行威隧道
pike falls	尖枪瀑布
pile bunker	打桩枪
pile pitch	能量投射
pile pyre	烈火桩
pileus pergola	伞帽凉棚
pilfer weapon	偷盗武器
pilgrim's ascent	通往庭园的台阶
pilgrim's protector	朝圣护卫兽
pilgrim's road	六根山神道
pilgrim's traverse	朝圣交错路
pilgrimage	巡礼者之路
pillar impact	崩落
pillar of flame	炎柱
pillar of mercy	慈悲之柱
pillar of severity	严厉之柱
pillar of shamash	太阳之柱
pillar pierce	激突
pillar shatter	飞散
pillars	伊修加德砥柱层
pillars of heaven	冲天击
pillory	颈手枷
pineapple	菠萝弹怪
pinecone bomb	松果炸弹
pining abazohn	痴情哀怨 阿巴佐恩
pinion's reach	鹏翼露台
pink bean	粉红糖豆人
pink flamingo	粉红鹳
pinktoe	悬赏魔物：粉趾盲头蟹
pinnacle of knowledge	知识的巅峰
pinning shot	天羽箭
pins and nails	麻痹爪
pinwheel	旋转焰火
pinwheeling dartboard	飞镖·焰火·转转转
pipe cleaner	重波击
piping pour	倒茶
piqued pixie	美艳的仙子
pirate bay	海盗湾
pirate captain	海盗头领
pirate youth	海贼众的少女
pirouette	脚尖旋转
piscodemon	夺灵魔
piscodemon piece	奇子·夺灵魔
piston lubricant	活塞润滑剂
pit ambush	破坑而出
pit basilisk	修炼所石蜥蜴
pit boar	小疣猪
pit coeurl	修炼所长须豹
pit coeurl pup	修炼所长须豹幼兽
pit hippocerf	矿井骏雕
pit hippogryph	矿井骏鹰
pit peiste	洞穴毒蜥蜴
pit torama	修炼所特拉玛长须豹
pit wolf	修炼所黑狼
pitch black	暗黑之壳
pitch bog	影之沼泽
pitch bomb	粘着弹
pitch perfect	完美音调
pitcher weed	投射草
pitfall	破土强袭
pitiless aetherflail of grace	惩罚连击·圣爆锁
pitiless aetherflail of purgation	惩罚连击·炎爆锁
pitiless flail	惩罚连击
pitiless flail of grace	惩罚连击·圣
pitiless flail of purgation	惩罚连击·炎
piton pull	拔拽绳钩
pitter-patter	滴答滴答
pixie double	仙子的幻体
pkuucha	普库恰
pla enni	普拉恩尼茸洞
place dark token	召唤死形
place of power	生成力场
place token	召唤魔形
placid punch	罗汉拳
plague dance	瘴气压缩
plague fang	毒牙
plague of locusts	飞蝗疫病
plague purge	瘟疫洗液
plague pus	瘟疫脓液
plague swipe	病疫打击
plague wamouracampa	病疫瓦魔蛾幼虫
plagued	腐毒变异
plain pound	平地捶打
plain weirdness	原理不明
plaincracker	平原震裂
plainstrider	平原阔步龙
plaint of obloquy	污名神判
plaint of severity	重罚神判
plaint of solidarity	连带神判
plaint of surety	誓约神判
planar fissure	虚无裂痕
planar imprisonment	空间牢狱
planar prison	空间牢狱
planar tactics	平面炸弹战术
planebreaker	虚无破坏魔
planetes	行迈之星
plannyplot	制定战术
plant brain	植脑
plant-om of the opera	寄生植物——火花草
plantoid	植生兽
plasma beam	等离子射线
plasma cannon	等离子加农炮
plasma drop	大落雷
plasma field	等离子力场
plasma gun	等离子枪
plasma release	等离子释放
plasma shield	等离子护盾
plasma shot	等离子射击
plasma spark	离子火花
plasma throttle	等离子铲斗冲
plasma throttle charged	等离子铲斗冲预备
plasmafodder	等离子炮
plasmasphere	等离子球
plasmatic	等离子体
plasmic disruptor	等离子扩散器
plasmoid	离子电
plate fracture	岩盘粉碎
platinal	铂纳尔
platinum mirage	白金幻象
play a-side	播放A面
play b-side	播放B面
play dead	装死
play iii	出卡III
play rough	愤怒打击
playful breeze	嬉闹清风
playful orbit	游击机动
playing field	游戏盘面
playing with fire	火之魅惑
playing with ice	冰之魅惑
playroom	孩童的游戏屋
pleading hingan	求救的居民
plectrum of power	强势的旋律
plenary indulgence	全大赦
plentiful harvest	大丰收
pleroma	星渚
pliant petals	鲜花怒放
ploutonos	冥界之主
pluck and prune	剪除
plucky adventurer	威风的冒险者
plum spring	梅泉乡
plume fatale	诡异的羽毛
plume portentious	不祥的羽毛
plumefall trap	散羽
plummet	垂直下落
plump cloudworm	肥胖云层巨虫
plump orobon	肥硕鬼鮟鱇
plundered butler	被控制的管家
plundered guard	被控制的护卫
plundered maid	被控制的女仆
plundered pawn	被控制的兵卒
plundered steward	被控制的总管
plundered trapper	被控制的陷阱手
plunging ice	落冰冲击
plunging snap	水浪急转
plunging wave	卷跃波
plus target	目标·十字
plush cushion	软软垫子
plush sofa	沙发
plutonium	妖犬门扉
pneumaflayer	夺灵魔
pod 054	辅助机054
pod 316	辅助机316
pod 602	辅助机602
pod burst	毒液飞散
podarge	波达格
poieten oikos	创作者之家
point iii	第三登陆点
point maker	支配魔刃·自律
point of peregrination	旅人栈桥
pointed purgation	指向炎流
pointed spearing	重击枪突刺
poised for twinblood	乱尾锐尾
poised for twinfang	连尾锐尾
poised to sword dance	舞蹈：剑舞
poison breath	剧毒吐息
poison cloud	毒气团
poison daggers	出血小刀
poison dust	毒鳞粉
poison frog	毒蛙
poison gas	毒气
poison geyser	毒气喷射
poison heart	毒液块
poison ivy	有毒植物
poison mist	毒雾
poison mucus	毒性粘液
poison n pop	毒素膨胀
poison needle	毒针
poison passel	连环浮空毒
poison pellet	浮空毒
poison pollen	毒粉
poison pollen pair	双重毒粉
poison shower	毒气团
poison slime	毒粘液怪
poison spit	喷毒
poison spore	毒孢子
poison sting	毒针
poison trap	毒陷阱
poisoned blade	毒刃
poisoned peasant	中毒小农
poisoned pirate	中毒的海盗
poisoned words	恨怨低语
poisonhand gnadgad	毒手 格纳德伽德
poisonous bhujamga	猛毒曲蛇
poisonous flytrap	剧毒陷阱草
polar bear	极地熊
polar magnetism	转换磁石
polar roar	极地嚎叫
polarized glow	偏振炽光
polarized ray	偏振射线
polarizing	失调的烙印
polarizing paths	星灵之剑
polarizing strikes	星灵之剑
pole reversal	极性反转
pole shift	磁场转换
poliouchos	守护之人
polis angler	水城鮟鱇
polis ant	水城灵蚁
polis anzu	水城安祖
polis archaeornis	水城古鸟
polis archaeosaur	水城古恐龙
polis aurelia	水城海月水母
polis aurochs	水城原牛
polis bandersnatch	水城斑攫兽
polis banemite	水城祸蛛蝎
polis bear	水城巨熊
polis beetle	水城甲虫
polis bhoot	水城浮灵
polis biloko	水城比洛克
polis blue back	水城蓝背魔鸟
polis bogy	水城妖魂
polis bomb	水城爆弹怪
polis bulb	水城球茎
polis cactuar	水城仙人掌
polis cat	水城蝙蝠
polis catoblepas	水城卡托布莱帕斯
polis centaur	水城半人马
polis chigoe	水城沙蚤
polis chimera	水城奇美拉
polis cockerel	水城公雏鸟
polis corpse flower	水城尸生花
polis crawler	水城毛爬虫
polis deepeye	水城深瞳
polis diremite	水城凶蛛蝎
polis dodo	水城渡渡鸟
polis drubber	水城打拳巨人
polis dullahan	水城无头骑士
polis dung beetle	水城粪甲虫
polis effigy	水城泥岩巨兽
polis eft	水城水蜥
polis eggplant	水城茄子
polis elbst	水城水龙蜥
polis fungus	水城魔菇
polis gadfly	水城虻蜻蜓
polis garlic	水城蒜头
polis gold back	水城黄金背魔鸟
polis golem	水城巨像
polis gremlin	水城格雷姆林
polis grenade	水城榴弹怪
polis griffin	水城狮鹫
polis hawk	水城鹰蜂
polis hecteyes	水城百目妖
polis hornet	水城黄蜂
polis hybodus	水城弓鲛
polis idol	水城石偶
polis imp	水城小魔精
polis inkhorn	水城墨水壶
polis kargas	水城卡尔加斯
polis knight	水城骑士
polis korpokkur	水城叶小妖
polis korrigan	水城柯瑞甘
polis leech	水城水蛭
polis magus	水城法师人偶
polis mandragora	水城蔓德拉
polis mantis	水城螳螂
polis megalotragus	水城硕山羊
polis miacid	水城细齿兽
polis miteling	水城灵蛛蝎
polis monk	水城鬼鱼
polis morbol	水城魔界花
polis morgawr	水城莫高海蛇
polis morpho	水城闪蝶
polis mummy	水城木乃伊
polis nanka	水城南加
polis ninki nanka	水城宁基南加
polis ochu	水城大口花
polis ogrebon	水城食人鬼鮟鱇
polis onion	水城洋葱
polis opken	水城欧浦肯
polis paissa	水城猴面雀
polis poroggo	水城智蛙
polis pot	水城石罐
polis pteranodon	水城无齿翼龙
polis pudding	水城软糊怪
polis pugil	水城陆鱼
polis pullet	水城母雏鸟
polis queen	水城王后
polis raptor	水城盗龙
polis ripper	水城开膛巨人
polis roselet	水城小红花
polis sable back	水城紫背魔鸟
polis salamander	水城蝾螈
polis sallet	水城角盔
polis sankchinni	水城山克芹尼
polis sasquatch	水城大脚巨猿
polis sasquatch cub	水城大脚幼猿
polis seedling	水城幼苗
polis shell	水城壳蟹
polis skatene	水城斯卡尼特
polis slime	水城粘液怪
polis slug	水城蛞蝓
polis snipper	水城利螯陆蟹
polis spriggan	水城魔石精
polis talker	水城咒言巨人
polis tiger	水城猛虎
polis tomato	水城番茄
polis tome	水城魔导书
polis treant	水城树精
polis uragnite	水城乌菊石
polis viking	水城维京人偶
polis violet back	水城青背魔鸟
polis wamoura	水城瓦魔蛾
polis wamouracampa	水城瓦魔蛾幼虫
polis wivre	水城犀蜴
polis wolf	水城黑狼
polished shell	龟甲舞台
polishing hammer	重锤抛光
pollen cluster	花粉块
pollen corona	散播花粉
pollen lure	花粉飞散
polluting morbol	污染魔界花
poltergeist	骚灵
polydegmon's price	冥王斩
polydegmon's purgation	冥王净化
polyglot	通晓
polyleritae district	波利来赖塔官厅区
polyominoid sigma	以太多连方Σ
polyphemus	波吕斐摩斯
pom bog	绒绒沼泽
pom cure	绒绒治疗
pom flare	绒绒核爆
pom flood	绒绒洪水
pom from the heavens	天降之绒
pom holy	绒绒神圣
pom meteor	绒绒陨石
pom meteorain	绒绒陨石雨
pom motif	绒球彩绘
pom muse	绒球构想
pom praise	绒绒激励
pom sketch	绒球素描
pom stone iii	绒绒垒石
pom-bom	莫古莫古炸飞飞
pomander of affluence	魔陶器：宝箱增加
pomander of alteration	魔陶器：改变敌人
pomander of concealment	魔陶器：隐形
pomander of devotion	魔陶器：朝圣的指引
pomander of flight	魔陶器：减少敌人
pomander of fortune	魔陶器：运气上升
pomander of frailty	魔陶器：弱化敌人
pomander of haste	魔陶器：加速
pomander of intuition	魔陶器：感知宝藏
pomander of lust	魔陶器：梦魔化
pomander of petrification	魔陶器：石化敌人
pomander of purification	魔陶器：净化护符
pomander of rage	魔陶器：曼提克化
pomander of raising	魔陶器：重生
pomander of resolution	魔陶器：基路伯化
pomander of safety	魔陶器：咒印解除
pomander of serenity	魔陶器：魔法效果解除
pomander of sight	魔陶器：全景
pomander of steel	魔陶器：强化防御
pomander of strength	魔陶器：强化自身
pomander of witching	魔陶器：形态变化
pombination	莫古联合
pomguard pomchopper	护卫团砍砍斧
pomguard pomcrier	护卫团柔柔歌
pomguard pomfluffer	护卫团绒绒幻
pomguard pomfryer	护卫团软软魔
pomguard pompiercer	护卫团刺刺弓
pomguard pompincher	护卫团捣捣乱
pomp and circumstance	威风凛凛
pond of spring rain	净樱湖
pondless poroggo	离水智蛙
pool of tribute	须佐之男歼灭战
pools of demise	死者浴室
pools of folly	愚者浴室
pools of oblivion	亡者浴室
poor maid's mill	贫女材场
popoto skin	小地豆肤
popoto step	波波托步
poppet resistance	抵抗玩偶
poppet vulnerability	害怕玩偶
poqhiraj	卜奇喇吉
poro roggo	波罗·罗格
poroggo	智蛙
poroggo choirtoad	智蛙合唱团
poroggo mouthtrap	陷阱智蛙
poroggo pegist	订书智蛙
poroggo polist	擦书智蛙
poroggo rivertamer	驯河智蛙
port and star	左右双斩
port surgate	萨盖特港
port ventilation	左舷换气区
porta decumana	后营门
porta praetoria	天营门
portal of flame	焰之魔纹
portal of levin	雷之魔纹
portentous comet	恶魔彗星
portentous cometeor	恶魔微型陨石
portly porxie	猪大仙
portrayal of earth	土之画作
portrayal of fire	火之画作
portrayal of water	水之画作
portrayal of wind	风之画作
porxie king	仙子猪大王
pose of the unbound	象征自由的姿势
posher otter	蒸汽飞空獭獭
positive charge	磁力（+）
positron	正电子
positron stream	正电子流
possess	附身
possessed by disease	恶疾缠身
possession	附身画像
possessive blade	支配魔刃
potent acid	强酸
potent blinding potion	失明秘药
potent perfume	魅惑的香风
potent petrosphere	石化球II
potion of breathtaking swiftness	魔兽加速药
potion of feral constitution	魔兽耐力猛药
potion of feral evasion	魔兽敏捷猛药
potion of feral intensity	魔兽特攻猛药
potion of feral magic	魔兽魔力猛药
potion of feral strength	魔兽刚力猛药
potion of tempered constitution	魔兽耐力药
potion of tempered evasion	魔兽敏捷药
potion of tempered intensity	魔兽特攻药
potion of tempered magic	魔兽魔力药
potion of tempered strength	魔兽刚力药
potter wasp swarm	陶蜂群
pounce errant	XXX突袭
pouncing coeurl	豹袭崩拳
pound sand	大地坠击
pouting paissa	生气猴面雀
pouting phooka	怒气冲冲的普卡精
povlu's peddlery	坡弗露运输公司
powder barrel	晶壤
powder keg	大桶炸弹
powder mark	爆印铭刻
powder mark trail	连锁爆印铭刻
power attack	强力攻击
power break	破势之剑
power generator	动力发生器
power gusher	力量喷涌
power line	高压放雷
power plasma	强等离子
power plasma alpha	强离子体α
power plasma beta	强离子体β
power plasma gamma	强离子体γ
power saver mode	预备电力
power serge	魔布附魔
power slash	强力斩
power surge	龙枪
power tackle	强力前冲拳
power wave	波压斧
powerful	瘴气适应
powerful fire	炎爆
powerful gust	强风
powerful hookset	强力提钩
powerful light	光爆
powerful shot	强劲射击
powerslam	强震冲
pox flail	痘疮之拳
pradamante	普拉达曼特
praedator praetorianus	禁卫魔导猎手
praetentura	总部基地前
praetorium	天幕魔导城
prakamya siddhi	大愿成
prapti siddhi	身所达
praxis park	实践公园
prayer of light	光之祈愿
prayer wall	祈祷之身石壁
prayers of hope	拂晓的祈祷
prayers repeated	众人的祈祷
preach down	贬低
precious brilliance	宝石辉
precious meow-ring	玩圆环喵
precipitous combat	桥上之战
precise strike	精准突击
precision	精准闪躲
precision cannon	精密炮击
precision guided missile	高性能追踪导弹
precision hookset	精准提钩
precision strike	精准强击
precultured biomass	预培养生物量
predaceous pounce	迅猫急袭
predator claws	猎食爪
predatorial instinct	掠夺本能
predatory avarice	多重刻印
predatory dash	魔导冲刺
predatory sight	活饵的刻印
predatory swoop	急降
predict	预言
prediction of blessing	天之恩典预言
prediction of cleansing	天崩地裂预言
prediction of judgment	神圣审判预言
prediction of starfall	陨石预言
preening prism	闪闪三角喵
preferred world bonus	优待服务器经验值加速
prefulgence	光芒四射
prefulgence ready	光芒四射预备
prehistoric trumpet	史前咆哮
prelude to liberation	光焰【序】
prelude to slaughter	猛焰【序】
preoccupied	行动中
preparation	筹备
presence chamber	背叛的谒见厅
presence of mind	神速咏唱
present	发礼物
present box	礼物箱
present mirage	礼物幻影
preservation	绝对保全
preserved carceral facility	记录中的监押设施
preserved castle town	记录中的王都市区
preserved medic	某个医师的记忆
preserved medical facility	记录中的医疗设施
preserved prisoner	某个罪犯的记忆
preserved soldier	某个士兵的记忆
preserved soul	站员的亡魂
preserved terror	记忆的残滓
presidential hound	布埃尔的猎犬
pressure	压力
pressure decrease	软化蒸汽
pressure increase	蒸汽压上升
pressure point	要害穴位
pressure wave	振动波
pressurize	填充水压
preternatural gleam	异样闪光
preternatural roar	灵妙咆哮
preternatural turn	魔科学旋爪
pretty please	撒娇
prevailing current	激流
previous board	上一个战术板
preying mantis	螳螂恶魔
preying posture	捕食姿态
preying swipe	猛禽斩
prickly barbmole	多刺棘鼹
prickly left	单侧重量级飞针
prickly paissa	多刺猴面雀
prickly right	单侧重量级飞针
pride of the lion	雄狮大厅
pride of the lioness	雌狮大厅
pride of the steppe	岩山的勇猛
priest of storms	帕祖祖的祭司
primal angel	原始的堕天使
primal judgment	原始的审判
primal rage	召唤兽的加护
primal rend	蛮荒崩裂
primal rend ready	蛮荒崩裂预备
primal roar	大咆哮
primal ruination	尽毁
primal ruination ready	尽毁预备
primal scream	原初的怒号
primal tears	荒蛮之泪
primal wrath	原初的怒震
primary target	攻击目标
prime artifice	创造天空层
prime blade	斩机击：填充
prime guillotine	处刑判决
prime knowledge level death	知见质数即死
prime punutiy	首领海牛
primelephas	曙象
primeval impulse	讨罪
primeval stasis	原初停滞
priming touch	预备碰触
primogenitor	万龙之祖
primordial aether	荒蛮以太
primordial bark	蛮荒咆哮
primordial chaos	毒液乐园
primordial crust	混沌之土
primordial hippocerf	原始骏雕
primordial kyklops	原型克琉普斯
primordial roar	原始嚎叫
primus terminus est	恩惠终结：壹
prince lunatender	月面仙人刺王子
prince of anemos	常风王子
prince of pestilence	瘟疫王子
princely blow	强斩
princely hatchling	巧儿陆行鸟王子
princess yuki	忍者公主 雪
princess's cacophony	公主哼歌
princess's threnody	公主的咒歌
principia	总部基地
principle dynamics	动力区
print workers	生成工作员
printed worker	打印出的工作员
priority aetheryte pass	传送优惠
priority seal allowance	军票提高
prism canyon	七彩溪谷
prism coblyn	棱柱矿爬虫
prism lake	七彩沟
prismatic cave	通往海湾的洞穴
prismatic deception	棱光幻影
prismatic decotitus	棱晶迪戈泰塔斯
prismatic pull	沉彩沙坑
prismatic wing	水晶之翼
prison pteroc	狱门翼蜥
prison pudding	狱门软糊怪
prisoner's delight	囚人笑菌
pristine pond	青空池
private moai	迷你莫艾石像
private pachypodium	私用棒槌树
prize catch	大鱼猎手
proactive munition	追踪炸弹
problematic poacher	粗鲁的偷猎者
problematic porter	有困难的搬运工
proboscis	叮咬
proceratosaurus	原角鼻龙
process of elimination a	歼灭程序A
procession of terns	燕鸥大桥
prodigal sun	幻阳
prodigious punutiy	巨海牛
profane cane	污秽的魔杖
profane fafnir	法夫尼尔
profane fafnir follower	法夫尼尔的随从
profane pressure	黑暗重爆
profane waul	亵渎之光
progenitor	爆弹之父
progenitrix	爆弹之母
progenitrix piece	奇子·爆弹之母
prognosis	预后
program alpha	程序·阿尔法
program loop	循环程序
program omega	程序·欧米茄
project aegis	强化实验室
projectile spit	吐口水
projection	被投影
projection locus	预测射击目标
projection of triumph	情感投射：利刃
projection of turmoil	情感投射：爆发
prologue	开场动画
promathia	普罗玛西亚
promenade	游水漫行街
prometheus	普罗米修斯
prominence	日珥斩
prominence spine	日珥焰棘
promise of plunder	掠夺者的财宝
promise of tomorrow	明日的路标
promised fall	天罚岩块
promises	希望之地
promises to keep	不会失效的约定
promotion	升变
pronged passage	两歧塔外侧回廊
propellant chamber	推进室
propeller wind	螺旋桨强风
proper care	部队特效：装备损耗降低
propulsive prophecy	飞翔指令
propylaion	前关门
prosecution of war	诉诸武力
prospect	矿脉勘探
prosperity	希拉狄哈国库
prosperity's promise	财富之间
protagonist's theme	主人公主题曲
protean wave	万变水波
protection	护卫
protective shadow	虚无之防影
protective will	灵冲
protector	保护者
protector and the destroyer	守护者还是毁灭者
protectorate	守护圣域
proterosuchus	古鳄
proto alexandria	原型亚历山德里亚
proto armor	原型装甲
proto bit	原型浮游炮
proto ozma	奥兹玛原型
proto ozma containment unit	奥兹玛原型封印区
proto ultima	究极神兵原型
proto ultima arm unit	究极神兵原型机械臂
proto-carbuncle	原型宝石兽
proto-chimera	原型奇美拉
proto-kaliya	原型卡利亚
proto-naga	原型那迦
proto-noctilucale	夜光花原生种
proto-omega	欧米茄原型
proto-rocket punch	原型火箭飞拳
proto-wave cannon	试验型波动炮
protolab	第一实验室
protolithic puncture	原始穿孔
protonaught	原型恐慌装甲
protostar	原恒星
prototype bit	试验型魔导浮游炮
prototype bomb incubator	新式爆弹培育炉
prototype claw	原型爪
prototype conveyor	原型运输器
prototype death claw	试验型魔导死亡爪
prototype empusa	原型疫虫
prototype laser alpha	试验型魔导激光α
prototype laser beta	试验型魔导激光β
prototype mirrorknight	原型镜骑士
prototype roader	原型魔导机车大魔
protraction	生命回生法
proud creek	荣耀溪
proud palisade	极致防御
proud stonework	遗迹的石壁
provenance	起源岛
provenance watcher	起源守望者
providence point	神意之地
proving ground	决战之地
provision	调配补给
provisional imperial landing	帝国临时飞艇坪
provisional research camp	帝国军临时营地
provisions crate	生活物资
provoke	挑衅
prowess	非凡之力
prowling bloodsucker	蔓延吸血怪
prowling death	亡途苦旅
prowling gaelicat	觅食风筝猫
prowling gale	风狼阵
proximate current	近雷
proximity plasma	落雷电圆
proximity pyre	圆焰
pruning pirouette	转圈割草
psamathe	普萨玛忒
psammead	赛米德
pseudo sprite	赝品风元精
psiscape v1.0	普西幻境1
psiscape v2.0	普西幻境2
psoglav	索格拉夫
psycheflayer	夺神魔
psychic wave	念动波
psycho squama	魅惑鳞粉
psychokinesis	念动反应
psychokinetic charge	念动压制
ptera ixou	寄生之翼
pteranodon	无齿翼龙
pteraspit	火焰吐息
pteraspit to turntail	吐息转向甩尾
pteroc matron	翼蜥母体
pteroc pointer	引路翼蜥
pterosquirrel	鼯鼠
pterosquirrel plague	鼯鼠散花
pterygotus	翼肢鲎
pu'sanuwa gundu	衮杜普腾云蛇
public forum	中层大厅
puck's breath	帕克的吐息
puck's caprice	帕克的随想
puck's rebuke	帕克的指责
pudding	软糊怪
pudding graf	咣当软糊怪
pudding party	软糊怪派对
pudding piece	奇子·软糊怪
pudgy puk	胖墩跳蜥
puff and tumble	绒球翻滚
puff of darkness	暗淡之云
pug pugil	黏土陆鱼
pugil piece	奇子·陆鱼
pugilist	格斗家
pugilists guild	格斗家行会
puk hatchling	跳蜥幼体
puk piece	奇子·跳蜥
pukla puki the pomburner	柔柔之力 普库啦·普奇
pukna pako the tailturner	蓬蓬之障 普库呐·帕叩
puksi piko the shaggysong	绵绵之音 普库嘻·皮叩
pull of light	光之奔流
pull of the void	吸引
pullet piece	奇子·母雏鸟
pulling poison posies	驱除剧毒妖花！
pulp fission	强硬电火花
pulp smash	荆棘挥打
pulper of inquiry	非著名侦探
pulping pulse	碎烂脉冲
pulsar wave	脉冲波
pulse laser	波动射线
pulse of life	生命鼓动
pulse of the land	大地之响
pulse of the void	异界妖气
pulse transmission	脉冲通信
pulse wave	波动冲击
pulverize	执行粉碎
pulverizing pounce	重爪袭
pulverizing pound	粉碎冲击
pulverizing punch	必杀重拳
pumice golem	浮岩巨像
pumpkin	南瓜！
pumpkin butler	南瓜管家
puncture	穿孔
pungent aerosol	爆炸药液
pungent pirouette	恶臭
punishing chain	恐慌锁链
punishing heat	惩戒射线
punishing pounce	怒骂猛扑
punishing ray	惩戒之光
punishing slice	惩罚切
punishing thunder	惩戒雷
punishing wave	惩戒波
punishment	惩戒击
punitive light	惩罚之光
punutiy	海牛
punutiy crossing	海牛逆流而上
punutiy flop	海牛猛跃
punutiy pool	海牛水池
punutiy press	海牛重压
puny mage	弱弱法师
puppet mastery	机偶操控
puppet pair	机偶双控
puppet strings	机偶提线
puppets	分裂的人偶群
puppets bunker	人偶军事基地
pure beam	净土射线
pure black crystal	黑暗水晶
pure crystal	纯净水晶
pure energy	纯能电
pure fire	劫火
pure light	净土之光
pure muscle	建立
pure of heart	纯洁心灵
pure of soul	纯粹灵魂
pure shock	奔雷冲
pure white crystal	白光水晶
pure white flame	纯白
pure will	思念
purgatorial flame	涤罪之焰
purgatory winds	风之双印
purification	气孔术
purification tank a	第1净化槽
purifying light	净化的光辉
puro roggo the unwashed	翻土工 珀罗·罗格
puroboros	炸弹怪
purple apa	紫色阿帕斯
purple bavarois	紫色奶冻怪
purple haze	紫烟
purple laver	紫色洗液怪
purple levin	紫电球
purple morpho	紫闪蝶
purple worm	紫色巨虫
purpure	尊紫洞
purpure nauplius	尊紫无节幼体
pursued peasant	遇袭的市民
purulent abscess	脓疮
purulent ooze	出脓
purulent pustule	脓疱
pus gnat	脓血巨蝇
push back	反推
push-ups	俯卧撑
put away	收回
putrefaction	有毒物质
putrid breath	腐烂之息
putrid cloud	不净的瘴气
putrid passenger	僵尸乘客
putrid plutocrat	精灵族富豪
putrified soul	污染波
pvp role action	对战专用职能技能
pyaayehe'pya	帕耶海帕山丘
pyariyoanaan plain	帕利尤南沃野
pygmaioi	皮古迈欧
pylraster	派拉斯特暴龙
pyracmon	皮拉刻蒙
pyramid	三角锥形态
pyramid base	金字塔底层
pyramid peak	金字塔顶层
pyre of rebirth	山谢亚的蓝焰
pyre pulse	重热波
pyreburst	炽热爆发
pyrefaction	重火之兆
pyremeld	重炎击
pyretic	热病
pyretic booster	加速模式
pyretic eruption	烈火喷发
pyretic wurm	林德布鲁姆热病
pyric blast	燃烧爆发
pyric breath	燃烧吐息
pyric burst	燃烧爆发
pyric circle	燃烧火圈
pyric sphere	燃烧晶球
pyric spit	燃烧之灵
pyrite coblyn	黄铁矿爬虫
pyro terminal	火之终端
pyrobolus frater	焰球之兄
pyrobolus mater	焰球之母
pyrobolus pater	焰球之父
pyrobolus piece	奇子·焰球
pyrobolus soror	焰球之妹
pyroburst	烈火爆发
pyroclastic flow	火山碎屑激流
pyroclastic shot	火碎流
pyroclastic surge	火山碎屑喷涌
pyroclysm	火净
pyrocrisis	火危
pyrodoxy	火念
pyrodragon	焦热巨龙
pyroduct eldthurs	火沟火巨人
pyrokinesis	火动
pyrolatry	拜火
pyromagicks	魔力烟花
pyromania	火之蛊魅
pyroplexy	火卒
pyros apanda	涌火阿班达
pyros bhoot	涌火浮灵
pyros bombfish	涌火爆弹鱼
pyros chelone	涌火海石龟
pyros coeurl	涌火长须豹
pyros crab	涌火陆蟹
pyros elemental	涌火元灵
pyros gremlin	涌火格雷姆林
pyros gulo gulo	涌火狼獾
pyros hardwood golem	涌火巨木巨像
pyros hawk	涌火鹰蜂
pyros hecteyes	涌火百目妖
pyros kongamato	涌火恐甲蚂蜓
pyros nanka	涌火南加
pyros parthenope	涌火帕尔忒诺珀
pyros piranu	瓦尔皮拉鱼
pyros pudding	涌火软糊怪
pyros serpent	涌火巨蟒
pyros shuck	涌火狗灵
pyros slime	涌火粘液怪
pyros slug	涌火蛞蝓
pyros snake	涌火巨水蛇
pyros treant	涌火树精
pyros wolf	涌火白狼
pyros wood golem	涌火树木巨像
pyros wraith	涌火幽灵
pyros zoblyn	涌火矿怪虫
pyrosault	急火突袭
pyroscatter	烈火飞溅
pyrotation	旋绕烈火
pyrotechnics	烟火制造术
qalyana brahmin	伽黎亚婆罗门
qalyana kshatriya	伽黎亚刹帝利
qalyana nilya	善巢
qalyana shudra	伽黎亚首陀罗
qarn facer	喀恩石面
qarn guardian	喀恩守护者
qasr sharl	沙尔北城
qatun coldwind	寒风女杰 可敦
qerel iloh	克累儿衣楼
qestiri merchant	凯苏提尔部商人
qestiri warrior	凯苏提尔部战士
qeziigural	凯吉古拉
qilmet redspear	血红枪 吉梅
qiqirn beachcomber	卢恩人拍岸手
qiqirn beater	卢恩人助猎者
qiqirn coddler	卢恩人半熟手
qiqirn eggbiter	卢恩人咬蛋者
qiqirn eggcandler	卢恩人光蛋手
qiqirn eggdigger	卢恩人拍岸手
qiqirn eggdropper	卢恩人丢蛋手
qiqirn egglifter	卢恩人偷蛋手
qiqirn gullroaster	卢恩人烘鸥手
qiqirn meatcarrier	卢恩人搬肉者
qiqirn meatcutter	卢恩人切肉者
qiqirn meateater	卢恩人食肉者
qiqirn meatgnasher	卢恩人咬肉者
qiqirn meatseeker	卢恩人寻肉者
qiqirn meatslinger	卢恩人投肉者
qiqirn nogbeater	卢恩人敲钉手
qiqirn plucker	卢恩人拔取手
qiqirn prisoner	被囚禁的卢恩人
qiqirn representative	卢恩族代表
qiqirn roerunner	卢恩人跑獐手
qiqirn roostkeep	卢恩人养鸡手
qiqirn scrambler	卢恩人捣乱者
qiqirn shellsweeper	卢恩人护甲手
qiqirn trafficker	卢恩人黑商贩
qiqirn truffler	卢恩人采菌手
qiqirn yolkdrainer	卢恩人吞黄手
qiqirn yolkshaker	卢恩人摇蛋手
qitana ravel	奇坦那神影洞
qitari dissent	奇塔利的责问
qitian dasheng	齐天大圣
qorrlo teh	刻洛特雪精
quad rule	交叉书写
quadrastrike	四重强击
quadrilogy of implements	四连召唤·封印武器
quadrivium	四艺区
quadroboom bombarian special	四分超豪华野蛮大乱击
quadroboom dive	四分强震冲
quadrupedal crush	践踏碎击
quadrupedal impact	践踏冲击
quadruple	四重
quadruple blow	四重强击
quadruple crossing	四连尖甲
quadruple hammer	四连锤
quadruple lariat	四分双重碎颈臂
quadruple skull dasher	四重猛击
quadruple slap	四剑斩
quadruple swipe	四重横扫
quadruple technical finish	四色技巧舞步结束
quadruple technical step	四色技巧舞步
quagmire	污泥
quake iii	爆震
quake in your boots	摇摇地震
quakedown	震动地面
quality assurance	质检场
quan caverns	阿饱洞
quantum entanglement	强制同归于尽的诅咒
quantum nullification	同归于尽的诅咒
quarantine	检疫
quarantine block	隔离实验岛
quarantine node	防疫系统
quarry lake	石化之瞳
quarry swamp	石化波动
quarrymill	石场水车
quarter beats	4拍节奏
quarter deck	后甲板
quarter of rule	希拉狄哈王政区
quarterdeck	中层
quartered soul	十字刻印
quarterstone	四分石地
quartz doblyn	石英矿妖虫
quartz spriggan	石英魔石精
quaternity	四位一体
quay worker	埠头的劳动者
qudhi maga	愚昧之路
queasy cloud	催吐孢云
queen awakens	女王复活
queen bee	蜂蜂女王
queen eternal	永恒女王
queen hawk	鹰蜂女王
queen hawk piece	奇子·女王鹰蜂
queen overdrive	超档后式人偶
queen scylla	六兽妖女王
queen's bedchamber	女王卧室
queen's crusade	圣战领域
queen's edict	女王的大敕令
queen's gardens	女王花园
queen's graces	女王之间
queen's gunner	女王枪手
queen's harpooner	女王刺鱼师
queen's justice	处罚令
queen's knight	女王骑士
queen's orders	合作指令
queen's pride	女王的阅兵广场
queen's room	女王蛛猎场
queen's shot	全方位射击
queen's soldier	女王士兵
queen's waltz	女王之舞
queen's warrior	女王战士
queen's will	女王的敕令
queensblade	女王之刃
queensheart	巫女大厅
queer bubble	令人不适的水泡
quelling strikes	静者强击
quelling tactics	受缚协作
quelling wave	水栖波
questionable quester	可疑的冒险者
quetzal	小绿鸟
quetzalcoatl	克察尔科亚特尔
quick charge	能量补充
quick creeper	快速攀缠
quick landing	落地
quick march	行军指令
quick nock	连珠箭
quick release	解除
quick reload	快速上弹
quick shot	快速射击
quick sketch	速写
quick slash	迅速斩
quick way	迅速道
quick-fisted training partner	陪练格斗家
quickchant	怒喊
quickdart kuiyki	朦胧箭 库伊奇
quicken	神速
quickening dynamis	潜能量高涨
quicker nock	连珠箭效果提高
quicker step	快攻步
quickmarch trio	进军的三重奏
quickmire	污泥喷出
quicksand	流沙屋
quicksand basilisk	流沙石蜥蜴
quickscape pier	快逃栈桥
quickspill delta	湍流三角地
quickstep	快步
quickthinx allthoughts	万事通 奎克辛克斯
quickwater snake	巨水蛇
quiet world	万籁俱寂
quietus	寂灭
quill's trace	羽毛笔大街
quimperain evertrue	率真者 坎佩兰
quintessence	武意高昂
quintuple inhale	五倍吸气
quintuple sneeze	五倍喷嚏
quintuplecast	五连咏唱
quiver's hold	神勇队司令部
quivering coffer	抖动的宝箱
quiveron attendant	屈伊伯龙家佣人
quiveron guard	屈伊伯龙家侍卫
quiveron manse	屈伊伯龙别宅遗迹
qutrub forayer	腐尸鬼掠夺者
quzal huatotl the shrieker	高鸣者 库扎尔·法托特尔
r'fhul tia	尔·弗尔·提亚
r'majha	尔·玛嘉
rabanastran mimic	拉巴纳斯塔拟态怪
rabbit medium	通灵之术
rabbit's tail	兔尾
rabid aurochs	狂热原牛
rabid mongrel	狂热土狗
rabid ratata	狂犬 拉塔塔
rabid teleoceras	狂热远角犀
rabid wives deckhound	狂犬家族的军犬
rabid wolverine	狰狞的貂熊
racaqurq	山火
race attendant	陆行鸟竞赛向导
race counter	竞赛柜台
rack and ruin	亡念弹
racumon	腊克魔
radial blaster	放射冲击波
radial flagration	放散火流
radiance	光球爆炸
radiant aegis	守护之光
radiant arrow	星光箭
radiant beacon	魔炮
radiant blaze	光辉大炎柱
radiant braver	光之勇猛烈斩
radiant breath	星光吐息
radiant crab	蟹星战士
radiant cry of life	生命的呼声响彻白光
radiant desperado	光之亡命暴徒
radiant encore	光明神的返场余音
radiant encore ready	光明神的返场余音预备
radiant finale	光明神的最终乐章
radiant finish	炎扇流舞·终炎
radiant flight	炎扇
radiant flourish	炎扇火
radiant guard	星战士团的守卫
radiant halo	明辉光环
radiant meteor	光之陨石流星
radiant plume	光辉炎柱
radiant rhythm	炎扇流舞
radiant roundel	光球
radiant rush	彗星枪
radiant sacrament	拜火圣礼
radiant shield	辉煌盾
radiant veil	星法衣
radiant wave	光明噪声
radiata	辐射村
radiate heat	放热攻击
radical shift	激进切换
radisca's round	拉迪斯卡瞭望塔
radovan the undaunted	刚毅坚韧 拉德万
radz-at-han	拉札罕
radz-at-han aetheryte plaza	以太之光广场
raelthota	雷尔拖塔
rafflesia	大王花
raganfrid	拉加恩弗里德
rage of azem	阿谢姆之怒
rage of bahamut	龙神咆哮
rage of halone	战女神之怒
rage of the gentleman	绅士之怒
rage of the griffin	狮鹫之怒
rage of the onion	洋葱之怒
rage of the valkyries	女武神之怒
rageclaw	悬赏魔物：烈爪螳螂
ragged hippogryph	凌乱骏鹰
ragged ratel	疲惫蜜獾
ragged refugee	衣衫褴褛的难民
ragged soldier	脏乱的无赖
raggedy jackal	脏乱黑豺
ragill's reckoning	拉其儿的失算
raging arrow	猛者强击
raging artillery	青磷引擎失控
raging axe	暴怒斧
raging cauahepya	发狂咆哮之牙
raging claw	暴怒连爪
raging fire	猛炎
raging flame	火焰
raging glower	暴怒注视
raging harrier	发狂异端者
raging inferno	怒火中烧
raging rroneek	犎牛的热忱
raging rush	裂石暴环
raging silver lobo	发狂奥阔银狼
raging slice	暴怒劈
raging storm	愤怒风暴
raging strikes	猛者强击
raging tail	暴怒扫尾
raging vajralangula	发狂金刚尾
raging valras	发狂海象
raging vawtsaral br'aax	发狂长牙狞豹
raging waters	怒水
raging winds	风烈飞翔流
ragnarok	诸神黄昏级拘束舰
ragnarok central core	中枢区
ragnarok drive cylinder	隔离壁
ragnarok main bridge	第一舰桥
ragnarok outer hull	拘束舰隔离壁
rahu blaster	罗睺冲击波
rahu comet	罗睺彗星
rahu cut	罗睺限制器减档
rahu ray	罗睺原子射线
rai khaal	拉伊卡勒河
raiden thrust	龙眼雷电
raiding force	召集
raiju ready	月影雷兽预备
raiko-zuki	雷光刺
rail cannon	轨道炮
rail of the rat	鼠击
rail of the rooster	鸡打
railing manzasiri	狰狞的曼殊师里
rain check	确认下雨
rain of arrows	飞箭落雨
rain of death	死亡箭雨
rain of fire	炎雨
rain of ire	枪之雨
rain of light	光之雨
rain of pain	痛苦之雨
rain of spears	冰枪之雨
rain sprite	雨元精
rain storm	暴风骤雨
rainbow bright	彩虹点滴效果提高
rainbow drip	彩虹点滴
rainbow drop	彩虹的碎片
rainbow dynamo	战士之活力
rainbow gastornis	彩虹冠恐鸟
rainbow golem	七彩巨像
rainbow gulal	祈祷色粉：彩虹色
rainbow lorikeet	彩虹鹦鹉
rainbow road	彩虹之路
rainbow tiger	七彩虎
raincatcher gully	接雨草树林
raincatcher gully docks	接雨草树林码头
raincatcher mandragora	接雨蔓德拉
raining cats	倾盆大猫
raining swords	剑雨
raintriller	惊雨蟾蜍
rainy day	雨天
raised tribute	横征暴敛
raising the sword	为了更强
rak'tika falls	拉凯提卡大飞流
rak'tika greatwood	拉凯提卡大森林
raking scratch	尖甲疾袭
raktapaksa	赤翼罗羯坨博叉
rakusui gardens	乐水园
rakuza district	乐座街
rallying cheer	声援
ram's breath	寒冰吐息
ram's embrace	极寒冰眼
ram's keeper	寒冰眼
ram's roar	冰结大咆哮
ram's voice	寒冰咆哮
rambling valras	游荡海象
rambunctious rooster	公鸡
rampage	暴怒
rampaging marid	狂暴魔象
rampaging rear carve	后方猛袭乱流
rampaging roader	暴躁魔导机车大魔
rampaging zombie	闹事的僵尸
rampant cobra	猖獗眼镜蛇
rampant heart	兽心技一式·猛
rampart	铁壁
ramshackle square	广场
ramza bas lexentale	拉姆萨·巴斯·雷克森提尔
ran'jit	兰吉特将军
ranaa mihgo	月影 拉娜·米果
ranaa's finish	拉娜终结
ranch wamoura	驯养瓦魔蛾
ranch wamouracampa	驯养瓦魔蛾幼虫
rancid belch	馊嗝
rancid pheromones	腐烂信息素
rancor flame	咒怨之火
rancor release	诅咒的遗言
rancorous echo	恨之音
randgrith	破盾
ranged resistance	远程物理攻击无效化
ranger of darkness	暗之猎人
ranger of the drake	乌氏的猎人
ranger rage	战士之暴力
ranging	侦察中
ranine comedy	蛙科的喜剧
rank and file	步兵集合
rank box	大诱饵箱
ranking	排名
ranting ranks gremlin	咆哮格雷姆林
rapid bolts	多重雷
rapid deflagration	高速爆轰
rapid fire	速射
rapid recast	高速复唱
rapid recitation	缩短复唱时间
rapid rotary	高速回旋
rapid sever	急促斩击
rapid thunder	湍雷
rapid-fab vacuum suit	量产型强力机兵
rapid-sequence particle beam	连射式波动炮
raptor form	盗龙身形
raptor knuckles	追猎重击
raptor poacher	盗龙偷猎者
raptorial spike	穿刺
rapture	炸裂
rapturous echo	爱之音
rapturous reach	愉悦之手
rare tomes desk	珍秘书库前台
rare tomes room	思想珍秘书库
rasayana	罗娑雅那
rasen kaikyo	螺旋海峡
rasher hog	鲁莽野猪
rasher swine	鲁莽豚猪
rashvaaz	笃信者 剌休瓦孜
raskovnik	破锁花王
rastaban	天棓星龙
rat and mouse	锁定
rat king	沟鼠王
rat mole	大鼹鼠
rat's nest	鼠巢
ratatoskr's peace	拉塔托斯克殿堂
ratfinx twinkledinks	奇才 拉特芬克斯
rathalos	火龙
rathefrost	早霜顶
rathefrost bandit	神秘的刺客
rationing	食物效果时间延长
rattling coil	飞蛇之魂
raubahn	劳班
raubahn's push	劳班缓冲地
raubahn's salute	铁腕台
raubahn's salute subdivision	[扩建区]铁腕台
raucous bodyguard	粗暴的保镖
raucous scritch	揍飞
ravaging axe	战斧重击
ravaging harrier	荒芜劫匪
ravaging roots	巨拳树根
ravaging wind	灾风
ravana's will	武气
raveled raincatcher	接雨大口花
raven base	渡鸦基地
raven blight	凶鸟毒气
raven chaser	渡鸦驱逐者
raven core	渡鸦核心
raven dive	凶鸟冲
raven justice	渡鸦正义号
raven magus	渡鸦法师人偶
raven mercenary	渡鸦佣兵
raven oppressor	渡鸦压迫者
raven tank	渡鸦坦克
raven viking	渡鸦维京人偶
raven's ascent	凶鸟崛起
raven's image	奈尔的幻影
raven-red gobtank	发条红色哥布林坦克
ravening	噬魂
ravening maw	狼吞虎咽
ravening shadow	阴阳崩坏
ravenous assault	贪婪突袭
ravenous billygoat	饥饿公山羊
ravenous bite	极饿咬
ravenous gale	风烈漩动流
ravenous headsman	某个苍蓝处刑人的记忆
ravenous nannygoat	饥饿母山羊
ravenous reach	极饿伸展
ravenous rosebear	饥饿玫瑰熊
ravenous saber	风尘光狼斩
ravenous silver wolf	饥饿银狼
ravenous smilodon	饥饿的斯剑虎
ravensbeak	凶鸟尖喙
ravensclaw	凶鸟利爪
ravensflight	凶鸟冲
raving harrier	疯狂异端者
raw destruction	毁灭痛击
raw electrope	雷转质原石
raw heat	爆炎破
raw instinct	野兽的直觉
raw intuition	原初的直觉
raw rockbreaker	我流地烈劲
raw sludge	生冷淤泥怪
raw steel	拔刀突击
raw steel trophy	铸兵之令：轰击
raw-boned minotaur	饥饿的弥诺陶洛斯
raw-boned teleoceras	饥饿的远角犀
ray of dangers near	压溃式暗黑射线
ray of expulsion afar	排斥式暗黑射线
ray of fortitude	坚守彗星勋章
ray of ignorance	暗黑射线
ray of light	光波
ray of lightning	雷光射线
ray of succor	救命彗星勋章
ray of sunshine	鼓劲
ray of valor	勇猛彗星勋章
ray of white	苍白射击
raya-o-senna	拉雅·奥·神纳
rays of devotion	闪耀的信仰之光
razed earth	大地之怒
razing roar	暴怒嘶吼
razing-volley particle beam	齐射式波动炮
razor fang	剔骨獠牙
razor mountains	剃刀连山
razor plume	刚羽
razor scales	鳞刀
razor storm	空气绞割
razor zephyr	空气削割
razorwind	空气剃刀
re-entry blast	炽红返场
re-entry plunge	深蓝返场
reach of darkness	最后死斗
react to attack markers	处理显示标记的攻击
react to floor markers	处理在地面显示预兆的攻击
reactive munition	动态感知炸弹
reading	解析
reading room	默想阅览室
ready ore not	给你原石
ready to blast	超高速
ready to break	音速破预备
ready to gouge	穿目预备
ready to raze	命运之印预备
ready to reawaken	祖灵降临预备
ready to reign	心有灵狮
ready to rip	撕喉预备
ready to tear	裂膛预备
reah tahra	半途终旅
reality augmentation bay	现实增强室
realm of the machinists	机工士的领域
realm of the templars	圣骑士的领域
realm shaker	震撼领域
realmrazer	灭境
reanimate	鼓舞
reaper image	魔导死神的幻影
reaper's gale	镰风
rear blaster charge	蓄电冲击：后
rear carve	后方乱流
rear combination	后方连转脚
rear complex	舰尾结构群
rear deck	后部甲板
rear firestrikes	后方炎连击
rear fulguration	王权闪光
rear guns	后方扫射
rear guns 2.0	零式后方扫射
rear hoof	天马流星踹
rear interceptors	后方迎击火箭
rear interment	后葬
rear lasers	背环激光
rear power unit	尾部组
rear ring	袖环后部
rear sweep	后方横扫
rearguard bit	魔导后卫浮游炮
rearguard mine	魔导后卫炸雷
rearing rampage	双足狂怒
rearward omen	转向准备：后
rearward potion	后卫用恢复药
reascension	再临之地
reassemble	整备
reassembled	整备
reaver coeurl	海蛇斗兽
reaver hide	隐秘港
reaver parrot	海蛇蜂鸟
reaver right hand	艾尔姆希斯的手下
reaving fangs	穿裂尖齿
reaving maw	穿裂尖牙
reaving wind	掠夺之风
reawaken	祖灵降临
reawakened	祖灵降临
reawakening	复原
rebel ring	艺术格斗场
rebirth	重生
rebooted droid	重启机甲
rebuild	重组
receding twin tides	圆浪连潮
receding twintides	圆浪连潮
receiving room	迎宾室
recharge	充电
recitation	秘策
reckless abandon	鲁莽放纵
reckless charge	横冲直撞
reckless runaway	鲁莽的离家少年
reckless tomb raider	鲁莽的盗墓者
reclaim	回收
recluse hippogryph	隐遁骏雕
recollection	王座大殿
recombination labs	重组实验室
recommended for you	商品指定
recompense	代价之墓
recomposition	腐土的祈祷
reconfiguration	再配置
reconfigured partition	斩击模块再配置
reconnaissance slasher	侦察型魔导螳螂
reconstruct	破坏再生
recovery rune	愈之符文
recreate meteor	再现：陨石
recreate signal	再现：信号灯
recreate structure	再现：建筑物
recreation room	放松身心的房间
recreation zone	消遣地区
recuperate	自愈
recuperation	痊愈宣告
red aevis	鲜红龙鸟
red ambusher	红甲族袭击者
red balloon	红气球怪
red baron	尼禄专用魔导装甲
red bomb	红色爆弹怪
red bonnet	红菌帽
red bukan	红甲武官
red chalice	血盅
red chocobo	红陆行鸟
red clot	红色凝块
red comet	红色彗星
red crypt	红墓
red dragon	红龙
red eye	赤目墨水壶
red funny-bunny	滑稽红兔
red girl	红衣少女
red gremlin piece	奇子·红格雷姆林
red gulal	祈祷色粉：红色
red hall	红蔷薇厅
red hare	赤兔马
red honkan	红甲正官
red hot	热气
red hyoe	红甲兵卫
red jackal	火红黑豺
red jongleur	红衣小丑
red labyrinth	红迷宫
red light	不许动！
red lotus blade	红莲
red mage	赤魔法师
red mantis	红螳螂
red mantis falls	红螳螂瀑布
red marshmallow	红色果酱怪
red moon	红月
red otter gate	朱獭门
red paint	红色陆行鸟之笔
red pillager	红甲族掠夺者
red ranger	红战士
red ranger pose a	战队演武正红一式
red rim	红沿
red rooster stead	赤血雄鸡农场
red rooster tiller	赤血雄鸡农场的农夫
red rush	赤突进
red sands	赤土红沙
red sands antlion	红沙蚁狮
red serai	红店野营地
red shishu penghou	紫州红彭侯
red sphere	红球
red wedding	红色婚礼
redbelly chanter	红腹吟歌蜂兵
redbelly conspirator	红腹阴谋蜂兵
redbelly gatewatch	红腹守门蜂兵
redbelly gutter	红腹敢死蜂兵
redbelly hive	红腹蜂巢
redbelly hivekeep	红腹守巢蜂兵
redbelly jack	红腹狩猎蜂兵
redbelly larcener	红腹盗窃蜂兵
redbelly lookout	红腹警戒蜂兵
redbelly navvy	红腹蜂工
redbelly runner	红腹冲刺蜂兵
redbelly sharpeye	红腹锐眼蜂兵
redbelly snatcher	红腹抢夺蜂兵
redbelly stinger	红腹螯刺蜂兵
redbelly swarmpoint	红腹群点蜂兵
redbelly tomb raider	红腹盗墓蜂兵
redemption	破坏
redfire	红莲之炎
redfire blast	红莲之烈焰
redfire blaze	红莲之炽焰
redfire plume	赤红之炎柱
redhorn ogre	红角食人魔
redmost raider	披巾手下的红甲族
redoublement	连攻
redrawn domain	技能效果范围变动
redress	换装
reduced immunity	免疫低下
reduced rates	部队特效：传送优惠
reducible complexity	复杂性还原
redway the fortitudinous	坚忍 雷德韦
redway the relinquished	弃子 雷德韦
reedmace	王权兽尾
reedwhip	须鞭
reef of sending	海归墓碑
reek havoc	喷气
reeking receptacle	装着鱼的木箱
reenactment	时空重现
reference	比对文献
refined reforger	英姿飒爽的再造者
reflect	反射
reflected axe kick	连锁反射：阔斧回旋踢
reflected biting frost	连锁反射：冰霜斩
reflected drachen armor	连锁反射：圣龙护甲
reflected driving frost	连锁反射：冰霜刺
reflected frost armor	连锁反射：冰霜护甲
reflected hallowed wings	连锁反射：神圣之翼
reflected scythe kick	连锁反射：镰形回旋踢
reflected shining armor	连锁反射：闪光护甲
reflecting pool	沉思泉
reflection	反射
reflection of karlabos	倒影龙虾
reflections	水面大堂
reflective coat	反射外层
reflective rebekkah	反射魔花瑞贝卡
reforge	重建
reforged	重建
reforged reflection	变异创身
reformat	最优化
reformation	形态变化
refracted laser	折射激光
refraction cannons	偏向粒子炮
refreshing overkill	过愈过伤
refreshing shower	水之觉醒
refuge of the powerful	力量之庭
refuge of the wise	智慧之庭
refulgent arrow	辉煌箭
refulgent chain	光之锁
refulgent fate	光之束缚
refulgent lux	日光普照预备
refurbished magitek vangob g-iii	翻新的3号哥布林装甲
regained blizzard iii	复乐园冰封
regained fire iii	复乐园爆炎
regained thunder iii	复乐园暴雷
regal air	威风
regal fulguration	王权闪光
regal gagana	帝王迦迦纳怪鸟
regal sculpture	被创造的狮子王
regal sphere	王妃庭园
regalia type-g	雷迦利亚G型
regenerate	自我再生
regeneration	生命再生
regicidal rage	弑君之怒行
regio domorum	新房区
regio urbanissima	都市区
regnant chimera	统领奇美拉
regolift	升地沙石滩
regolith	月壤
regorge	喷毒
regress	回退
regression	回档
regula van hydrus	雷古拉·范·休著斯
regula's image	雷古拉的幻影
regurgitables	吐出混合物
regurgitate	反哺
regurgitomato	吐出番茄
regurgitonion	吐出洋葱
rehabilitation	体力持续恢复
rehydration	补水
reign of beasts	崛起之心
reign's end	群狼斩波
reinforced gunshield	枪盾：魔导反击
reinforced kiyofusa	巨大的清房
reinforced whelk ballista	强化尤弥尔弩炮
reinforcement firedrone	增援火兵
reinforcement steeldrone	增援钢兵
reinforcements	支援命令
reisen apa	醴泉阿帕斯
reisen tatsunoko	醴泉龙之子
reisen temple	醴泉神社
reisen temple road	醴泉神社神道
rejuvenating balm	活性弹
rejuvenating spark	生命之火
rejuvenation	复燃
rekindle	苏生之炎
relative virtue	相对的美德
relatively small face	小面像
relax and reflect	休息与反省
relaxant	药物失效
release defiance	解除守护
release grit	解除深恶痛绝
release iron will	解除钢铁信念
release list	放生列表
release royal guard	解除王室亲卫
release subtractive palette	解除减色混合
relentless battery	协作战技
relentless march	无情的进行曲
relentless play	协作指令
relentless rake	连续利爪
relentless rays	魔导激光乱射
relentless reaping	青之连魂
relentless rush	连续剑
relentless shrapnel	连续剑伤
relentless spiral	涡状光线奔涌
relentless torment	强连击
relic weapons	上古武器
relict bavarois	残遗奶冻怪
relict flan	残遗甜羹怪
relict licorice	残遗甘草
relict marshmallow	残遗果酱怪
relict pudding	残遗软糊怪
relict slime	残遗粘液怪
relict syrup	残遗糖浆怪
relict werewood	残遗变种树
remedy bomb	治疗爆弹怪
remembird	记忆鸟
remembrance	追忆往昔
reminiscence	继承失传技能
remorse	留恋幽灵
remote code smell	代码异味：远
remote current	远雷
remote glitch	故障：远
remote regression	回归方程：远
remote resonance	共鸣程序：远
remove barrel	卸下枪管
remove costume	解除玩偶装
rencounter	对峙
rend mind	昏头胀脑
rend the rift	次元干涉
renda-rae	任妲·芮
rending bolt	雷鸣落
rending levin	潜于密云的雷光
rending snath	劈裂镰刀
rending talons	撕裂爪
rent mind	昏头胀脑
repair supplies	修理桥梁的资材
repaired lion	复原狮像
repairs	修理
repelling cannons	排斥炮
repelling shot	后跃射击
repelling spray	对射
repentance	罪恶感
repertoire	诗心
replicate	复制
replication	自我复制
repository node	收藏系统
reprimand	责难
reprint	增印
reprisal	雪仇剑
reprise	续斩
reprobation	断罪
reproduce	生成分裂体
reptoid	爬虫半人马
republic of bastok	巴斯图克共和国
repurposed dreadnaught	重组恐慌装甲
repurposement	大改造区
repurposing	改造据点
repuruba loqua	雷普鲁巴·罗库阿
request assistance	请求增援
requiem of flame	镇魂之炎
requiescat	安魂祈祷
requisitioned magitek	搭乘魔导装甲
reraise	重生
research document	研究用的资料
research level	工房层
researchers commons	通用研究室
resentful left sweep	左边横扫
resentful right sweep	右边横扫
resentment	苦闷怒嚎
resentment overflowing	怨恨奔流
resetting spray	魔发回归
resident caretaker	房屋管理人
residential area	人民街区
residential area guide	高脚孤丘领路人
residential radius 8-71	8-71号居住栋
residential radius 8-72	8-72号居住栋
residential radius 9-11	9-11号居住栋
residential radius 9-14	9-14号居住栋
residential rubble 8-72	8-72号居住栋室内
residential sector	居住区域
resilience	活性
resin ammunition	装填粘着弹
resin bomb	粘着弹
resistance appropriator	义军小队长
resistance elixir	义军圣灵药
resistance ether kit	义军以太药箱
resistance fighter	阿拉米格解放军战士
resistance medikit	义军治愈箱
resistance phoenix	义军不死鸟之尾
resistance pikedancer	解放军尖枪兵
resistance potion	义军恢复药
resistance potion kit	义军恢复药箱
resistance reraiser	义军复活药
resistance soldier	抵抗组织士兵
resistance weapons	义军武器
resolute retainer	认真的雇员
resolution	解答所
resonance	共鸣
resonant	于里昂热的秘策
resonant arrow	共鸣箭
resonant arrow ready	共鸣箭预备
resonant buzz	狂乱蜂鸣
resonant frequency	共振炸裂
resonant winds	魔旋风
resonating echo	超越者之力
resonatorium	超越技术研究所
resounding crack	魔乱流
resounding memory	记忆之雷
resounding screech	呼唤之声
resounding silence	回响剑
resource collection facility	资源聚集区
resource transport elevator	资源升降机
resplendent quarter	翼镜街
resplendent vessel of ronka	金蛇大人的罐子
restive hall	无休大堂
restless crab	忙碌的螃蟹
restless harrier	兴奋的鹞鹰
restless raptor	兴奋的盗龙
restore gravity	重力重置
restraining order	判决确定：禁止接近命令
restrainment node	拘束系统
restraint collar	锁链
restricted access	工厂联络路
restricted archives	所思大书院禁书库
resurface	重吐于世
resurrection	复生
resurrection denied	无法复活
resurrection restricted	限制复活
retainer vocate	雇员柜台
retaliation	还击
retinal glare	视网膜眩光
retooled enforcement droid	改良型执法机甲
retrace	魔纹重置
retract	拔起
retreat	撤退
retribute	俱是君恩
retribution	惩罚
retribution of the madeen	马蒂恩惩罚
retrieve program	反向加载
retrogradation	逆行
retrograde	逆行
retrograde ready	逆行预备
retuned magitek bit	改良版魔导浮游炮
return of the bull	英雄归来
return of the hero	英雄凯旋
return to nothing	回归波动
return to oblivion	忘却的此岸
reunion	重逢集市
reusing	再利用
revelation	天启
revelation resistance down	天启耐性降低
reveling kamuy	狂欢神威
revenant	亡魂
revenant grizzly	锐眼灰熊
revenant's toll	丧灵钟
revenge blast	复仇冲击
revenge of the horde	绝命怒嚎
revenge of the vines	荆棘领域
revenge twofold	复仇的怒嚎
revengeance	反意
reverberating roar	引发崩塌
reversal of forces	质量转换
reverse alley-oop	交错旋水
reverse cascade	逆瀑泻
reverse code	代码反转
reverse current	反转电流
reverse polarity	磁场转换
reverse time eruption	时空地火喷发·逆转
reverse-jointed goliath	大型逆关节
revilement	怨念释放
revised to blizzards	预报修正：暴雪
revised to gale-force winds	预报修正：暴风
revised to hyperelectricity	预报修正：雷波
revised to wildfires	预报修正：热浪
revolting ruin	恶狠狠毁荡
revolting ruin iii	恶狠狠毁荡
revolutionary	反转模式
revolutionary reign	旋击群狼剑
revolutions	Revolutions -变革之时-
rhal ral	拉敖劳
rhalgr's beacon	破军之流星
rhalgr's emissary	拉尔戈神使
rhalgr's fist	拉尔戈神拳
rhalgr's gate	破坏神之门
rhalgr's piece	破坏神拳
rhalgr's reach	神拳痕
rhalgr's reach aetheryte plaza	以太之光广场
rhalgr's shoulder	破坏神之肩
rhapsodic nail	爱之桩柱
rhapsodies quadrangle	狂想禁书库
rhei end	雷伊·安德
rheognosis	知识的激流
rheognosis petrine	知识的激流·滚岩
rheum of the mountain	圣山之液
rhino attack	犀牛攻击
rhino beetle	犀甲虫
rhino guard	犀牛防御
rhino wrecker	犀牛冲撞
rhitahtyn sas arvina	里塔提恩·萨斯·阿维纳
rhitahtyn the unshakable	强执忠义的里塔提恩
rhizomata	根素
rhopalon swing	棍棒挥击
rhopalon swipe	棍棒横扫
rhotano buccaneer	罗塔诺海盗
rhotano privateer	海上的大型船
rhotano sea	罗塔诺海
rhotano spectral current	罗塔诺海海面幻海流
rhylharr	里尔哈厄
rhyodacite golem	流纹英安岩巨像
rhythm of the realm	跃动的大地
rhythm rings	魔唱轮
rhythmetic fever	狂欢
ribbitygibbet	咕咕咕♪
ribbons	万丝绦
richleaf tunnels	黄叶矿洞
ricochet	弹射
riddle failed	解谜失败
riddle of earth	金刚极意
riddle of fire	红莲极意
riddle of flame	灼伤波动
riddle of frost	冷冻波动
riddle of the sphinx	斯芬克斯之谜
riddle of wind	疾风极意
riddle solved	解谜成功
ride down	下马突击
ride the rhythm	跟着节奏跳起来
ride the waves	舞浪全开
ridgetrap	山脊陷阱草
ridorana cataract	黎铎拉纳大瀑布
ridorana lighthouse	封闭圣塔黎铎拉纳大灯塔
rielle the voiceless	无声无息 莉艾勒
rift dragon	断裂巨龙
rift of sighs	风化裂痕
right arm operational	右臂完成
right arm primed	右臂强化
right arm reassembly	右臂再生
right arm unit	右臂组
right bank	右岸泛滥
right blaster charge	蓄电冲击：右
right brand	右印
right brattice	右翼胸墙
right cheek	右扫
right cinderwing	右翼焚烧
right claw	左爪
right disassembler	右腕分解炮
right duobreath	右左吐息
right eye	巨龙右眼
right fableflight	右方幻舞
right face	移动命令：右
right firaga forte	右侧强音爆炎
right fireflight	右方炎舞
right foreleg	右前主脚
right giga slash	右十亿斩击
right hammer	右锤
right hammer slammer	右侧锤击
right hand of bahamut	巴哈姆特的右手
right handgonne	右舷扫射
right hindleg	右后主脚
right in the dark	右方黑暗
right interment	右葬
right knout	右鞭打
right laser sword	右光剑
right maw	右胃
right of the heavens	四天召唤
right palm	辉煌右手
right round	大回旋
right scalpel	右侧解剖
right shadow slash	影·右十亿斩击
right slam	右侧猛击
right smite	右侧震击
right strait	右舷横扫
right sweep	右侧横扫
right swipe	右爪横扫
right swordscross	右侧交错剑
right tentacle	右触手
right twin tentacle	右触手连击
right unseen	右侧未解析
right windup	右转向准备
right wing	右翼
right wing of avis	猛禽右翼
right wing of injury	创伤之右翼
right wingblade	右方翼膜刃
right with thee	强制传送：右
right zantetsuken	斩铁剑·右斩
right-arm blaster	右臂冲击波
right-arm comet	右臂彗星
right-arm limit cut	右臂限制解除
right-arm ray	右臂原子射线
right-left combination	右左连续斩
right-left scalpel	由右向左解剖
right-sided shockwave	右侧震荡波
rightbreathed cold	右侧寒冰吐息
righteous bolt	裁决之雷
rightful reprobation	断罪回旋
rightful sword	公正剑
rightward bearing	变换方向：右
rightward blows	右方回返太刀
rightward fracture	右侧裂痕
rightward heat	右身赤热
rightward landslide	右侧地裂
rightward memory	猫生九命：右
rightward nerve gas	右侧神经毒气喷射
rightward omen	转向准备：右
rightward parasu	右侧圣战斧
rightward right	右方石拳
rightward sandspout	右方沙暴
rightward whimsy	反复无常：右
rime wreath	白霜环绕
rimestorm	雾凇风暴
rimy biast	冰霜雷蛟
ring build	装填环状导弹
ring cannon	环形炮
ring laser	环形激光
ring lightning	落雷电环
ring noir	致命格斗场
ring of ash	灰阵营
ring of chaos	混沌之环
ring of death	死亡环刺
ring of fire	火焰斗技场
ring of frost	冰霜之环
ring of might	刚武旋击
ring of pain	痛苦环刺
ring of skylight	星天光环
ring of talons	利爪环刺
ring of the protector	守卫竞技场
ring of thorns	荆棘环刺
ring's reprieve	场间暂缓
ringing blade	环斩剑
ringing blows	石锤连拳
ringing burst	环形爆发
ringing quoits	战轮旋击
ringing respite	休憩之铃
ringscross strikes	连续放雷·环十字
ringsmith	制戒
ringtail	环尾猴
rinkhals	唾蛇
riot basket	疯长篮筐
riot blade	暴乱剑
riot of magic	魔法弹放射
riotous medusa	骚乱美杜莎
riotous morbol	骚乱魔界花
riotous rampage	连续跳击
riotous rose	骚乱玫瑰
rip current	裂流
ripe banana	吃香蕉
ripe for reaping	交错收割预备
ripe rampager	悬赏魔物：成熟怒草
riposte	回刺
ripper claw	撕裂利爪
ripper fang	裂肉尖牙
ripping blade	撕裂剑
ripples in the sea	海上涟漪
ripples of gloom	暗黑冲击
rippling evisceration	圆环连斩
riptide	退潮
rise above	下层
rise and fall	草木荣枯
rise of the dragon	龙炎升
rise of the fallen	死灵召唤
rise of the phoenix	浴火重生
risen fall	升魔暴落
risensong quarter	升歌文化区
risensong rookery	新飞龙港
risensong rookery subdivision	[扩建区]新飞龙港
rising beacon	升龙烽火
rising dragon	龙炎升
rising flames	升腾火焰
rising lightning	闪掣逆雷箭
rising moon	升明月
rising phoenix	凤凰舞
rising raptor	龙颚正拳
rising rhythm	舞动的热情
rising ring	昇竜輪火
rising seas	水平面上升
rising stones	石之家
rising thunder	雷轰电击
rising tide	涨潮
rising windmill	升风车
rissai-juku	栗斋学堂
rite of passage	强制传送
rite of the sacrament	告解礼仪
rite of the sparrow	巡礼：灵鸟
ritual prayer	祝祷
rival wings	烈羽争锋
river hikagiri	无二一日海蛇
river hornbill	无二红角犀鸟
river of knowledge	智慧之河
river of light	光之大波动
river of sand	沙河
river ray	无二鬼鳐
river scorpion	河蝎
river unkiu	无二甲鲎
river yarzon	河畔盲头蟹
riverbank toad	堤蟾蜍
riverbank yarzon	河堤盲头蟹
riverside apollyon	河岸小亚波伦
riversmeet	交汇河
rivertoad	河蟾蜍
rivienne	里维恩娜
road sparrow	旅雀儿
road to toad	缓慢青蛙化
roadblocker imp	拦路小魔精
roads forsaken	此路不通
roaming necrosis	漫游坏死花
roar of albion	雪兽怒号
roar of conviction	坚意咆哮
roar of the wyrm	邪龙咆哮
roar of thunder	雷轰
roaring atomos	怒声的阿托莫斯
roaring blaze	轰炎法
roaring blizzard	冰寒咆哮
roaring bolt	轰雷咆哮
roaring eggscapade	突进割草
roaring orb	大火球
roaring ring	紫雷环戒
roaring rumble	轰隆咆哮
roaring star	暗夜流星
roaring stone	土狼豪波
roaring thunder	咆哮闪电
roaring wind	风狼豪波
robber crab	强盗蟹
robber rat	盗鼠
robonyan f-type	机器猫F型
robust rhino beetle	稳健犀甲虫
rochedalaix of the van	先锋 罗什达莱
rock and refrain	屈心的岩雨
rock biter	石刃
rock blast	岩石冲击
rock buster	碎岩
rock cutter	石刃
rock dragonling	岩石灵龙
rock fall	落岩
rock hard	碎岩
rock of ages	古代岩石
rock of albus	白岭巨石
rock slide	滑石坑
rock smash	碎岩击
rock throw	花岗岩牢狱
rock wall	岩壁
rockbite peiste	岩石毒蜥蜴
rockbreaker	地烈劲
rocket drill	火箭飞钻
rocket punch	火箭飞拳
rockfin	石鳍鲨
rockskin peiste	石皮毒蜥蜴
rockslide	岩石崩溃
rocksplitter	裂岩
rocky reef	踏脚石岩礁
rocky roll	骨碌骨碌
rodential rebirth	鼯鼠的诅咒
rodiaki	罗德亚基
roegadyn attacker	鲁加族袭击者
roegadyn ruffian	鲁加族无赖
rofocale	人马王洛弗卡勒
rogue river	无赖川
rogue wave	海啸
rogues guild	双剑师行会
roiling cloud	雷雲
roiling darkness	黑暗奔流
roiling gale	迷乱狂风箭
roiling mass	细胞变异
roiling pulse	剧烈波动
roiling reach	乱击
roiling roll	水瀑
roiling tentacles	触手翻腾
rokujo revel	六条奔雷
rolanberry field	罗兰莓田
role call	职能腐咒
role-playing	角色扮演
roller dash	滚轮冲
rolling barrage	旋转火力
rolling blade	斧刃碾杀
rolling boulder	滚动巨石
rolling current	急流涌动
rolling scrapline	回转碎颈臂
rolling spout	环状喷发
rolling starlight	骑滚球
rolling tankard	矮人战车
rolling thunder	滚雷
rolling winds	突风冲
roly-poly	咕噜咕噜灵
romeo's ballad	爱之歌
ronfaure	隆弗尔
rongeur	啮齿雷蛟
ronkan abyss	隆卡深渊
ronkan aero	隆卡疾风
ronkan aura	隆卡斗气
ronkan bind iii	隆卡强止步
ronkan blizzard iii	隆卡冰封
ronkan cure iii	隆卡愈疗
ronkan dreamer	隆卡沉睡守卫
ronkan esuna	隆卡康复
ronkan executioner	隆卡行刑者
ronkan fire	隆卡火炎
ronkan fire iii	隆卡爆炎
ronkan flare	隆卡核爆
ronkan flood	隆卡洪水
ronkan freeze	隆卡玄冰
ronkan guardian	隆卡守护者
ronkan idol	隆卡人偶
ronkan light	隆卡之光
ronkan medica	隆卡医治
ronkan reflections	隆卡遗迹
ronkan regen	隆卡再生
ronkan renew	隆卡痊愈
ronkan scathe	隆卡崩溃
ronkan thorn	隆卡石蒺藜
ronkan thunder iii	隆卡暴雷
ronkan vessel	隆卡器皿
rooftop	屋顶
rook autoturret	车式浮空炮塔
rook overdrive	超档车式炮塔
rook overload	超负荷车式炮塔
rookery	飞龙港
rookery diresaur	群栖变种龙
rookery master	群栖变种龙头领
rooster rush	公鸡猛冲
root arrangement	枯树生花之术
root of the problem	问题根源
root uplift	岩盘隆起
rooting towerling	末叶塔
roots of atopy	特异根茎
roots of attis	阿提斯的根足
roots of evil	荆棘蔓延
roots of gloam	暮色狭路
rootslake	蔓根沼
rootstorm	根茎风暴
rope-burned buccaneer	烧绳海盗
ropross	罗普罗斯
rororrlo teh	洛洛洛特雪精
rorrlo teh	洛洛特雪精
rosalinde bloodfang	血牙 罗莎琳德
rosarium of lalafuto iii	拉拉弗托三世的庭院
rose bud	玫瑰花蕾
rose garden	玫瑰园
rose hip	玫瑰果实
rose knight	云顶蔷薇骑兵
rose lanner	怒武猎鹰
rose of conquest	斗气爆碎
rose of conviction	斗气弹
rose of destruction	斗灵弹
rose of hate	斗气炮
rose of immortality	斗气铠袖
rose red	终曲之玫瑰
rosebear	玫瑰熊
roseblood bloom	魔法阵展开
roseblood drop	生成魔法球
roseblood withering	魔法阵展开·零式
rosehouse	玫瑰园
roselet	小红花
roseling	妖红花
rosewood stalls	紫檀商店街
rostik faithsblade	信仰护剑 罗斯提克
rostnbyrt	锈斧
rostnsthal the reborn	赤铁锈 罗斯特恩斯塔尔
rostrum	小丑舞台
rot gas	腐气
rotary gale	刻风
rotary slash	旋爪
rotate left	左转向
rotate right	右转向
rothlyt	罗斯利特云海
rothlyt pelican	罗斯利特鹈鹕
rothlyt sound	罗斯利特湾
rothlyt spectral current	罗斯利特湾近海幻海流
rotosmash	猛碎
rotoswipe	猛扫
rotten blood	腐败淤血
rotten breath	腐烂吐息
rotten heart	黑心
rotten honey	黑化小甜心
rotten hound	腐烂猎犬
rotten jam	腐烂果酱怪
rotten mandragora	腐烂蔓德拉
rotten meat	腐肉
rotten onion	洋葱瘴气
rotten rampage	腐烂狂怒
rotten researcher	腐烂研究员
rotten spores	腐烂孢子
rotten stench	腐烂恶臭
rotten tomato	番茄瘴气
rotten walker	腐烂研究员
rotting arrow	腐化箭
rotting bandages	腐尸绷带
rotting captive	僵尸囚徒
rotting corpse	腐尸
rotting elegy	死亡叹歌
rotting eye	腐朽之眼
rotting flesh	致死细胞
rotting goobbue	腐坏古菩猩猩
rotting lungs	腐气
rotting mage	腐尸法师
rotting noble	腐尸贵族
rotting pikeman	腐尸守卫
rotting roar	霉菌咆哮
rotting royal	变异的王族
rotting sentinel	悬赏魔物：腐尸哨兵树
rotunda	冰天宫圆堂
rough divide	粗分斩
rough-hewn hingan	粗俗的东方人
roughspun ruffian	斧术师恶徒
roulette	死亡轮盘
round guard	拉迪斯卡瞭望塔的卫兵
round lanner	圆桌猎鹰
round of applause	喝彩回应
round square	圆形广场
roundhouse	无尽旋风斩
roundhouse conductor	环雷
roundhouse current	环雷流
rousing reincarnation	变见的诅咒
rowena's house of splendors	罗薇娜会馆
rowers quarters	桨手室
royal airship landing	阿拉米格王立飞空艇着陆场
royal allagan starway	亚拉戈繁星路
royal allagan sunway	亚拉戈旭日路
royal ant	王家蚁兵
royal authority	王权剑
royal banishment	放逐射线
royal bedchambers	王族寝室
royal bladebearer	马利卡兵装
royal blood	高贵血脉
royal city of lesalia	王都勒萨利亚
royal city of rabanastre	失落之都拉巴纳斯塔
royal cupbearer	御前斟酒巨像
royal custard	马利卡奶黄怪
royal decree	圣旨
royal domain	王土
royal favor	古代女王的加护
royal flush	污泥内无双
royal fount	皇泉射线
royal guard	王室亲卫
royal hound	王家猎犬
royal hunting grounds	王家猎场
royal lunatender	王家仙人刺
royal magicked carpet	贵族魔法飞毯
royal menagerie	阿拉米格王宫屋顶庭园
royal morpho	王家闪蝶
royal oak	皇家橡树精
royal palace	阿拉米格王宫
royal pentacle	蒸汽审判
royal plantations	王立娜娜莫菜园
royal portal	主门
royal promenade	御道
royal radius	王城外围
royal road	神圣路
royal rouse	王室鼓舞
rrax yity'a	血鸣鼠
rroneek	犎牛
rroneek calf	犎牛宝宝
rroneek pulse	犎牛的血潮
rroneek's favor	犎牛的心血
ru'aun gardens	路·欧恩庭院
rub burn	神灯刮擦
rubber bullet	橡胶弹头
rubbish disposal	废品处理
rubble-rouse	哀怨的岩音
rubellite carbuncle	红电气宝石兽
rubellite weapon	红电气石神兵
rubicante	卢比坎特
rubicante mirage	卢比坎特的幻影
rubistellar collision	红色天体撞击
ruby bazaar	乌尔达哈商会馆前
ruby bazaar offices	乌尔达哈商会馆接待室
ruby bit	红宝石浮游炮
ruby blaze	炽热诅咒
ruby carbuncle	红宝石兽
ruby catastrophe	红宝石灾变
ruby claw	红宝石之爪
ruby disaster	红宝石灾祸
ruby dynamics	红宝石电圈
ruby flare	红宝石核爆
ruby glow	红宝石之光
ruby gwiber	红宝石玲龙
ruby hornbill	红角犀鸟
ruby ifrit	红宝石伊弗利特
ruby outburst	红宝石迸裂
ruby price	红玉炮台近海
ruby price depths	红玉炮台附近
ruby princess	红玉公主
ruby ray	红宝石射线
ruby receiving room	红石之间
ruby reflection	红宝石反射
ruby rip	红潮激流
ruby rite	红宝石之仪
ruby road exchange	红玉大路国际市场
ruby ruin	红宝石毁灭
ruby ruin iii	红宝石毁荡
ruby sea	红玉海
ruby spectral current	红玉海海面幻海流
ruby sphere	红宝石能量球
ruby spray	红潮瀑布
ruby tide	赤潮
ruby weapon	红宝石神兵
ruby's glimmer	灼热之闪预备
rudis beak	粗喙魔鸟
rue the maelstrom	绝望漩涡
rueful outburst	罪恶的滚雷
ruffled dodo	激怒渡渡鸟
ruffled feathers	枭羽掌
ruffled hornbill	绒毛红角犀鸟
ruffletuft kupta kapa	毛毛之斧 库普塔·咔帕
ruffling of feathers	怒气冲冲
rugged refugee	坚强的难民
rugged researcher	体型强健的调查员
ruginis	鲁吉尼斯
ruin foretold	灾祸预兆
ruin hound	遗迹冰狼
ruin iii	毁荡
ruin of light divine	白神之间
ruin's wrath	猛凰爪痕
ruination	废灭
ruined warehouse	废弃仓库
ruinfall	灾祸冲
ruinous confluence	十字魔爆
ruinous contraction	双重外环破灭
ruinous expansion	双重中心破灭
ruinous hex	爆炸
ruinous locus	中心破灭
ruinous omen	破灭预兆
ruinous pseudomen	魔科学式破灭预兆
ruinous ring	外环破灭
ruinous rune	破灭符文
ruins crawler	遗迹盲头蟹
ruins dross	遗迹浮渣
ruins dweller	遗迹恶魔
ruins geshunpest	遗迹游魂
ruins golem	毁灭巨像
ruins parthenope	遗迹帕尔忒诺珀
ruins runner	遗迹走龙
ruins wamoura	遗迹瓦魔蛾
ruins wamouracampa	遗迹瓦魔蛾幼虫
ruins weevil	遗迹圆甲虫
rukshs dheem	鲁克嘶·蒂母
ruling chamber	决斗裁判场
ruling quarter	萨雷安睿哲区
ruling steppe	镇原之火
rumbling thunder	轰鸣闪电
rumination	松弛
rumination's ramble	逍遥水径
ruminator	沉思之物
rummaging harrier	翻寻异端者
run amok	狂奔
run of the rroneek	犎牛的蹄击
run program	实体化程序
run through	贯通
run wild	拼尽全力
runagate imp	逃亡小魔精
runaway coblyn	逃命矿爬虫
runaway runoff	水流喷涌
runaway satellite	失控辅助机甲
runaway sludge	污泥喷涌
runaway train	脱轨列车
rune axe	符文之斧
runner's reel	雾须一伙的基地
running wild	拼尽全力
runstop backblock	避难地后庭
runstop backgate	避难地暗门
runstop frontblock	避难地前庭
runstop gutgate	避难地内门
runstop headgate	避难地正门
runway walk	模特步
rupture	炸裂
rurukuta tornstar	奔流星 鲁鲁库塔
rururaji	鲁鲁拉吉
rusalka	卢莎卡
rush edict	号令：蓄势冲撞
rush of might	刚武突击
rushing lunge	突进角
rushing roar	强袭吐息
rushing rumble	突进跺地
rushing rumble rampage	连续突进跺地
rushing slash	急速斩
russet yarzon	黄盲头蟹
rustbite	锈咬
rusted dreadnaught	生锈恐慌装甲
rusted knives	飞刀乱掷
rusted reservoir	锈迹贮水池
rusting claw	锈爪
rustling breeze	簌簌轻风
rustling wind	草风
rustrock	红锈岩山
rusty coblyn	锈蚀矿爬虫
rusty swipe	锈蚀横扫
ruthless bombardment	导弹超乱射
ruthless refrain	拒绝旋律
ruthless regalia	王法无情
rutting buffalo	发情水牛
ruud suud	鲁德斯德
ruveydah fibers	鲁维达纺丝局
ryne's avatar	琳的幻体
ryoqor terteh	辽刻特特雪精
ryssfloh	利斯弗洛
ryunosuke	辰龙巧儿陆行鸟
saber dance	剑舞
saber rush	利剑斩
saber-rattling swordsman	发动攻势的剑术师
sabertail	剑尾
sabertooth tiger	剑齿虎
sable back	紫背魔鸟
sable price	漆黑之珠
sable shard	黑色魔石碎片
sable thread	漆黑射线
sable weave	漆黑火焰
sabotendance	仙人刺舞
sabotendash	仙人冲
sabotender	仙人刺
sabotender amir	埃米尔仙人刺
sabotender bailaor	仙人刺舞蹈家
sabotender bailarina	花舞仙人刺
sabotender campeador	仙人刺勇士
sabotender corrido	悬赏魔物：科里多仙人刺
sabotender del sol	太阳仙人刺
sabotender desertor	仙人刺逃兵
sabotender emperador	帝王仙人刺
sabotender emperatriz	仙人刺女皇
sabotender fugitivo	跑跑仙人掌
sabotender guardia	仙人刺守卫
sabotender mariachi	仙人刺流浪乐队
sabotender piece	奇子·仙人刺
sabotender soldado	仙人刺士兵
sabulous orb	魔砂球
sacrament	十字圣礼
sacrament of penance	忏悔圣礼
sacrament sforzando	圣礼强化
sacred assembly	辅助机关启动
sacred biast	圣山雷蛟
sacred blade	神圣利刃
sacred bonds	哀愁
sacred braver	神圣烈斩
sacred claim	圣刻
sacred cross	神圣十字
sacred drake	圣山火蛟
sacred flame	圣火燃烧
sacred flay	圣火斩
sacred garden	女神的庭园
sacred idol	设置大咒具
sacred marid	圣山魔象
sacred prism	女神的慈悲
sacred scourge	神圣灾变
sacred sever	神圣裂斩
sacred sight	闪飒预备
sacred site	巡礼地
sacred slash	神圣斩击
sacred soil	野战治疗阵
sacred spear	光鳞战斗团的投枪
sacred standard	设置咒具
sacred stores	圣净院宝藏堂
sacred sword	圣宗剑
sacred totem	召唤图腾
sacrifice	献祭
sacrifice's fate	彷徨咒诅：吸引
sacrificed kunoichi	祭品女忍
sacrificed ninja	祭品忍者
sacrificed soldier	祭品士兵
sacrificial chamber	供奉洞
sacrificium	祭牲
sadistic attack	残虐攻击
sadistic screech	施虐的尖啸
sadu heavensflame	天火 纱都
saethryda	赛丝瑞达
safeguard	坚守
safeguard system	护送系统
safety in numbers	大家一起，无所畏惧
safety inspection chamber	保安检查室
sage's focus	贤者的短杖
sage's staff	贤者之杖
sage's wisdom	贤者的睿智
sagittarius arrow	射手天箭
sagolii desert	撒沟厉沙漠
sagolii dunes	撒沟厉沙丘
sagolii gate	撒沟厉关
sahagin infiltrator	鱼人渗透者
sahagin landbase	鱼人军阵营
sahagin piece	奇子·鱼人
sahagin sapper	鱼人工兵
sahagin sentry	鱼人哨兵
sahagin shoaltooth	滩齿鱼人
sahagin skirmisher	鱼人斥候
sahagin spy	鱼人间谍
sahagin stronghold	鱼人族据点
sahagin waverider	鱼人破浪者
sai taisui	赛太岁
saibai cavern	采贝洞
saibai mandragora	栽培蔓德拉
saichania	美甲兽
sailors ward	水手区
saint coinach's find	圣寇伊纳克调查地
saint endalim's scholasticate	圣恩达利姆神学院
saint fathric's temple	圣法斯里克天庭
saint guenriol's chapel	圣冈里奥尔礼拜堂
saint mocianne's arboretum	圣茉夏娜植物园
saint reinette's forum	圣蕾内特广场
saint reymanaud's cathedral	圣雷马诺大圣堂（圣恩达利姆神学院）
saint roelle's dais	圣罗埃勒广场
saint thordan's basilica	圣托尔丹大圣堂
saint valeroyant's forum	圣瓦勒鲁瓦扬广场
saint valeroyant's way	圣瓦勒鲁瓦扬大道
saintly beam	圣光射线
saintscreen	神圣蛛网屏
sajabaht	调香师 萨加巴缇
sakazuki	酒杯岛
sakazuki confederate	酒杯岛的海盗
salaheem's sentinel	萨拉希姆哨兵
salamander	蝾螈
salas burst	暗以太爆发·叁
sali monastery	萨利僧院
saline spit	吐水
salivating hanuman langur	垂涎长尾神猴
salivating simian	饥饿奥猴
salivous snap	毒液猛咬
sallet crab	角盔寄居蟹
sally the sweeper	清扫者萨莉
salmet quickhunt	迅猎手 萨梅
salt and darkness	腐秽黑暗
salt and light	盐和光
salt anila	盐湖阿尼罗
salt dhara	盐湖陀罗
salt dhruva	陀鲁婆
salt sapria	盐湖寄生花
salt stomp	盐拍击
salt strand	砂盐滩
salt swallow	盐蓝燕
salt swallow larva	盐蓝燕幼虫
salt's bane	大地腐秽
saltcrystal strings	结晶海域
salted earth	腐秽大地
saltery	盐村
salthound boatswain	猎犬同盟甲板员
salthound gunner	猎犬同盟领航员
saltpeter shore	玻砾河岸
saltstorm	盐风暴
saltswept	海风飘香
saltwater aurelia	盐水海月水母
saltwater shot	震水弹
saltwind's welcome	微风海岸
salvage	打捞
salvaged colossus	缴获的魔导巨兵
salvaged colossus prototype	缴获的试验型魔导巨兵
salvaged slasher	缴获的魔导螳螂
salvaged vanguard	缴获的魔导先锋
salvaged vanguard f-1	缴获的魔导先锋强袭型
salvaged vanguard h-1	缴获的重装型魔导先锋
salvation	圣堂区
salvation's reach	救赎圣臂
salvo script	执行齐射程序
samantha seedling	萨曼莎幼苗
samiel's backbone	萨迈尔脊骨
sampati	山帕地
samsara	轮回
samurai	武士
samurai corpse	武士腐尸
samyaza	桑扬沙
san d'oria	桑多利亚
san-ban kura	三号仓库
sanctification	祝圣之光
sanctified aero	圣化疾风
sanctified blizzard	圣化冰结
sanctified blizzard chain	圣化冰结连锁
sanctified blizzard iii	圣化冰封
sanctified dark	圣化黑暗
sanctified fire	圣化火炎
sanctified fire iii	圣化爆炎
sanctified flare	圣化核爆
sanctified holy	圣化神圣
sanctified holy iii	圣化豪圣
sanctified meltdown	圣化熔毁
sanctified quake iii	圣化爆震
sanctified revival	圣化复苏
sanctified scathe	圣化崩溃
sanctified shock	圣化震惊
sanctified staccato	圣化断奏
sanctified stone	圣化飞石
sanctified stone iii	圣化垒石
sanctified thunder iii	圣化暴雷
sanctified vivify	圣化复兴
sanction	制裁之刃
sanctity of the ward	苍穹之阵：圣杖
sanctuary	圣殿堂
sanctuary skipper	殿堂蜻蜓
sanctuary tsanahale	殿堂奇纳哈尔鸟妖
sanctum entrance	圣堂入口
sanctum of dreams	封魔洞
sanctum of the twelve	十二神大圣堂
sand bat	沙漠蝙蝠
sand breath	黄沙吐息
sand burst	沙爆
sand crusher	沙砾强压
sand cyclone	沙尘旋风
sand fox	沙狐
sand mole	沙鼹鼠
sand pearl	沙球
sand pillar	沙柱
sand sphere	沙晶球
sand sprite	沙土元精
sand surge	土爆
sand tempest	沙尘暴
sandblast	喷沙
sandburst	大爆炸
sandcake	沙糕怪
sandgate	沙门
sandman	沙灵
sandnest	吞沙巢穴
sandpearl shroud	沙漠之光
sandpit	进沙坑
sandplume	沙羽
sandrake	沙火蛟
sands of amber	琥珀沙漠
sands of blood	鲜血沙漠
sands of morn	曙色狭路
sands secrets	沙中秘密
sandshell	沙壳蟹
sandskin peiste	砂皮毒蜥蜴
sandskin sibilus	砂皮蛇蜥蜴
sandslinger	扬沙
sandspray	尘土飞扬
sandstill	时之沙
sandstone golem	砂石巨像
sandstone guardian	砂岩守卫
sandstorm	沙暴
sandstrike	掘沙踢
sandsucker	噬沙蠕虫
sandtoad	沙蟾蜍
sanduruva	多格
sandworm	沙地巨虫
sane tonberry	清醒的冬贝利
sanguinary buccaneer	血腥海盗
sanguine bite	嗜血咬
sanguine blade	嗜血刃
sanguine clot	血色凝块
sanguine feast	血宴盘蛇
sanguine limbo	边境之狱深层
sanguine perch	血祭台
sanguine recluse	力之隐者
sanguine scratch	嗜血抓挠
sanguine sirens gunner	红血圣女团炮手
sanguine sirens lodeswoman	红血圣女团领航员
sanguine sirens targirl	红血圣女团甲板员
sanguine slash	嗜血击
sanitary node	净化系统
sanitation sluices	污水处理区
sanjo hanamachi	三条花街
sankchinni	山克芹尼
sanngetall	真实斩
sansheya	山谢亚
sanuwa gundu	衮杜腾云蛇
sanuwa vundu	温杜腾云蛇
sap auger	树汁采取器
sap shower	喷洒汁液
sap spiller	树液乱舞
sapling piece	奇子·花苗
sapling's crown	妖灵王的加护
sapper tunnel	地灵军地下坑道
sapphire avenue exchange	蓝玉大街国际市场
sapphire ray	蓝宝石射线
sapphire weapon	蓝宝石神兵
saprophagous slug	腐生蛞蝓
sapsa elbst	萨普沙水龙蜥
sapsa pugil	萨普沙陆鱼
sapsa shelfclaw	萨普沙礁爪鱼人
sapsa shelfscale	萨普沙礁鳞鱼人
sapsa shelfspine	萨普沙礁棘鱼人
sapsa shelftooth	萨普沙礁齿鱼人
sapsa spawning grounds	萨普沙产卵地
sapsweet cenote	甜水泉
saptagraha	七曜星
sarameya	萨拉米亚
sarcosuchus	帝王鳄
sarisha	萨利夏
sarracenia	避阳之花
sartauvoir the inferno	铁胆狱火 萨托瓦尔
sarutabaruta	萨鲁塔巴鲁塔
sasashu	萨萨修
sasquatch	大脚巨猿
sastasha	沙斯塔夏溶洞
sastasha orobon	沙斯塔夏鬼鮟鱇
sastasha pugil	沙斯塔夏陆鱼
sastasha seagrot	溶洞
satellite beam	卫星光束
satellite laser	卫星激光
sathya maga	真谛之路
sathzant	助手萨斯赞特
satin plume	柔羽
satisfied	以太增强
satrap's wrath	星龙枪
saturate	喷水
saturation bombing maneuver	攻击：全方位导弹轰炸
saucery siege	金碟攻城
saumanasa	萨乌摩那娑
saunion	桑尼恩
savage barbery	野蛮剃
savage blade	狂怒剑
savage claw	猛兽爪
savage ruszor	凶残鲁斯索尔
savage swipe	强击
savage wave cannon	零式波动炮
save the princess	天佑公主
savor tea	端坐享用绿茶
sawtooth	锯齿花
scabbard	剑鞘风洞
scabrous hapalit	粗糙哈帕利特
scabrous jotunn	粗糙霜巨人
scalding breath	滚烫吐息
scalding fleet	灭土烧尽：迅火
scalding ring	灭土烧尽：环火
scalding scolding	烈火怒骂
scalding signal	灭土烧尽：烽火
scalding tank	重爆炮
scalding waves	炎波
scale darts	飞鳞
scale eater	悬赏魔物：咬鳞石蜥蜴
scale flakes	妖鳞粉
scale kinship	甲鳞本能
scale of the father	太阳神之鳞
scale ripple	鳞水涟漪
scale-armored leg	腿部
scale-smasher	横扫者
scalebound	火龙领域
scalekin pen	蜥蜴围栏
scalekin skinner	蜥蜴杀手
scalepuk	有鳞跳蜥
scales of wisdom	睿智之天平
scaleskin	甲鳞肤
scamper	惊惶
scanning port nine	九层检查口
scape leech	离景水蛭
scaphite	船菊石
scar's edge	破损的门前
scarab beetle	圣甲虫
scarecrow	惊慌稻草龙
scarecrow chase	人偶追逐
scared citizen	求助的声音
scarlet auspice	赤帝剑气
scarlet ballroom	染血的舞厅
scarlet cyclone	猩红龙卷风
scarlet delirium	血红乱
scarlet fever	燃烬天火
scarlet flame	赤焰
scarlet hymn	朱红旋律
scarlet lady	火焰鸟
scarlet lector	悬赏魔物：血红讲师
scarlet peacock	朱孔雀
scarlet plume	朱雀的羽毛
scarlet price	真红之珠
scarlet tail feather	朱雀的尾羽
scarlet tentacle	猩红触手
scarlet thread	真红射线
scarlet whisper	真红吐息
scarmiglione	斯卡米留尼
scarred antelope	伤痕羚羊
scarred caracal	伤痕狞猫
scarred jackal	伤痕黑豺
scars of battle	魔大战的伤痕
scathach	斯卡哈
scathing net	张宿业火
scathing steam	混合爆破
scathing sunshot	金煌烈日箭
scathing sweep	横砍
scatter	散碎
scatter strike	百烈脚
scatterbait	碎饵
scattered burst	散集式冲击炮
scattered kindling	散火花
scattered magic	魔力飞散
scattered wailing	奴延咒声：散
scattergun	霰弹枪
scattering	光波
scatterscourge	毒液挥洒
scavenger's daughter	拾荒者之女
scavenging u'out	拾荒呜口花
scenic muse	风景构想
scenic path	眼根林道
scented breeze	芬芳清风
schiltron	刺阵
schizocarps	播种
schola armored weapon	禁卫武装重甲
schola avenger	禁卫复仇者
schola bit	禁卫浮游炮
schola canis pugnax	禁卫军犬
schola centurion	禁卫百夫长
schola colossus	禁卫巨兵
schola colossus rubricatus	禁卫巨兵改
schola eques	禁卫骑士
schola gunship	禁卫炮艇
schola hexadrone	禁卫六轮装甲
schola laquearius	禁卫绳斗士
schola predator	禁卫猎手
schola rearguard	禁卫后卫
schola scorpion	禁卫守卫机蝎
schola secutor	禁卫拳斗士
schola signifer	禁卫旗手
schola sky armor	禁卫浮空装甲
scholar	知识神像
scholar's harbor	知识神海港
scholar's wisdom	沙利亚克之灵慧
scholars walk	学者走廊
school of fantastics	梦想禁书库
school of nihility	断想阅览室
school of phantasmagoria	幻想书库
schorl doblyn	黑电气石精
scintillant lance	烁电之矛
scion conjurer	拂晓的幻术师
scion lancer	拂晓的枪术师
scion marauder	拂晓的斧术师
scion thaumaturge	拂晓的咒术师
scion's memory	贤人的思念
scission	斩断
scission thrust	分裂刺
scissor run	螯连击
scissorjaws	铰颌蚁
scitalis	斯奇塔利斯
scold's bridle	毒舌钩
scorched earth	大火焰
scorched exaltation	灰烬火焰
scorched pinion	炎之翼
scorching breath	焦热吐息
scorching fang	烈火牙
scorching lash	焦热冲击
scorching left	左炎狱斩
scorching right	右炎狱斩
scorching shackle	魔火链
scorching smite	燃烧猛击
scorching streak	火炎流
scoresheen sands	十七色流沙
scorn of the scorpion	祭器之魂：痛毒波
scorpio praetorianus	禁卫机蝎
scorpion avatar	光焰化身
scorpion crossing	毒蝎交易所
scorpion hawk	蝎鹰蜂
scorpion invader	毒蝎入侵者
scorpion's claw	硬螯蝎
scorpion's den	赫德提特的领地
scorpion's sting	蝎尾毒刺
scorpion's tail	尖尾蝎
scourge	灾变
scourge of fire	火之灾变
scourge of ice	冰之灾变
scourge of meracydia	美拉西迪亚祸龙
scourge of nym	诅咒的危言
scourge of thunder	雷之灾变
scourging blaze	深渊爆焰
scouring ash	死尸净化
scouring scolding	水责
scouring scorn	怒号爆炎
scouring tsunami	暴风大海啸
scouring waters	暴风之兆
scout wolf	侦察黑狼
scouting node	巡逻系统
scramble	紧急投放
scrambled engineer	混乱工程师
scrambled iron claw	混乱钢铁之爪
scrambled iron giant	混乱铁巨人
scrambled paladin	混乱圣骑士
scrambled succession	混乱连击
scrambling citizen	落荒而逃的市民
scrambling spriggan	小丑魔蛋精
scrambling spriggolem	魔蛋巨像
scrambling ways	交错路口
scrap bomb	废料炸弹
scrap burst	废料爆发
scrap byblos	废料比布鲁斯
scrap gargoyle	废料石像鬼
scrap heap	瓦砾块
scrap meddle	废料干涉
scrap storm	废料风暴
scraper	刮削机
scrapline	废料碎颈臂
scrapline storm	暴风碎颈臂
scratch	抓击
scratch fever	抓病
scratching ring	狩猎格斗场
scream of the dead	死亡尖啸
scream of the fallen	咒怨大残响
scream puff	尖叫泡芙
screamer	尖叫雕
screaming dark	呼唤竖井
screaming score	唱谱
screams of the damned	叫唤地狱
scree gnome	碎石诺姆
screech	嘶嚎
screes of fury	图拉尔的斩击
screwdriver	改锥
scrutiny	观察
scryption	死亡记录
sculpted arm	雕刻之手
sculptor's passion	斗士炮
sculpture cast	雕塑咏唱
scupper	干扰
scurvy dog	坏血野狗
scuttle	急冲
scuttling skewer	足刺
scythe kick	镰形回旋踢
scythe mantis	大镰螳螂
scythe tail	尾镰
scythebeak	镰喙魔鸟
sds fenrir	SDS芬里尔
sea anemone	海风花
sea beggar	海中乞丐
sea bishop	海祭司
sea gelatin	海胶螺
sea monk	海鬼鱼
sea of blades	刃海
sea of clouds	云海
sea of flames	火海
sea of pitch	沥青海
sea of spires	锥峰原
sea of stars	星外天域
sea pugil	海陆鱼
sea scorpion	海蝎
sea serpent	大海蛇
sea shackles	水流链
sea shanty	咕噜咕噜
sea swallows all	漩涡
sea wasp	海蜂水母
sea-foam	海泡
sea-kin	稳重的海兽
sea-maid's mirror	人鱼的石舞台
sea-sweeper	海底清道夫
seabed ceremony	水底仪式
seaboard angler	海岸鮟鱇
seaboard ogrebon	海岸食人鬼鮟鱇
seaborn servant	人鱼的仆从
seaborn shrike	人鱼的爱鸟
seaborn soldier	人鱼的护卫
seaborn songstress	人鱼的歌手
seaborn speaker	人鱼的使令
seaborn stalwart	人鱼的侍从
seaborn steed	人鱼的爱马
seaborn steward	人鱼的管家
seafoam	白波
seafoam fields	海泡农园
seafoam spiral	海浪回环
seagaze markets	观海贸易路
seagaze markets subdivision	[扩建区]观海贸易路
seagazer	观海塔
seagazer shoals	观海湾
seal asunder	封印破坏
seal of full bloom	花印绽放
seal of riotous bloom	花印齐放
seal of scurrying sparks	乱火之印
seal of the bell	封印武器：铃铛
seal of the blade	封印武器：刀
seal of the bow	封印武器：弓
seal of the fireblossom	火花之印
seal of the fleeting	花印之术
seal of the harp	封印武器：琴
seal of the levinblossom	雷花之印
seal of the rainblossom	水花之印
seal of the windblossom	风花之印
seal rock	尘封秘岩
seal rock landing	尘封秘岩飞艇坪
seal sweetener	部队特效：军票提高
sealed door	紧锁的门
sealed doton	无法发动土遁之术
sealed forked raiju	无法发动月影雷兽爪
sealed gate	岩户闭合
sealed goka mekkyaku	无法发动劫火灭却之术
sealed huton	无法发动风遁之术
sealed hyosho ranryu	无法发动冰晶乱流之术
sealed implements	封印武器
sealed meisui	无法发动命水
seamless form	枪斩回击
search and destroy	照射检测
search drone	索敌无人机
searchers meet	屯集堂
searching avenger	索敌魔导复仇者
searching bit	索敌魔导浮游炮
searching roader	索敌魔导机车大魔
searching satellite	索敌辅助机甲
searching slasher	索敌魔导螳螂
searchlight	探照灯
searing arrow	强效冻结箭
searing axe	灼焰战斧
searing blast	强效热浪弹
searing brand	灵火之剑
searing breeze	热喷射
searing chain	灼热链
searing chains	烈焰链
searing conduction	灼热波
searing flash	灼热之闪
searing gale	灼烧阵风
searing light	灼热之光
searing moglight	莫古之光
searing radiance	飞光
searing ray	灼热射线
searing shackle	影链爆
searing sigh	炽热吐息
searing slash	日轮剑
searing stomp	灼热踏
searing stream	灼热流
searing swell	烈焰波
searing wind	热风
seas blessing	大海的恩惠
season of earth	四君子之土
season of fire	四君子之火
season of lightning	四君子之雷
season of water	四君子之水
season's passing	春夏交替
seasonal events	季节活动
seasoned adventurer	经验丰富的冒险者
seasoned bodyguard	老练的保镖
seasoned seeq bandit	老练的席克族盗贼
seasong grotto	海词石窟
seasong's rest	鲸的归处
seasons of blight	青之连波潮
seasons of mercy	慈悲雪月花
seasons of the fleeting	四君子之术
seasplitter	断海
seaspray	海浪飞扬
seat of sacrifice	始皇宝座
seat of the foremost	首席神官之间
seawater sprite	海水元精
secluded diadem pond	云冠鱼洞
secluded stacks	避世书库
second art of darkness	二重暗之战技
second battlehorn	二号兽笛
second blade	第二刃区
second brand	第二咒印
second central ring	中层中部
second chakra	斗气II
second circle	第二圆环
second column	第二桥柱
second demiurge	信徒其二
second doom	第二之灾难
second eye	史特罗佩斯的弟子
second flame	第二火焰咒印
second floor	2层
second form	贰之体势
second generation	祖灵之牙二式
second heaven	三十三天
second in line	第二目标
second legacy	祖灵之蛇二式
second level	2层
second line	第二防线
second lower ring	下层中部
second master's board	斗兽奇弈高段 第二盘
second mercy	慈悲四刀第二念
second platform	第二区
second rambade	第二舷梯门
second season	二重青之波潮
second sluice	第二闸区
second spire	第二塔基
second ward	（仮）第2障壁
second wind	内丹
secondary head	侧首
secret basket	神秘篮筐
secret breeze	隐秘之风
secret cladoselache	神秘裂口鲨
secret djinn	神秘镇尼
secret echivore	神秘石莲猬
secret egg	神秘茄子
secret garlic	神秘蒜头
secret keeper	神秘守卫
secret korrigan	神秘柯瑞甘
secret mandragora	神秘蔓德拉
secret morpho	神秘闪蝶
secret nook	中层隐秘区
secret onion	神秘洋葱
secret pegasus	神秘天马
secret porxie	神秘仙子猪
secret queen	神秘王后
secret rabbit's tail	神秘兔尾
secret serpent	神秘巨蟒
secret shark	神秘鲨
secret swallow	神秘海燕
secret sweeper	神秘清道夫
secret tomato	神秘番茄
secret undine	神秘温蒂尼
secret worm	神秘巨虫
secrets revealed	实体成像
sector a	A区
sector bisector	幻影半斩
sector iii	第三区
sector vii	第七区
sector viii	中枢第8区间
sector xii	左舷第12区间
sector xiii	右舷第13区间
sector xiv	左舷第14区间
secundus terminus est	恩惠终结：贰
secure test site	兵器试验场
securis	曲刃飞斧
security command	防卫指挥室
security corridor	警备通道
security deck	博物战舰防卫甲板
security mammet	煽动型人偶005号
security node	护卫系统
security passage	特殊警戒通路
sediment funnel	沙石倾倒坑
sediment sphere	砂玉
sediment trough	沙石堆积层
sedimentary debris	崩落
seduced	魅惑
seductive scream	诱惑啸声
seductive siren	治愈系塞壬
seductive sonata	诱惑奏鸣曲
seed crystals	附着结晶
seed kinship	草木本能
seed of conviction	断罪之枪
seed of life	生生不息
seed of magic	魔法弹
seed of magic alpha	魔法弹α
seed of magic beta	魔法弹β
seed of the rivers	江河之种
seed of the sea	海洋之种
seed of the sky	天空之种
seedbed	摇篮树
seeding needles	乱针刺
seedling piece	奇子·幼苗
seeds sown	草木播种
seedsower	草木播种
seedsprout	发芽
seedvolley	种弹投射
seeing left	左翼防御
seeing right	右翼防御
seeing stone	扇动翅膀的岩块
seeing tail	前后防御
seeing wing	两侧防御
seeing wings	两翼防御
seeker avatar	求道之分身
seeker bat	探索蝙蝠
seeker of solitude	宫殿的隐者
seeking purpose	存在的理由
seemingly ordinary imp	平凡小魔精
seer's solace	安静的冥想室
seikret	鹭鹰龙
seikret fledgling	鹭鹰龙宝宝
seismic impact	落地冲击
seismic rift	地层断裂
seismic scream	地震嚎
seismic shriek	地震之啸
seismic wave	地震波
seismostomp	震地踏压
seiton tenchu	星遁天诛
sekhmet	赛克迈特
sekiseigumi barracks	赤诚组营房南
sekiseigumi blade	赤诚组成员
selenain mysteria	双月之仪
selenomancy	月読
self-destruct	自爆
self-detonate	雾散爆发
self-sacrifice	分身爆裂
sellsword	佣兵护卫
sellsword captain	佣兵护卫队长
semi-eternal breath	亚永恒吐息
senaculum imperialis	加雷马元老院
senatus	元老院站
senban oneblade	一刀客 千万
senmurv	神穆尔鸟
senna's pride	神纳大树
senna's pride subdivision	[扩建区]神纳大树
senor otter	獭獭先生
senor sabotender	优雅仙人刺
senorita sabotender	仙人刺女士
senri's blessing	仙狸的神通力
senri's favor	仙狸的神通力
sense weakness	弱点狙击
sensilla blades	刃状感器
sensory deprivation	知觉扰乱药
sensual sandy	妖艳魔花珊迪
sentence	判决
sentient inkhorn	有知觉的墨水壶
sentient tome	有知觉的魔导书
sentinel	护花守墓屋
sentinel roar	古树之嚎
sentryfugal slash	哨兵斩
sephirot	萨菲洛特
sephirot binah	萨菲洛特理解之灵
sephirot-egi	萨菲洛特之灵
septic slime	脓毒粘液怪
sepulchre	浪人坟
sepulchre ready	葬送剑预备
sepulture gargoyle	墓穴石像鬼
sequence ab1	耐打击程序
sequence ap1	耐突击程序
sequence as1	耐斩击程序
sequential blows	连续碎击
ser adelphel	圣骑士阿代尔斐尔
ser adelphel brightblade	光辉剑 阿代尔斐尔
ser arscelin	神殿骑士阿尔斯兰
ser charibert	圣骑士沙里贝尔
ser charibert the stern	残忍无情 沙里贝尔
ser grinnaux	圣骑士格里诺
ser grinnaux the bull	战争狂 格里诺
ser grymme	幻影骑士格里姆
ser guerrique	圣骑士盖里克
ser guerrique the cleaver	破天斧 盖里克
ser hamonth	幻影骑士哈蒙斯
ser haumeric	圣骑士奥默里克
ser haumeric the valiant	英才 奥默里克
ser hermenost	圣骑士埃尔姆诺斯特
ser hermenost the levinlight	雷殛光 埃尔姆诺斯特
ser ignasse	圣骑士伊尼亚斯
ser intheran	幻影骑士因瑟兰
ser janlenoux	圣骑士让勒努
ser javyth	幻影骑士贾维斯
ser mothbert	幻影骑士莫斯巴特
ser noudenet	圣骑士努德内
ser noudenet the wise	贤才 努德内
ser paulecrain	圣骑士波勒克兰
ser paulecrain coldfire	冷火 波勒克兰
ser phinibert	幻影骑士菲尼贝尔特
ser vaindreau's grace	鲁什芒德纪念医院
ser vellguine	圣骑士韦尔吉纳
ser yuhelmeric	寒光剑 尤埃尔默里克
ser zephirin	圣骑士泽菲兰
seraph blade	炽天使刃
seraph flight	炽天之翼
seraph strike	炽天强袭
seraphic halo	炽天的光环
seraphic illumination	炽天的幻光
seraphic veil	炽天的幕帘
seraphism	炽天附体
serenity	玉圣祠
sergeant on duty	堆堆大雪人
serial killer piranha	凶残杀手水虎鱼
serial magicks	连续魔法
serial torture	连续处刑
serial-jointed command model	多关节型：司令机
serial-jointed model	多关节型
serial-jointed service model	多关节型：士兵机
serpent archer	双蛇党弓箭手
serpent ascending	升蛇
serpent captain sanson smyth	桑松正牙尉
serpent commander heuloix	白栎 沃尔赛勒
serpent conjurer	双蛇党幻术师
serpent descending	降蛇
serpent gladiator	双蛇党剑术师
serpent hatchling	巨蟒幼体
serpent head	龙头
serpent lancer	双蛇党枪术师
serpent landing	双蛇党阵营
serpent lieutenant nelhah	茹雅·奈尔赫协牙尉
serpent of thaleia	塔利亚海蛇
serpent officer	双蛇党士官
serpent outpost	双蛇党前哨
serpent petty officer	双蛇党下级士官
serpent reaver blueeye	海蛇苍目
serpent reaver bluefin	海蛇苍鳞
serpent reaver bluetail	海蛇苍尾
serpent reaver deckhound	海蛇甲板猎犬
serpent reaver eye	蛇眼海盗
serpent reaver fin	蛇鳞海盗
serpent reaver tail	蛇尾海盗
serpent reavest claw	大蛇爪海盗
serpent reavest fang	大蛇牙海盗
serpent reavest fin	大蛇鳍海盗
serpent reavest tail	大蛇尾海盗
serpent recruit	双蛇党新兵
serpent rising	升龙击
serpent salute	双蛇党军礼
serpent shot	灵蛇追踪箭
serpent soldier	双蛇党卫兵
serpent veteran	双蛇党老兵
serpent warsteed	双蛇战马
serpent's apple	蛇果
serpent's edge	蛇穿牙
serpent's embrace	白蛇环绕
serpent's fang	蛇牙
serpent's ire	蛇灵气
serpent's jaws	大蛇牙
serpent's kiss	水蛇之矢
serpent's tail	蛇尾术
serpent's throat	海蛇之喉
serpent's tongue	海蛇巢穴
serpent-eye sigil	蛇眼之印
serpentine scourge	灾变吐息
serpentine strike	蛇形冲击
serpents tide	海蛇突进
serrated spin	钩刺急旋
servant enkindle	魔导使魔内力迸发
servant of shadow	影仆从
servant of the sage	齐天大圣的手下
servant roar	使魔咆哮
service route	作业通路
servile snowflake	雪之仆从
servitor's lantern	佣人提灯
servomechanical chimera	自控化奇美拉
servomechanical chimera 14x	自控化奇美拉14X
servomechanical minotaur	自控化弥诺陶洛斯
servomechanical orthochimera	正统自控化奇美拉
servomechanical orthotaur	正统自控化弥诺陶洛斯
seserikku	塞塞力库
set down	放置
set of ceruleum balloons	青磷气球
set of primogs	萌神乐团
setback	驱赶
setebos trench	塞提柏斯海沟
setting the scene	布置剧场
settlement	集落
settling basin	污泥处理池
settling stone	沉石拳
seven flames	烈火七部族
seven hundred seventy-seven whiskers	天晴大鲶音头
seven-shade sands	七色沙滩
seven-spot nanka	七点南加
seven-spot ninki nanka	七点宁基南加
seven-year gnat	悬赏魔物：七龄巨蝇
seventh blade	第七刃区
seventh gate	六天座之门
seventh heaven	第七天堂
seventh passage	炎天冲
seventh sage	七贤堂
seventh sense	第七感
seventh sluice	最终闸区
seventh sun	第七星历
seventh umbral era	第七灵灾
seventh wave	大浪
seventy-seventh wave	滔天巨浪
severaint seven splinter	毒针 塞韦兰
several rare enemies	黄金猫与金库守卫
several thousand needles	几千针刺
severe contamination	强力污染
severe damage	损害扩大
severe snort	超鼻息
severed blizzard iii	魔具联动：冰封
severed dark current	魔具联动：黑暗奔流
severed fire iii	魔具联动：爆炎
severed slug	分裂的蛞蝓
severed string	断弦亭
severed thunder iii	魔具联动：暴雷
severely severed slug	分裂的分裂的蛞蝓
severing fang	菜刀牙
severing head	屏障头
sevestre	司书长 塞维斯塔
sewage deluge	污水泛滥
sewage eruption	污水喷发
sewage wave	臭水波
sewer mole	阴沟鼹鼠
sewer rat	阴沟沟鼠
sewer skink	水道蜥蜴
sewer syrup	阴沟毒液
sewer water	臭水
sextuplet shallow	六子浅滩
shaaloani	夏劳尼荒野
shaaloani station	夏劳尼站
shackle	收束电光
shackled abilities	戒律的光链：能力
shackled apart	离别之锁
shackled healing	戒律的光链：恢复
shackled together	束缚之锁
shackles	束缚
shackles of companionship	近咒魔锁
shackles of fate	铁链束缚
shackles of greater sanctity	戒严的光链
shackles of loneliness	远咒魔锁
shackles of penitence	惩罚的光链
shackles of sanctity	戒律的光链
shackles of time	限时魔锁
shade of fear	恐怖幻影
shade seeker	影火
shade shift	残影
shade shot	暗影弹
shaded approach	六根山林道
shaded bower	树荫东屋
shaded solace	秘宝室
shadefire	影火炎
shadefleet	蓝裂幽陆
shades crossing	暗影交错
shades nest	暗影环
shades of grief	哀苦的遗影
shadesmite	阴影重击
shadespin	阴影回旋
shadethrust	暗影直刺
shadewalker	影渡
shadow and claw	注意无敌的眷属，讨伐大型妖异！
shadow bastion	魔影墙
shadow bat	影蝙蝠
shadow brobinyak	暗影布罗宾雅克
shadow burst	暗影爆
shadow cleave	影裂
shadow crescent	弦月黑龙剑
shadow dahak	暗影扎哈克
shadow dart	暗影投射
shadow dragon	暗影变种龙
shadow eye	暗影之眼
shadow falak	暗影法拉克
shadow familiar	暗影守护精
shadow fang	影牙
shadow fault	落影崖
shadow flare	暗影核爆
shadow gwiber	暗影玲龙
shadow hit by flameshadow	英雄之影受到的攻击：影烈火
shadow hit by implosion	英雄之影受到的攻击：向心聚爆
shadow hit by shadefire	英雄之影受到的攻击：影火炎
shadow kasumi-giri	幻影霞斩
shadow limb	影之手
shadow links	影之脚镣
shadow lord	暗之王
shadow monk	太阴流武僧
shadow of a hero	英雄之影
shadow of attis	阿提斯的光露
shadow of death	死亡之影
shadow of meracydia	美拉西迪亚的怨影
shadow of the ancients	古代人之影
shadow of the body	泡影
shadow of the destroyer	破坏神脚
shadow of the dragon	漆黑龙血
shadow of the sage	齐天大圣的幻影
shadow of tural	民众的幻影
shadow play	影戏
shadow pulse	太阴波动弹
shadow punch	阴影拳
shadow release	影子释放
shadow servant	影仆从
shadow siblings	分身
shadow spawn	影之增殖
shadow spirit pulse	太阴波动弹
shadow split	暗影分裂
shadow spread	暗影扩散
shadow sprite	暗影元精
shadow stream	暗影流
shadow walker	忍隐
shadow wall	暗影墙
shadow warrior	影武者
shadow wing	暗影之翼
shadow wolf	影狼
shadow wraith	暗影幽灵
shadow wreck	暗影毁灭
shadow's cast	暗影投射
shadow's edge	影之斩击
shadow's grasp	妖刀影缚
shadow-dweller yamini	影中暗 雅弥尼
shadow-twin	召唤幻影
shadowbind	定影箭
shadowbite	影噬箭
shadowbite ready	影噬箭预备
shadowblade	暗黑之剑
shadowbolt	暗影雷
shadowbringer	暗影使者
shadowbringers	Shadowbringers -暗影使者-
shadowcaster zeless gah	鬼阴火 泽雷斯·夏
shadowchase	残影剑
shadowclaw	暗影魔爪
shadowcourt handmaiden	忠心女仆
shadowcourt hound	女王爱犬
shadowcourt jester	女王小丑
shadowdash	分身冲刺
shadowdeep	妖火湖
shadowed	影之替身
shadowed city	禁忌废都
shadowed hollow	映照神影之洞窟
shadowed messengers	戒律幻奏
shadowed vigil	暗影卫
shadoweye	暗影之眼
shadowflame	暗影炎
shadowflight	影袭
shadowflow	暗影流
shadowkeep	扯影
shadowkeeper	影之王命
shadowkiller	暗影杀手
shadowlurker	邪灵
shadowreaver	夺影
shadowrun	缚影
shadows of remorse	悔恨之暗
shadows sabbath	黑色安息日
shadows withal	无影之影
shadowsear	影伤
shadowskin	暗影护体
shadowspawn	分身
shadowsphere	暗影晶球
shadowstride	暗影步
shadowstrike	影击
shadowy eruption	影之喷发
shadowy mist	杂染迷雾
shadowy shade	杂染阴影
shadowy sigil	黑暗纹章
shadowy spume	杂染泡沫
shagcoat cat	长绒猫
shaggy shoat	疣猪小子
shake drink	调饮
shale golem	页岩巨像
shallow	地下浅层
shallowclaw reaver	蛇爪海盗
shalloweye	浅瞳
shalloweye reaver	蛇眼海盗
shallows	浅层
shallows monk	浅滩海鬼鱼
shallows ogrebon	浅滩食人鬼鮟鱇
shallows xzomit	浅滩左米特
shallowscale reaver	蛇鳞海盗
shallowtail reaver	蛇尾海盗
sham shinobi	假冒忍者
shambling piece	奇子·蹒跚鬼
shamshir-arm	带刀的岩兽
shantotto the demon	恶魔香托托
shaper-rook	整形堡
shapeshifting bloodsucker	变形吸血怪
shapeshifting supercell	超级细胞变形
shard doblyn	碎晶矿妖虫
shard of emptiness	虚无结晶
shardfall	碎片脱落
shardstorm	冰片飞散
shardstrike	碎片打击
shared grotesquerie	引爆细胞：大爆炸
shared sentence	判决确定：集团罪
shark eye	鲨鱼之眼
shark out of water	逆流而上的飞鲨
sharksucker-class insubmersible	鮣鱼级潜水艇
sharlayan hamlet	小萨雷安
sharlayan mimic	萨雷安拟态怪
sharp gust	锋利之风
sharp spike	锋刺
sharp spindle	锐利纺锤
sharp sting	蜂尾针
sharp strike	突然袭击
sharp taste	重斩波
sharp turn	回转斩击
sharp vision	敏锐视野
sharp vision iii	敏锐视野III
sharp-eyed lancer	眼光敏锐的枪术师
sharpcast	激情咏唱
sharpened knife	锋利菜刀
sharpened rage	怒剑击
sharpened sights	锐利目光
sharpshell of the red	红甲族锐壳兵
sharptongue drip	刺舌滴
sharptooth orobon	利齿鬼鮟鱇
sharptooth piranha	利齿杀手水虎鱼
sharptooth valras	利齿海象
shatotto	黑魔法师瑕托托
shatotto memorial	瑕托托纪念广场
shatter	甲壳破裂
shattered	破碎
shattered back	破碎脊骨
shattered crystal	水晶破裂
shattered lair	魔兽的领地
shattered mana idol	魔力石偶的残骸
shattered remembrance	追忆之柱
shattered sky	紫电清霜
shattered star	坠入沙原的陨星
shattered world	世界分断
shattering cap	破碎爆弹怪
shattering heat	炎击
shattering steel	激发波动
shattering stomp	地裂击
shattersteel	冰晶剑
shatterstone	爆炸岩
shaugi greatshell	巨甲 交杌
shazenkai	车前会所
shearing sheridan	剪刀手谢里登
sheathe weapon	收回武器
sheep song	绵羊曲
sheer force	剑压
sheer heart attack	骤然心痛
sheer will	坚定不移
sheet of ice	寒冰覆盖
shelfclaw chief	礁爪队长
shelfclaw guard	礁爪护卫
shelfclaw reaver	赤爪海盗
shelfclaw sahagin	礁爪鱼人
shelfclaw sentry	礁爪哨兵
shelfeye reaver	赤眼海盗
shelfscale chief	礁鳞队长
shelfscale guard	礁鳞护卫
shelfscale reaver	赤鳞海盗
shelfscale sahagin	礁鳞鱼人
shelfspine guard	礁棘护卫
shelfspine sahagin	礁棘鱼人
shelftooth chief	礁齿队长
shelftooth guard	礁齿护卫
shelftooth sentry	礁齿哨兵
shell crusher	破盾一击
shell mound	即将消失的贝塚
shell shock	铁壳靠
shell shower	龟甲流
shell-dweller	缩壳螺
shellcracker	碎壳击
shelter	守雪人小屋
shelter of the luwatena	猛雕的覆羽
sheltron	盾阵
shelves of cake toppers	装饰柜
shelves of delicacies	水果柜
shelves of frosting	奶油柜
shelves of garnishes	配料柜
sheshenewezi springs	谢申内青磷泉
shibamaru	忍犬柴丸
shiden skyscream	天雷鸣动 紫电
shield bash	盾牌猛击
shield blast	疾风击
shield break	破坏盾牌
shield charge	盾牌冲击
shield dragon	盾龙
shield dragon in waiting	埋伏中的盾龙
shield knight	盾之骑士
shield lob	投盾
shield oath	忠义之盾
shield of the fury	战争神之盾
shield of the heavens	苍天之盾
shield of the sentinels	坚守架势
shield omen	盾型
shield protocol a	防御程序A
shield samba	防守之桑巴
shield skewer	盾牌穿刺
shield slam	盾冲
shield smite	强盾猛击
shield swipe	盾牌重击
shield throw	飞盾
shield wall	铜墙铁盾
shield-bearer	盾型
shield-rapping swordsman	维持守势的剑术师
shieldbearer	持有圣盾
shielding wall	护盾岩墙
shieldsplitter	裂盾劈
shifting altars of uznair	乌兹奈藏宝运河神殿
shifting gaze	魔眼移植
shifting gymnasion agonon	厄尔庇斯育体宝殿
shifting horizon	变转光波
shifting light	变化光
shifting shape	开腹
shifting sky	至天绝技
shifting strike	换位强袭
shiftless seeq bandit	懒惰的席克族盗贼
shifty-eyed merchant	贼眉鼠眼的商人
shifty-eyed poacher	贼眉鼠眼的偷猎者
shifty-eyed prospector	形迹可疑的开山工
shifty-eyed sailor	贼眉鼠眼的海盗
shifty-eyed vagrant	贼眉鼠眼的无赖
shikigami	式神
shikigami kiyofusa	式神清房
shikigami koja	式神高加颅
shikigami of the pyre	火之式神
shikigami of the spring	泉之式神
shikigami of the undertow	水之式神
shikigami sharin	式神车轮
shikigami tenma	式神天魔
shikigami yoki	式神妖鬼
shikitahe shellspinner	接应者 床单
shimmering shot	闪烁箭
shimmering stage	虹彩演舞台
shimmerstorm	魔术风暴
shimmerstrike	魔术强袭
shin-getsubaku	新月爆
shin-zantetsuken	真·斩铁剑
shin-zantetsuken containment unit	真·斩铁剑封印区
shine braver	光明斩击
shingan	真眼击
shining amber	琥珀之光
shining armor	闪光护甲
shining blade	光芒剑
shining cells	光炎监狱
shining emerald	绿宝石之光
shining encouragement	鼓劲
shining moonstone	月长石之光
shining saber	光芒刃
shining shot	光水弹
shining summon	召唤金光
shining sun	法厄同之阳
shining topaz	黄宝石之光
shining wave	光芒波动
shinkyugan	秘药：心球丸
shinobi	忍兵复制体
shinryu	神龙
shinryu paradox	神龙
shiny spring	冰柱洞
shiny summoning	魔石召唤
shiokaze hostelry	潮风亭前
ship graveyard	船舶墓场
shipment of brass cogs	打桩塔的资材
shipping crate	装商品的木箱
shipwreck shoal	吞船沙洲
shirahadori	空手接白刃
shirakumo hot springs	白云温泉
shirakumo hot springs subdivision	[扩建区]白云温泉
shiranui	不知火
shirogane	白银乡
shirogane shores	白银滨
shirogane shores subdivision	[扩建区]白银滨
shirogane subdivision	[扩建区]白银乡
shiromaru	忍犬白丸
shishigashira	狮子头
shishio	狮子王
shishioji	狮子王子
shishu apa	紫州阿帕斯
shishu chochin	紫州提灯
shishu daitengu	紫州大天狗
shishu dorotabo	紫州泥田坊
shishu fuko	紫州风犼
shishu furutsubaki	紫州古椿精
shishu hitodama	紫州人魂
shishu hoko	紫州彭侯
shishu irakusa	紫州刺草
shishu izumo	紫州出云
shishu jumokko	紫州树木子
shishu kiyofusa	紫州清房
shishu koja	紫州高加颅
shishu kosamebo	紫州小雨坊
shishu kotengu	紫州小天狗
shishu kuzuri	紫州狼獾
shishu mifune	紫州三船
shishu onmitsu	紫州隐密
shishu onmitsugashira	紫州隐密头领
shishu raiko	紫州雷犼
shishu sai taisui	紫州赛太岁
shishu sharin	紫州车轮
shishu tenaga	紫州长手精
shishu wanyudo	紫州轮入道
shishu white baboon	紫州狒狒
shishu yamabiko	紫州山彦
shishu yamawaro	紫州山童
shishu yoko	紫州妖虎
shishu yuki	紫州幽鬼
shisui gokagura	紫水御神乐
shisui temple	紫水祭殿
shisui yohi	紫水妖妃
shivering soul	颤抖的灵魂
shoal iwamushi	浅滩岩虫
shoal rock	冲之岩近海
shoalclaw sahagin	滩爪鱼人
shoalscale sahagin	滩鳞鱼人
shoalspine sahagin	滩棘鱼人
shoaltooth sahagin	滩齿鱼人
shock blast	震荡爆雷
shock cannon	冲击炮
shock missile	冲击导弹
shock sphere	放电晶球
shock spikes	电棘屏障
shock storm	雷风
shock strike	轰雷
shock therapy	电气冲击
shockbolt	雷电震击
shocked	震荡
shocked citizen	没能逃走的居民
shocking abandon	放纵冲击
shocking conception	雷兽的概念
shocking counter	雷属性反击
shocking cross	十字放电
shocking discharge	高压放电
shocking force	高压放电
shocking plumage	羽翼震击
shocking slash	雷电崩裂
shockmaw	肖科莫
shockobo	陆行鸟玩偶
shockwave	震荡波
shockwave pulsar	脉冲星震波
shockwave stomp	踩踏怒震
shoebill	鲸头鹳
shogunyan	武士猫
shojo sanctum	圣净院本堂
shoot hard	强硬射击
shoot harder	更强硬射击
shooting star	流星
shore jellyfish	海滨水母
shore of far sight	望樱湖畔
shore shaker	地动岸摇
shore slug	海岸蛞蝓
short burst	爆裂射击
short end	如意烈风突
short fuse	近距引爆因子
short good-bye	硬派的告别
short needle	小型导弹
short pier	小防波堤
short-range missile	短途导弹
short-tempered thaumaturge	语气刻薄的咒术师
shortsword and sorcery	圆形魔法剑
shorttail sibilus	短尾蛇蜥蜴
shortwave maser	短波激射
shot in the dark	单手射击
shot put	投球
shots fired	一齐扫射
shoulder cannon	肩负式加农炮
shoulder tackle	罗刹冲
show left	展现左侧
show of strength	勇士的咆哮
show right	展现右侧
shower power	哗啦哗啦
shrapnel	榴霰弹怪
shrapnel impact	残骸坠落
shrapnel shell	榴散弹
shredder	破碎金龟
shrewd subject	速射尸人兵
shrill peal	尖叫
shrill shriek	绝叫
shrine of ru'avitau	路·阿维塔乌神殿
shrine of spheres	球像神殿
shrine of the goetic	神谕祭坛
shrinking circles of ablution	环圆双水流
shriveled talon	猛禽联盟遗骸
shroombed	菌床
shroud guide	枪术师护卫
shroud hare	森林兔蝓
shroud mandragora	黑衣蔓德拉
shroud of darkness	暗黑羽衣
shroud of eons	英灵的加护
shroud of saints	女神的加护
shroud of the samgha	众僧林园
shroudbee swarm	蜜蜂群
shrouded bridge	浓雾行路
shrouded holy	暗影神圣
shrouded laboratory	机密研究所
shrouded lady	鲜艳的蝴蝶
shrouded luminescence	幻煌光
shrouded sanctum	隐藏房间
shshuye	跃阳兔
shudder	震荡的灵魂
shuddering impact	大振动
shuddering soul	震荡的灵魂
shuddering swipe	强震击
shudra ambusher	首陀罗伏兵
shuffle or boogie	夏弗还是布吉
shugen tengu	修验天狗
shukuchi	缩地
shunned shiranui	彷徨的不知火
shut eyes	表情：闭目
shutdown	关闭
sibilus	蛇蜥蜴
sibling revelry	兄妹同心
sicard the last word	判罪人 希卡尔多
sicilis praetoriana	禁卫螳螂
sicinius the methodical	魔导技师长 西西尼乌斯
sick swell	惊涛骇浪
sickest take-off	破势乘浪
sickle slash	镰刀挥舞
sickle strike	镰刀强击
sickly flame	污浊火焰
sickly inferno	污浊豪炎
sickly sneeze	患病喷嚏
side cannons	侧面机关炮
side gardening	侧方鞭打
side step	侧步
sidelong glance	妖气变化
siderays	侧边射线
sidescathe	侧面扫射
sideslip	侧滑
sidestep	侧闪
sidestriking spin	侧方旋转攻击
sideswing	大锤横扫
sideswipe	侧扫
sidewinder	侧风诱导箭
sidewise slice	龙颈横扫
sidewise spark	侧方电火花
siege engine	攻城锤
siege goobbue	刺笼古菩猩猩
siege of vollok	无敌之环
siegfried	齐格弗里德
siehnam	谢那姆鹿
sifting site	滤石设施
sightseeing log	探索笔记
sigil of the harvest	丰收之印
sigils of discord	失调的判纹
sigmascape koja	西格玛高加颅
sigmascape roader	西格玛魔导机车大魔
sigmascape v1.0	西格玛幻境1
sigmascape v2.0	西格玛幻境2
sigmascape v3.0	西格玛幻境3
sigmascape v4.0	西格玛幻境4
signal flare	烽火连天
signifer praetorianus	禁卫旗手
sii-iii	SII-III号
sil'dih excavation site	希拉狄哈遗迹
sil'dihn armor	希拉狄哈恶魔装甲
sil'dihn dhruva	希拉狄哈陀鲁婆
sil'dihn dullahan	希拉狄哈无头骑士
sil'dihn golem	希拉狄哈巨像兵
sil'dihn hollow	希拉狄哈空洞骑士
sil'dihn python	希拉狄哈巨蚺
sil'dihn spriggan	希拉狄哈魔石精
sil'dihn subterrane	希拉狄哈水道
sil'dihn throne	希拉狄哈王座
sil'dihn urolith	希拉狄哈乌洛里石
sil'dihn visage	希拉狄哈咒像
silence	宁静冰洞
silence of the br'aax	狞豹的寂静
silence resistance	沉默无效
silenced	能力封印
silencer	沉寂
silencing cant	清扫魔咒
silent arbor	沉默花坛
silent cliffs	无言崖
silent dusk	月光的沉默
silent eight	八叶回响
silent garden	沉默庭院
silent heat	灼热回响
silent king	不语王像
silent lackey	阿茶菲因的手下
silent levin	热雷
silent lightning	热界雷
silent monopteros	思考者圆亭
silent moss the solemn	女帝 赛伦特·莫斯
silent nocturne	默者的夜曲
silent prayer hall	不祷的拜殿
silent regard of stars	静寂的星空
silent roar	双豹击
silent scream	无声尖叫
silent takedown	终招
silent torrent	奔流
silent whistle	通灵之术
silhouette	重影
silken fingers	吸引
silken flow	非对称投掷
silken puff	羽衣精的绒球
silken spray	喷吐蛛丝
silken symmetry	对称投掷
silkmoth	丝蛾
silkscreen	蛛网屏
silkspit	喷吐丝网
silt golem	淤泥巨像
silt pump	泥水泵
silvairre the virtuous	德行者 西尔瓦尔
silvan throne	雪兽皇座
silver axe beak	银斧喙魔鸟
silver bazaar	白银集市
silver bazaar docks	白银集市码头
silver bullet	银色子弹
silver canal	白银水路
silver cannon	老化炮
silver coblyn	银矿爬虫
silver dasher	银山雀儿
silver falcon	银隼
silver flame	白银闪火
silver fox	银野狐
silver fuller	银剑之灵
silver lobo	奥阔银狼
silver mirror	月霜
silver scourge	白光之鞭
silver shot	白光之矢
silver sickness	老化
silver sledge	白光之锤
silver spear	白光之枪
silver stake	白光之钉
silver sword	白光之剑
silver tears	银泪
silver wolf	银狼
silver-white sands	无名沙滩
silvered edge	妖刃乱流
silvered fate	白银之咒
silverscales lurker	光鳞潜伏者
silverscales pontificator	光鳞训话者
silverscales sabreur	光鳞刀兵
silverscales sophist	光鳞诡辩者
silverscales stabler	光鳞畜棚主
silverscales warder	光鳞看守
silverscales zenist	光鳞禅师
silvershell	银壳蟹
silvertear cobra	银泪眼镜蛇
silvertear falls	银泪湖
silvertongue samidare	诡辩长舌 五月雨
silvology	密林小路
simple bomb incubator	简易爆弹怪培育炉
simulated rage	生气表情
simultaneous activation	多重启动
simurgh	西牟格
simurgh's strider	阔步西牟鸟
sin bearer	罪积蓄
sin beaver	罪河狸
sin of meracydia	美拉西迪亚的罪恶
sina burst	暗以太爆发·贰
sinblaze	罪烈焰
sinbound blizzard iii	罪冰封
sinbound fire	罪火炎
sinbound fire iii	罪爆炎
sinbound holy	罪神圣
sinbound meltdown	罪熔毁
sinbound thunder iii	罪暴雷
sinburst	罪恶爆发
singha cub	小僧伽
singin in the rain	滴沥滴沥
singing path	耳根险道
singing shards	歌咏裂谷
singing stone	祭阳神殿遗址
single buster	破坏炮击
single charge	单发填充
single mind	聚精会神
single standard finish	单色标准舞步结束
single step	福德狭路
single style	单手涂鸦
single technical finish	单色技巧舞步结束
singular apocalypse	单一启示
singularity echo	压缩世界的残响
singularity fragment	压缩世界的断片
singularity gaol	压缩块
singularity reactor	奇点反应堆
singularity ripple	压缩世界的波纹
singularity trace	压缩世界的痕迹
sinister	左邪蛇
sinister bubble	怪异泡沫
sinister eye	邪眼
sinister gleam	邪光
sinister seeds	种弹播撒
sinister sight	诅咒目光
sinister spark	魔炎
sinister sphere	邪恶晶球
sinister subject	毒手尸人兵
sinister tide	迷潮
sinistral icecleave	左侧冰刃斩
sinking	下沉
sinking arrogance	沉沦的傲慢
sinking cynicism	沉沦的讥讽
sinking desire	沉沦的欲望
sinking dishonesty	沉沦的欺诈
sinking dissension	沉沦的争执
sinking imparity	沉沦的不公
sinking impatience	沉沦的焦躁
sinking partiality	沉沦的偏袒
sinking regret	沉沦的后悔
sinking resentment	沉沦的愤恨
sinking rivalry	沉沦的对立
sinking sanctuary	沉没圣堂前
sinsight	罪光
sinsmite	罪雷
sinsmoke	罪炎
sinsphere	罪恶晶球
sinspitter	吐出罪孽
sinus ardorum	憧憬湾
sinus lacrimarum	泪湾
sinus tormenti	苦湾
siphon snout	鼻吸
siren piece	奇子·塞壬
siren song	诱惑之歌
siren sphere	音球
sirensong sea	妖歌海
sirensong spectral current	妖歌海海面幻海流
sirius elbst	天狼星水龙蜥
sirius leech	天狼星水蛭
sirius pugil	天狼星陆鱼
sirius screamer	天狼星尖叫雕
sirius uragnite	天狼星乌菊石
sirocco	西洛可
sisiutl	西斯尤
sister wulfiue	伍尔夫尤法师
sisyphus	西西弗斯
sit on ground	坐下到地上
sit-ups	仰卧起坐
six fulms under	下陷
six-bladed khadga	三头六臂：断
six-handed fistfight	窝里斗
six-sided star	六合星导脚
sixth blade	第六刃区
sixth sluice	第六闸区
sixth trumpet	前进之号
sizable seeq bandit	大块头席克族盗贼
sizable slug	巨大蛞蝓
sizzlebeam	哥布式波动炮
sizzlespark	哥布林电火花
skainsmate	持剑女妖
skalla nanka	斯卡拉南加
skalla soblyn	斯卡拉盐爬虫
skallic uolosapa	斯卡拉乌洛萨帕
skatene	斯卡尼特
skeleton noble	贵族尸鬼
skeleton soldier	尸鬼士兵
skewering lance	穿刺枪
skilled samurai	武艺精湛的武士
skimmer	蚂螂
skineater surge	祭器之魂：毒液波
skinflayer	灭尽
skinless deckhand	尸鬼甲板员
skinless skipper	尸鬼海员
skinsplitter	蜕鳞
skip program	跳跃加载
skittering spider	疾行蜘蛛
skogs fru	花林女郎
skulking orders	处刑令
skull dasher	铁颅猛击
skull sunder	裂骨斩
skull valley	骷髅谷
skullbreaker	碎颅
skullcrush	坚颅头锤
skullduggery	奸计
skulls blade	骷髅连队剑击士
skulls mage	骷髅连队魔击士
skulls spear	骷髅连队枪击士
skullsplinter	粉身碎骨
skvader	斯科维德
sky armor reinforcement	魔导浮空装甲支援型
sky blue back	天蓝背魔鸟
sky high	冲天
sky level	顶层
sky shatter	天穹破碎
sky unsundered	远古的天空
sky's the limit	极限槽增长
sky-high drive	高空打击
skyblind	苍穹刻印
skyborne	天之力
skybound	连云去路
skybound emerald	森林与地底的交界
skybound sea anemone	游荡海风花
skybuilders board	重建公告板
skydeep arrowhead	天坑箭头螈
skydeep banshee	天坑班西
skydeep cenote	深空天坑
skydeep cenote inner chamber	深空天坑最深处
skydeep cobra	天坑眼镜蛇
skydeep ghost	天坑幽灵
skydeep haunt	天坑鬼灵
skydeep horror	天坑恐惧
skydeep living rock	天坑巨石
skydeep packer	天坑包工
skydeep quarrier	天坑石工
skydeep specter	天坑妖影
skydeep spider	天坑蜘蛛
skydeep stonemason	天坑石匠
skydeep vessel	天坑器皿
skydive	天降
skydragon dive	苍天龙炎冲
skydrive	天空打击
skyfall	世界消亡
skyfire locks	天火要塞群
skyfront	巡天路
skygazer	观天怪鸟
skylift	天梯
skylight	星天光
skylight cross	星天十字
skylords	天王
skypiercer	通天山
skyrending strike	风烈天破斩
skyrending swing	风烈天破斩
skyrise	天穹同庆
skyruin	拥有生命的天灾
skyshard	苍穹破碎
skyslipper	气垫船
skysteel engineer	天钢机工房的工匠
skysteel machinist	天钢机工士
skysteel manufactory	天钢机工房
skysteel tools	天钢工具
skysteel workshop	天钢机工房分馆
skyward leap	穿天
skyward swing	天临
skywatcher	天气预报员
skywheel	观光车
slabber	唾液飞溅
slam shut	监狱封闭
slaminator	野蛮冲
slammer	撞角头
slapstick	闹剧
slash and burn	火焰旋爪
slashburn	刀击火种
slasher	利刃豹
slashing resistance down	斩击耐性降低
slashing wind	镰鼬之风
slate golem	板岩巨像
slate mountains	板岩连峰
slate yeti	板岩大脚雪人
slaughter	猛焰【破】
slaughtershed	喋血
slave bit	泰空浮游炮
slave to the beast	洪巴巴的奴隶
slayous snicker-snack	杀掉人的疾风
sledgehammer	三重猛击
sledgehammer beak	大锤喙魔鸟
sledgemagic	魔法长柄大锤
sleep now in sapphire	飞翔吧，前往维尔利特！
sleep resistance	睡眠无效
sleepaway common	休憩广场
sleepga	强催眠
sleeping dark	睡眠·阴
sleeping light	睡眠·阳
sleeping stones	睡石矿场
sleepless citizen	害怕魔物而失眠的市民
sleepless vigil	不眠的野营地
sleepy hollow	沉睡谷骑士
sleet trap	雨雪陷阱草
sleetvolley	雨雪齐发
sleeve draw	袖内抽卡
sleight	诡计
sleight of hand	小丑的戏法
sleipnir	斯莱普尼尔
slender spines	针刺
slice n dice	斩切
slice n strike	斩切再开炮
slicing sickle	月牙割杀
slickened slime	润滑
slickred drainage ducts	公开处刑塔前
slickshell captain	红甲族水兵长
slickshell of the red	红甲族水兵
slicktrix the gobnanimous	多面玲珑 斯里克崔克斯
sliding swipe	冲锋斩击
slime puddle	粘液胶
slimy summon	召唤粘液怪
slip of the tongue	滑跃
slipjaw ogre	虎钳食人魔
slipkinx steeljoints	机工兵 斯利普金克斯
slippery armadillo	滑溜犰狳
slippery ground	湿滑地面
slippery prey	非目标
slippery scatterscourge	猛冲洒毒
slippery slope	湿滑坡面
slippery soap	泡泡滑行
slipping	螺旋气流中
slipsand	滑沙
slipstream	螺旋气流
slither	蛇尾抽击
slitherbane foreguard	前尾祸剑击
slitherbane rearguard	后尾祸剑击
slitherbough	蛇行枝
slithering strike	蛇行强袭
slithertwine	滑藤大口花
slow deflagration	低速爆轰
slow play	慢动作
slow resistance	减速无效
slow wash	慢水涤
slowball	慢速球
slowcall	减速咒
slowroad	缓慢道
sludge bomb	泥浆炸弹
slug piece	奇子·蛞蝓
slug shot	独头弹
slumber breath	催眠吐息
slumber cloud	麻痹孢云
slumber eternal	永眠
slumbering canopy	假寐厅堂
slumbering dragon	微睡巨龙
slumping plunge	热弯瀑布
slush zoblyn	融雪矿怪虫
smackdown	折服
small biped	小型二足
small bomb	小炸弹
small boulder	小块岩石
small claw	小钢钳
small exploder	小型自爆
small flyer	小型飞行体
small for one	集合！
small specimen	小陨石
small spore sac	小型孢囊
small spring	山泉
small stubby	小型短足
small-bore laser	小口径射线
smaller stubby	机械生物
smallfoot sifaka	小脚冕狐猴
smallmouth orobon	小口鬼鮟鱇
smallshell	小壳蟹
smart bomb	智能爆弹怪
smartbomb	超高性能炸弹
smash axe	碎击斩
smash here	近侧挥打
smash there	远侧挥打
smashdown	铸兵猛攻
smashing blow	碎震强击
smashing stamp	粉碎重踏
smelting	震动波
smileport	面带微笑的正门
smileton	笑笑镇
smiley daphnia	微笑的月蚤
smiley dynamite	微笑的炸药怪
smiley face	微笑的诅咒
smiley kisser	微笑的强吻蛭
smiley lunatender	微笑的月面仙人刺
smiley metalloid	微笑的准金属
smiley panopt	微笑的帕诺普特
smiley regolith	微笑的月壤
smiley scraper	微笑的刮削机
smiley supporter	微笑的协助机
smiley sweeper	微笑的清扫者
smiley thinker	微笑的思考之物
smiley wanderer	微笑的彷徨之物
smiley weeper	微笑的叹息之物
smilodon	斯剑虎
smite of excessive rage	狂怒一击
smite of fury	愤怒的一击
smite of gloom	黑暗一击
smite of rage	愤怒一击
smiting circuit	回旋惩击
smiting left	左手死亡猛击
smiting left sequence	左手猛烈连击
smiting right	右手死亡猛击
smiting right sequence	右手猛烈连击
smoke and mirrors	分烟法
smoke bomb	烟雾弹怪
smoke rings	烟管圆击
smoke screen	烟雾弹
smoke stack	集烟法
smokeater	噬霞
smoked soblyn	烟熏盐爬虫
smoking gun	超强硬射击
smolder	燃烧的灵魂
smoldering	喷烟燃烧
smoldering bedchamber	睡火之间
smoldering claw	炽热爪
smoldering damnation	喷烟地狱
smoldering dragon	闷烧巨龙
smoldering scales	火鳞甲
smoldering soul	燃烧的灵魂
smoldering wastes	荒烟野地
smolenkos	地狱之眼
smothering tsunami	溺没大海啸
smothering waters	溺没之兆
smoulder	熏灰
snagging	钓组
snake eater	噬蛇者
snake scales	蛇鳞术
snake shot	蛇扫弹
snake's bane	蛇血
snakehead punch	蛇头刺
snakemolt	蛇蜕林
snakemolt bat	蜕皮蝙蝠
snakemolt treant	蜕皮树精
snaking flame	热气流
snaking kick	回旋蛇踢
snaking necrobreath	广域僵尸吐息
snap jaw	撕咬
snap punch	崩拳
snapcannon	机关炮
snapjaw	利颚巨鳄
snapmint	薄荷叶捕捉草
snapper-rook	响声堡
snapping shrew	猛烈鼩鼱
snapping spell	猛推
snapscales	断鳞龙
snapweed	捕捉草
snatch morsel	夺食
sneak attack	出其不意
sneaky hollow	魔人的藏身之处
sneaky poacher	狡猾的偷猎者
snegovik	雪小孩
sniffing seeq bandit	大鼻子席克族盗贼
sniffling sarracenia	被吸引的避阳之花
sniper cannon	狙击式波动炮
sniper cannon fodder	狙击式波动炮
sniper shot	狙击
snipethoom	狙击
snipper	利螯陆蟹
snipping shrew	利剪鼩鼱
snoegeim museseeker	一心一念 斯努盖姆
snoll piece	奇子·雪弹怪
snortsault	鼻息大回旋
snow aurelia	雪地海月水母
snow bee	雪花
snow boulder	大雪球
snow drift	风雪
snow flurry	急风雪
snow fort	雪精的祝福
snow queen	雪之女王
snow slug	雪地蛞蝓
snow spirit	雪精
snow spray	喷雪
snow squall	雪风暴
snow wolf	雪地白狼
snow wolf pup	雪地白狼幼崽
snowball	雪球
snowball flight	雪球狂奔
snowblind	雪烟
snowbloom	雪华斩
snowblown goobbue	吹雪古菩猩猩
snowcap	大雪山
snowcloak	披雪大冰壁
snowcloak goobbue	披雪古菩猩猩
snowcloak wolf	披雪白狼
snowclops	独眼雪巨人
snowdust sweep	扫雪
snowfall	降雪
snowline rollick	雪中鬼灵精
snowman	雪人
snowmelt	雪水泉
snowmelt sprite	融雪元精
snowpierce	冰枪突刺
snowpuppy	雪地蝾螈
snows of bozja	博兹雅冰结
snowscoop	生成雪球
snowshoe mouse	雪足山鼠
snowsoak springs	浸雪浴场
snowsteep springs	融雪温泉
snowsteep springs subdivision	[扩建区]融雪温泉
snowstorm	暴风雪
snowstorm bateleur	雪暴短尾雕
snowstorm goobbue	雪暴古菩猩猩
snowstorm sprite	雪暴元精
snowstorm yeti	雪暴大脚雪人
snowstreamer	陪伴雪人
snuffling mourner	被吸引的哀悼者
snuggle	唰
so'sanuwa	腾云风蛇
soaking splatter	水爆弹
soaking wet	湿透
soaping spree	泡泡总动员
soapsud static	电气交错
soaring	气势
soaring minuet	小步舞箭
soaring revolution	天翔脚
soaring shark	兴奋的飞鲨
soaring soulpress	碎魂跃
soaring spear	投枪
soaring thrust	飞枪
sobbing sapling	抽泣花苗
soda-lime float	碱石灰河
soft marine	冲动的海兵
soft-spoken lancer	温厚的枪术师
softshell of the red	红甲族软壳兵
softskin peiste	软皮毒蜥蜴
sogenbi	丛原火
sogyoku piscary	苍玉鱼园
sohr khai	忆罪宫
sohr khai anzu	忆罪安祖
sohr khai anzu egg	忆罪安祖蛋
sohr khai buzzard	忆罪秃鹫
sohr khai cockerel	忆罪安祖公雏鸟
soil bed	沃土寝室
soil coat	泥土外衣
soil sift	翻地
soil smear	毒手
sokhatai	索阔哈台
solar bahamut	烈日巴哈姆特
solar eclipse	日蚀斩
solar fans	红炎扇刃
solar flair	红炎爆尘
solar flare	炽热冲击
solar flarethrower	宇宙火焰喷射器
solar fold	红炎斩
solar ray	太阳射线
solar storm	太阳风暴
solar wings	两翼红炎风
soldado piece	奇子·士兵
soldier avatar	士兵的分身
soldier bee cloud	兵蜂云
soldier crawler	毛爬虫兵虫
soldier gazellehawk	羚鹰蜂兵蜂
soldier hawk	鹰蜂兵蜂
soldier of nym	尼姆士兵
soldier on duty	堆堆中雪人
soldiers effects	追击部队的遗物
soldiers of death	召唤阴兵
soldiers of fridgeration	堆堆雪人
soldiery gallery	兵器展示层
sole survivor	岿然独存
solemn charge	急冲刺
solemn confiteor	庄严悔罪
solemn trinity	制止三方混战的巨人族，守住遗物！
solemn vow	不杀的誓言
solicit siphon snout	鼻吸指示
solid ascension	实体升天
solid barrel	迅连斩
solid leverage	撬动
solid reason	石工之理
solid shield	物理盾
solid souls caliber	魂剑之实
solid stone	坚岩
solidifying secretion	硬化分泌物
solitaire ring	指环之钻
solitary pavilion	僻静的凉亭
solitary studio	画室之间
solitary swineling	内向的波奇小弟
solkwyb the enlightened	祝福人 索尔克维布
solkzagyl the loyal	忠勇的索尔克扎吉尔
solo step	拂晓之谊
solosplice	单独概念排斥
solution nine	九号解决方案
solution nine aetheryte plaza	以太之光广场
somanoutic barrier	魔法障壁
somatic tyrant's fire iii	融合：暴君爆炎
somber dance	真夜舞蹈
somber melody	忧郁旋律
somber swineling	忧郁的波奇小弟
sombre mimic	昏暗拟态怪
someone familiar	很眼熟的人
someone's grudge	某人的怨恨
somersault	筋斗踢
somersault slash	空翻斩
somewhat-familiar marauder	很像行会会长的人
somewhere only she knows	旅行画家的幻想旅程
somnambulant bhoot	梦游浮灵
somnambulism	梦游病
son of imdugud	伊姆都古德之子
son of saint coinach	圣寇伊纳克财团的调查员
son of the keeper	幻龙子嗣
son of the kingdom	身穿甲胄的骑士
song of bravery	勇气之歌
song of durance	牢之诗
song of fire	燐之诗
song of kings	列王之歌
song of oblivion	虚之诗
song of ox'gatorl	奥奇斯加托尔之祭坛
song of sorrow	泪之诗
song of the punutiy	海牛之声
song of torment	苦闷之歌
song rune	旋风符文
songbird	小黄莺之舞
sonic amplifier	音爆增幅器
sonic arrow	音爆箭
sonic bloop	杂音波
sonic boom	音爆
sonic break	音速破
sonic howl	音嚎
sonic shatter	音碎
sonic storm	音速风暴
sonic thrust	音速刺
sonny of ziggy	瑞吉之子
sonorous blast	洪亮巨响
soot creek	污流
soothing glimmer	治愈光辉
soothing potion	镇痛恢复药
soothing sea-beast	软软的海兽
soothing shadow	虚无之疗影
soothing song	镇静之歌
sophic lanner	睿智猎鹰
sophie the steadfast	万物流转 苏菲
sophist	诡辩者
sophrosyne	节德
soporific	沉眠
soporific gas	安神毒气
soranus duo	茱莉亚&安妮亚
sorcerer's interstice	聚魔洞窟
sorcerous shroud	黑暗帷帐
sordid steam	邪恶蒸汽
soroban	算盘
sorrel haven	酸模避风港
sorrow's hourglass	悲伤的沙漏
sorrowful citizen	绝望的声音
sorry sutler	流浪的酒保商人
sort pet hotbar	特殊热键栏技能排序
sort-of dread gaze	恐怖视线？
soteria	拯救
sothton walls	南方墙壁
sothwatch	望云塔
sotormurg	鸵鸟
soul aflame	狱炎弹
soul and body	身心
soul binding	灵魂束缚
soul burst	灵魂爆发
soul center	灵魂管理室
soul charge	灵魂充能
soul collector	虚无收魂魔
soul conveyance circuit	灵魂资源输送通道
soul crush	咒具碎魂
soul crystal	守护者的灵魂水晶
soul douse	失魂
soul drain	吸魂
soul extraction facility	魂魄抽离室
soul grasp	攥魂
soul kinship	咒具本能
soul management division	魂魄管理区
soul nebula	灵魂星云
soul of chaos	混沌之魂
soul of devotion	巫女的思念
soul of fire	属性偏转：火
soul of friendship	盟友的思念
soul of ice	属性偏转：冰
soul of the beast	野兽之魂
soul of the creator	亚历山大之魂
soul of the mage	魔法师之魂
soul of the martialist	武术家之魂
soul overflow	灵魂超载
soul processing division	魂魄加工区
soul purge	灵魂净化
soul reaper	灵魂收割者
soul reaping	青魂
soul reaver	妖异之镰
soul research division	魂魄研究区
soul resonance	灵魂共鸣
soul sacrifice	灵魂献祭
soul scythe	灵魂钐割
soul slice	灵魂切割
soul steal	灵魂窃取
soul strand	精神分离
soul stranded	幽体離脱
soul sugar	糖糖之魂
soul surge	灵魂涌动
soul sweep	收割者的横扫
soul tether	追魂炮
soul vacuum	真空吸魂
soul vessel	魂器
soul's measure	天平的试炼
soul's release	古魂的解放
soulbane saber	祸魂剑
soulbane shock	祸魂冲击
souldeep invisibility	绝脉隐形
souleater	噬魂斩
soulfix	咒枪穿刺
soulflash	古魂的勇猛
soulless adventurer	无魂冒险者
soulless agent	无魂代理人
soulless chrisom	无魂白灵
soulless knight	无魂骑士
soulless page	无魂侍从
soulless pathfinder	无魂寻路人
soulless researcher	无魂搜寻者
soulless stream	无魂光流
soulmate	挚友
souls of war	幻蝶召唤
soulscald	灭土烧尽
soulshade	灵魂之影
soulshock	灵魂震荡
soulsow	播魂种
soulsteal	窃魂
soulsucker imp	吸魂小魔精
soulweave	灵魂飞掠
sound of heat	灼热之言
sound of the end	终结之音
sound pole	强极海滩
sound studio	音乐室
soundstorm	声暴
soundwave	声波
sour belch	反酸
sour sough	飒飒酸弹
south banepool	灾祸池南
south bloodshore	南鲜血滨
south bronze lake	石绿湖南岸
south drybone	枯骨南泉
south face	南坡
south falcon tower	南猎隼塔
south hammer	二号打桩塔
south horn	新月岛南部
south lake tusi mek'ta	蛇水湖南
south longmirror lake	身镜湖南
south mercenary base	南佣兵基地
south mjrl's regret	缪栎的乡愁南部
south raven tower	南渡鸦塔
south shadowdeep shore	妖火湖南岸
south shroud	黑衣森林南部林区
south shroud landing	森南飞艇坪
south shroud opo-opo	南森奥猴
south star	南极星
south tidegate	南防波堤
south tidegate grieve	鱼人南部队长
south wind	南风
southdown heath	南部平原
southeast derelicts	废船街东南
southeast source	始源湖东南
southeast well	基地东南水池
southeastern pavilion	东南空域
southeastern shirogane	白银乡东南区
southerly boreneus	偏南北风航
southerly shift	换位强袭·南
southerly zephyrneus	偏南西风航
southern akyaali	白滨村南部
southern cross	南十字星
southern crossing	南渡桥
southern diadem lake	云冠西南池
southern enclave	多玛飞地南（栗斋学堂）
southern entrenchment	南部堑壕区
southern great runoff	遗烈乡南部
southern hills of amber	南琥珀丘
southern islands	南部管区
southern mare lamentorum	叹息海南部
southern merlthor spectral current	梅尔托尔海峡南幻海流
southern onsal hakair	昂萨哈凯尔南部
southern plateau	南部台地
southern pyre	南炎
southern seas colibri	南海蜂鸟
southern shirogane	白银乡南区
southern shirogane subdivision	[扩建区]白银乡南区
southern star	南极星
southern strait of merlthor	梅尔托尔海峡南
southern thanalan	南萨纳兰
southron star	星宿波
southwestern ice needles	冰针西南
southwestern isle of ken	贤岛西南侧
southwestern pavilion	西南空域
southwestern shirogane	白银乡西南区
southwestern shirogane subdivision	[扩建区]白银乡西南区
southwestern wind	恶灵之风
sovereign scar	重冲波
sowing circle	耕作轮转
sowing dread	播撒惊恐
sowing fear	播撒惊慌
sowing panic	播撒恐慌
spae rock	亡灵岩场
spaeshell of the red	红甲族预壳兵
spagyrics	炼金医疗馆
spandule	斯潘杜尔
spangencrab	钩蟹
spanner-rook	跨越堡
spare body	备用的躯体
spare lung	腐坏的肉
spare soul	备用的灵魂
spare will	备用的意志
spareful hand	熟练妙招
spark arrow	火光箭
spark grenade	电光榴弹
spark iii	电火花III
spark of dynamis	潜能量的光辉
spark of hope	潜能量的光辉
spark of imagination	魔术电火花
spark of life	生命的光芒
spark sphere	火花晶球
sparkfledged	火灵鸟
sparking current	电流火花
sparking fissure	对地放电
sparking flare	核爆火花
sparkling intensifies	闪闪波动喵
sparkling odqan	闪烁斡德罕
sparkling sprinkling	降霜
sparks of condemnation	狱炎火花
sparksteel	灼炎剑
sparkstorm	雷云霹雳
spartoi	地生人
spatial tactics	立体炸弹战术
spawn shadow	影之增殖
spawning adamantoise	产卵精金龟
spawning jungle orobon	产卵丛林鬼鮟鱇
spawning lesser apollyon	产卵小亚波伦
spawning mantis shrimp	产卵螳螂虾
spawning megalocrab	产卵巨型陆蟹
spawning ophion	产卵兽身异蛇
spawning orobon	产卵鬼鮟鱇
spawning tatsunoko	抱卵的龙之子
spawning tolba	产卵托尔巴龟
spd down	速度降低
speaker's realm	神子的祭场
speaking monopteros	讨论者圆亭
speaking stone	说话的石头
spear drawn	战争神之枪（抽卡）
spear held	战争神之枪（暂留）
spear jab	枪突刺
spear lift	冰天宫升降室
spear of paradise	乐园之枪
spear of the fury	战女神之枪
spear of thunder	闪雷枪
spear sequence	连枪突刺
spear-shaking adventurer	枪术师冒险者
spear-wielding heretic	异端者枪术师
spearfisher's intuition	刺鱼人的直觉
spearman's orders	突击命令
spearpoint push	突击
spears three	战争神尖枪
spearwise doppro	年迈的朵普罗族
special bombarian special	究极超豪华野蛮大乱击
specialist approval	专家认证
specialty solution	特制恢复药
speckled hakulaq	斑点哈库拉克
speckled spider	斑点蜘蛛
spectacles	托眼镜
spectacular sparks	魔法烟火
spectator	正在观战
specter	妖影
specter guard	妖影守卫
specter of asahi	朝阳的幻影
specter of death	黑暗巨腕
specter of gosetsu	豪雪的幻影
specter of light	幻光召唤
specter of might	亡念幻影
specter of the empire	帝国兵的幻影
specter of the homeland	多玛人的幻影
specter of the lost	破灵之剑
specter of the matriarch	养母的幻影
specter of the patriarch	养父的幻影
specter of zenos	芝诺斯的幻影
spectral bard	幻光吟游诗人
spectral berserker	幻光狂战士
spectral black mage	幻光黑魔法师
spectral blade	幻光圣剑
spectral blaze	魔炎
spectral dark knight	幻光暗黑骑士
spectral dragoon	幻光龙骑士
spectral dream	幻光三段
spectral egi	幻光召唤兽
spectral gust	幻光旋风
spectral ink mage	幻光里魔法师
spectral monk	幻光武术家
spectral necromancer	幻光亡灵法师
spectral ninja	幻光忍者
spectral paladin	幻光圣骑士
spectral samovar	幻光茶壶
spectral samurai	幻光武士
spectral statice	斯塔缇丝幻影
spectral summoner	幻光召唤师
spectral thief	幻光盗贼
spectral warrior	幻光狂战士
spectral whirlwind	幻光大旋风
spectral white mage	幻光白魔法师
specula imperatoris	御制监望塔
speedreader	速读之眼
spelaean slug	穴居蛞蝓
spell flame	魔人炎
spell of restoration	复活咒文
spell procession	魔力连锁
spell shield	魔法盾
spell-in-waiting	延迟咏唱
spell-in-waiting refrain	延迟咏唱·递进
spell-weaving heretic	异端者妖术师
spellblade blizzard iii	魔法剑·冰封
spellblade fire iii	魔法剑·爆炎
spellblade holy	魔法剑·神圣
spellblade thunder iii	魔法剑·暴雷
spelldriver	咏唱危机·驱动
spellforge tome	铸魔之书
spells trouble	咏唱危机
spellscatter	咏唱危机·散碎
spellsword	咒缚斩
spellwave	咏唱危机·波动
spellwind	魔台风
sphatika	颇胝迦
sphene doblyn	榍石矿妖虫
sphene's voice	斯菲因的声音
sphere of naught	暗黑领域
sphere of sand	沙球
sphere of the ravenous	妖犬领域
sphere of the sightless	妖眼领域
sphere of the voiceless	妖龙领域
sphere shatter	碎裂
spheroid	球体
spheroids	球体放出
sphinx piece	奇子·斯芬克斯
spicekick mustard	小辣椒
spick-and-span	大扫除
spicy circulation xxii	活血XXII
spider thread	蜘蛛丝
spider web	蛛网
spike flail	刃尾横扫
spike of darkness	黑暗钉刺
spike of flame	爆炎柱
spiked tail	刺尾
spikesicle	冰柱突刺
spilling wave	崩碎波
spin crusher	回旋碎踢
spin out	缠绕抽转
spinal tap	轻刺
spincrush	旋转碎击
spindly finger	雷弹
spine breaker	碎脊石像鬼
spine duster	除尘智蛙
spine lash	脊柱打击
spine of the talos	大塔罗斯的脊背
spine shatter	神锤震碎
spine stream	脊针刺
spineblossom	盛刺庭园
spinebreaking stampede	凶神饿煞
spinelash	棘刺尾
spineless basin	无刺盆地
spineless heretic	惜命的异端者
spineshatter dive	破碎冲
spineshatter dive target	选定目标：黑暗破碎冲
spineshot	飞针射击
spinesnap ogre	断脊食人魔
spinettesaurus	脊龙
spinkick	回旋踢
spinner	纺蛛
spinner's cunning	妮美雅之精巧
spinner's wheel	命运的纺车
spinner-rick	扭盘堡
spinner-rook	转盘堡
spinner-rook piece	奇子·转盘堡
spinning	旋转移动
spinning attack	旋转攻击
spinning axe	回旋斧
spinning axle	轮轴回旋
spinning claw	回旋雷爪
spinning conductor	圆雷
spinning current	圆雷流
spinning dive	旋转下潜
spinning edge	双刃旋
spinning inhale	回转吸引
spinning kick	回旋踢
spinning mogshield	回转莫古盾
spinning needles	飞针回旋
spinning scythe	旋转钐割
spinning siege	回旋炮
spinning slash	回环斩
spinning strike	回转击
spinning sweep	旋击
spinshock	回转放电
spiny plume	刺羽
spiral blow	螺旋击
spiral drive	螺旋枪
spiral finish	螺旋终结
spiral heaven	螺旋天堂
spiral hell	螺旋地狱
spiral pierce	螺旋枪
spiral scourge	螺旋灾变
spiral spin	螺旋震裂
spiral thrust	螺旋刺
spire drawn	建筑神之塔（抽卡）
spire held	建筑神之塔（暂留）
spire of trial	兵器试验塔
spire ravel	至顶旋廊
spire's bounds	至顶封域
spirit burst	精神爆发
spirit dart	精神镖
spirit flame	灵火
spirit gana	梦幻蝶
spirit of dew	水精
spirit of flame	炎精
spirit of pompetition	斗志满满
spirit of the aetherweaver	术士的药
spirit of the beast	狼人的药
spirit of the bloodsucker	吸血鬼的药
spirit of the breathtaker	盗贼的药
spirit of the divine	圣人的药
spirit of the duelist	剑豪的药
spirit of the elder	贤者的药
spirit of the fiendhunter	弓圣的药
spirit of the gambler	胜负师的药
spirit of the guardian	守护者的药
spirit of the indomitable	豪杰的药
spirit of the irregular	狂战士的药
spirit of the martialist	斗士的药
spirit of the ordained	祭司的药
spirit of the platebearer	重骑兵的药
spirit of the profane	破戒僧的药
spirit of the remembered	英杰的加护
spirit of the savior	治愈者的药
spirit of the skirmisher	武人的药
spirit of the templar	圣骑士的药
spirit of the veteran	魔战士的药
spirit of the watcher	斥候的药
spirit of thunder	雷电之魂
spirit of wood	木精
spirit orb	灵气球
spirit pulse	波动弹
spirit sling	魔力炮
spirit taker	碎灵一击
spirit wave	真灵波
spirit-breaking adventurer	冒险者领队
spiritcall	魔激发
spiritcull	连装魔
spirited announcer	欢声
spirited burst	热气炮
spirited charge	突击命令
spirited engineer	开朗的技师
spirited spectator	基拉巴尼亚的观众
spiritflame	怪火
spirithold	沃连牢狱
spirithold glowfly	牢狱荧光虫
spirits of the fallen	英灵魂
spirits within	深奥之灵
spirits without	天外之灵
spiritspark	召唤怪火
spiritual ray	心灵射线
spiritual sphere	灵气
spiritus	灵水
spirulina	螺旋藻
spit flame	火涎
spite check	斗气波
spite smite	斗气爆
spite wave	恨怨波动
spiteful	憎恨恶石
spiteful dance	冷峻之舞
spiteful flame	狱炎波
spiteful flames	憎恶之炎
spiteful guillotine	恨怨斩罪
spiteful spirit	斗气
spitfire	爆发石火精
spitting spider	酸液蜘蛛
spitting spinner	纺蛛
spittle	高压水球
spittle splatter	水球爆炸
spittle-patter pana	唾面清涎 帕纳
splash bomb	飞溅爆弹
splash grenade	飞溅榴弹
splash of venom	毒液雨
splashing tsunami	强风大海啸
splashing waters	强风之兆
splatter	体液飞散
splattershed	溅血
splendorous tools	莫雯卓越工具
splicer	概念排斥
splinter	破裂
splintering nails	碎裂尖甲
splish-splash	咕嘟咕嘟
split current	分裂放电
split end	发梢分裂
split ends	呪髪爆
split hull	损舰角
split scourge	分裂灾变
split shot	分裂弹
splitting cry	灵鸣炮
splitting hairs	地煞数
splitting rage	怒号魔破激
sploosh	扑哧
spoiled one	宠坏的年幼溪流
spoiling smash	毁坏碎击
spoken cataract	吐息飞瀑
sponge silkie	擦擦羽衣精
spontaneous combustion	自暴自弃
spoony bard	迷你吉尔伯特
spore burst	孢子爆发
spore cloud	孢子云
spore sac	孢囊
spore spill	飞散
spore stream	霉菌流
sporesplosion	孢子云
sport of kings	陆行鸟竞赛
spot remover	洒水
spotlight	聚光灯
spotlightless	至暗时刻
spotted eft	斑纹水蜥
spotted mudpuppy	斑纹泥沼蝾螈
spotted sea serpent	斑点海蛇
spotted spider	斑纹蜘蛛
spotter	监视之眼
sprawling chaochu	蔓延庞口花
sprawling sankchinni	蔓延山克芹尼
spray pain	飞针
spread love	爱之雨
spread of fire	火势蔓延
spread shot	散射
spreading fear	散布
spreading fire	蔓延烈火
spreading flames	复仇之炎
spriganator	大转圈割草
spriggan	魔石精
spriggan chumbler	啃石魔石精
spriggan clatterer	吵闹魔石精
spriggan collector	魔石精
spriggan copper carrier	运铜魔石精
spriggan copper copper	铜铃魔石精
spriggan crier	哭号魔石精
spriggan dig	魔石精巢穴
spriggan doorkeeper	守门魔石精
spriggan eggstractor	集蛋魔石精
spriggan flametender	看火魔石精
spriggan gemcutter	削玉魔石精
spriggan graverobber	盗墓魔石精
spriggan icecutter	除冰魔石精
spriggan miner	采矿魔石精
spriggan motif	魔石精彩绘
spriggan pankratiast	搏斗魔石精
spriggan quarrier	凿石魔石精
spriggan quencher	淬火魔石精
spriggan sifter	筛石魔石精
spriggan stonebearer	运石魔石精
spriggan stonecarrier	搬运魔石精
spriggan tumbler	翻滚魔石精
spriggan's delight	魔石矿脉
sprightly clay golem	活性泥土巨像
sprightly dhara	活性陀罗
sprightly loamkeep	活性泥友
sprightly mole	活性鼹鼠
sprightly phoebad	活性弗巴德
sprightly stone	活性岩石
sprightly swineling	外向的波奇小弟
spring breeze	疾强风
spring crystal	涌水水晶
spring crystals	涌水水晶
spring flowers	春之蔷薇
spring shower	爆炸飞散
spring tide	凶水大潮
spring to life	发动兵装
spring water	春水
spring's passage	翠意小径
springripple brook	涟漪小川
sprinkler	喷淋器
sprint penalty	禁止冲刺
sprout smack	嫩芽抽打
sprout spin	嫩芽回旋
sprouting cisterns	子叶蓄水池
sprouting towerling	子叶塔
spry gyuki	充满活力的牛鬼
spun lightning	旋转闪电
spurned soul	被吸引的亡者
spurning flames	怒炎
sputter	啪嗒
squadron battle manual	讨伐经验值提高
squadron engineering manual	制作经验值提高
squadron enlistment manual	志愿兵出现率提高
squadron gear maintenance manual	装备损耗降低
squadron spiritbonding manual	精炼度增加量提高
squadron survival manual	采集经验值提高
square target	目标·方块
squat squirrel	占地松鼠
squeak the coyote	小巧郊狼
squeaky clean	擦拭
squeaky left	左擦擦
squeaky right	右擦擦
squelch	喀喀喀喀喀！
squib sands	爆壳滩
squire on duty	堆堆小雪人
squirrel	松鼠
squirrel emperor	幻栗斋
squirrelly prayer	咒珠印：鼯鼠
squish and flick	年糕烫烫
squish and stick	年糕黏黏
sramana's salve	沙门村落
srngapaksi	盛装鸟
st daniffen's fire	圣人火
stab wound	刺伤
stable cannon	要塞炮
stable system	反消灭因子
stacking the deck	协作攻击
staff credits	职员名单
staff of eldering	长老之杖
staff smite	杖击
staff-spinning adventurer	幻术师冒险者
staff-waving training partner	陪练咒术师
staffwise boonewa	年迈的布涅瓦族
stage combat	杀阵
stagger	迷糊
staggered	不稳
staggering breath	交错吐息
staging	模仿细胞
staging node a	迎击区域A
stagnant aether	停滞以太
stagnant haze	停云沉雾箭
stagnant limbo	万魔殿边境水道
stagnant spray	水浪吐息
stagnant water sprite	停滞水元精
stained chaos	血枪万花镜
stained one	邪龙雕像
stained thrust	血枪冲天闪
stainless course	洁白环濠
stairway to the seventh	六天座之层
stalagmite circle	震石圆
stale bubble	腐坏泡泡
stalker ziz	追踪席兹
stalking static	雷气循环
stalking stone	光狼地烈波
stalking wind	光狼风烈波
stalwart adventurer	义勇兵冒险者
stalwart soul	刚魂
stalwart swordsman	强壮的剑术师
stampede	狂奔
stampeding rhino beetle	兴奋的犀甲虫
stampeding thunder	奔雷炮
stand firm	抵御冲击
standard finish	标准舞步结束
standard retrieval	解除咒具
standard step	标准舞步
standard surface missile	中型对地导弹
standard-issue elixir	军用圣灵药
standing chine	站裂斩
standing corses	朽骨森
standing firm	抵御冲击
standstill	停滞
stanik the unwavering	不动罗刹 斯塔尼克
stanik's voice	像是斯塔尼克的声音
staoigh creach	薄雾席
star beyond stars	六连星
star contributor	贡献之星
star map	星图
star marmot	星点栗鼠
star prism	天星棱光
star shard	星体碎片
starbird	游星鸟
starbirth	创星
starboard complex	右舷构造群
starboard wave cannon	右舷齐射·波动炮
starboard wave cannon surge	右舷齐射·零式波动炮
starcrier	幻煌鸟
starcross	渡星冲
starcross ready	渡星冲预备
stardeath	流星爆炸
stardiver	坠星冲
stardust	星尘
stardust specimen	陨星
starfall	落星池
starfall circle	流星魔纹
starfall dance	流星舞
starfall slash	流星剑
starflare	星体核爆
stargazers	观星者
starglass	星河镜
stark woad	丝塔克·沃德
starkest scale	坚固之鳞
starkshadow amphiptere	荒影安菲瑟龙
starkshadow biast	荒影雷蛟
starkshadow wyvern	荒影双足飞龙
starless skyline	没有星星的摩天楼
starlight	星天光
starlight and sellswords	崇山峻岭
starlight bear	星芒熊
starlight bell	星芒铃铛
starlight celebration	星芒节
starlight sleigh	星芒雪橇
starlight stalls	星芒市场
starlight steed	幻象闪电
starlight treant	星芒树精
starlit gateway	星芒之门
starmite	星甲虫
starry heavens	满天繁星
starry muse	星空构想
starry sky motif	星空彩绘
stars long dead	远古的星空
starsbreath	星球的叹息
starstorm	星体风暴
starstrafe	妖星乱舞
starstrike	流星枪
starstruck	天星棱光预备
start time	开始时间
starved	饿狼群集
starved seeker bat	饥饿的探索蝙蝠
starving stampede	穷凶极饿
starward standings	贡献板
stasis formation	时间停止阵列
state of shock	咒缚雷
state of the realm	世界局势
stateroom	作战指挥室
static charge	带电
static condensation	蓄电
static discharge	静电放出
static filament	静电丝
static force	裂斩波
static moon	静电之月
static path	静电之路
static shock	雷气放射
static spark	静电火花
static storm	雷沙尘
statice	斯塔缇丝
station of banishment	封杀之层
station specter	腐烂妖影
statue of zuiko	瑞光像
staunch seeq bandit	强壮的席克族盗贼
steadfast stance	停顿舞姿
steadfast will	忠心剑
steady hand	稳手
stealth	潜行
stealthy poacher	沉默的偷猎者
steam bit	蒸汽浮游炮
steam bomb	蒸汽炸弹
steam burst	混合爆炸
steam chakram	蒸汽战轮
steam clean	蒸汽清洗
steam dome	蒸汽喷发
steam gasket	蒸汽垫
steam pump	蒸汽泵
steam regulator a	蒸汽调整者α
steam release	蒸汽喷出
steam roller	蒸汽滚轮
steam-powered gobwalker g-vii	7号蒸汽小战车
steamy samantha	艳气魔花萨曼莎
steel beam	前方斩击
steel claw	铁爪斩
steel cyclone	钢铁旋风
steel fang	钢铁尖牙
steel fangs	咬噬尖齿
steel flame	烈焰剑
steel frost	寒霜剑
steel gateway	克吕提俄斯魔导工厂入口
steel horizon	光波刚剑舞
steel maw	咬噬尖牙
steel muse	武器构想
steel of the underworld	黄泉之枪
steel peak	铁山靠
steel reason	钢铁理念
steel scales	钢鳞
steel scream	咒爆
steel vigil	钢卫塔
steel web	沉重之网
steelarm cerigg	钢腕 凯瑞格
steelboughs	防壁架势
steeldrone ambusher	埋伏的骨颌钢兵
steeldrone guard	钢兵守卫
steeled meditation	铁山斗气
steeled strike	叠起来砍
steelfold strike	点着了砍
steelforged belief	信仰之剑
steelhog's mettle	祭器之魂
steelhog's revenge	璀璨灵动罩
steelquill tuco-tuco	钢刺土针鼹
steelripper	钢铁裂斩
steelsbreath	剑气冲击
steelsbreath bonds	剑气咒缚
steelsbreath release	剑气解放
steelsforge	剑气燃烧
steelsting tome	钢刺之书
steelstrike	飞剑强袭
steeltail thrust	龙尾突刺
steep in rage	愤怒波动
stegoceras	剑角龙
stegodon	剑齿象
stegotaur	利剑牛头魔
steinbock	小羚羊
stellar amphiptere	星宇安菲瑟龙
stellar brobinyak	星宇布罗宾雅克
stellar burst	星体破裂
stellar chuluu	流星朝鲁
stellar collision	天体撞击
stellar detonation	星体爆轰
stellar dragon	星宇巨龙
stellar dragonfly	星宇蜻蜓飞蜥
stellar explosion	星体爆炸
stellar fulcrum	天轮之场
stellar hookset	华丽提钩
stellar implosion	星体内爆
stellar return	宇宙返回
stellar shelled dragon	星宇龟甲龙
stellar sprint	宇宙冲刺
stellar steady hand	宇宙稳手
stellar wyvern	星宇双足飞龙
stellation	星形多面体状态
stem the flow	原初的血潮
stem the tide	原初的血烟
stench blossom	恶臭狂花
stench of death	死亡气息
step dance	踢踏舞
step forth	前踏步
stephanivien brightsun	英才 斯特凡尼维安
steppe anala	草原阿那罗
steppe coeurl	草原长须豹
steppe dhole	草原朵尔
steppe dzo	犏牛
steppe eagle	草原雄鹰
steppe gedan	草原獦狚
steppe sheep	草原绵羊
steppe yamaa	草原山羊
stepped leader	梯级先导
steps of destruction	破灭足音
steps of faith	云廊
steps of the speaker	过去的神子之路
sterile sphere	圆状散布
stern bodyguard	顽强的保镖
sterncastle	船尾回廊
sterncastle deck	船尾楼甲板
steropes	史特罗佩斯
stickler	严选
stickqix's bangpots	斯提克奇克斯工房
sticky mousse	黏黏慕斯怪
sticky pudding	糖糖软糊怪
sticky spit	粘液飞弹
sticky thread	粘丝
sticky tongue	滑舌
sticky web	黏网
sticky wicket	粘液弹
sticky-pawed gaelicat	粘粘风筝猫
stickyloom	电磁石
stiff breeze	荒风
stifling mogdark	莫古之暗
stigma dreamscape	斯提格玛四
stigma-1	斯提格玛一
stigma-4	斯提格玛四
stikflix grumblytoss	铁面 斯提克弗里克斯
still embrace	安宁之翼
still sanctum	未满的圣所
still waters	水上庭院
stillglade fane	硕老树冥想窟
stilltide	滞潮村
stillwind nue	一风掠地的奴延
sting of the scorpion	祭器之魂：痛毒弹
stinger cell	女王蜂刺
stinging anguish	祭器之魂：剧痛雾
stinging back	消灭恶徒团伙寄生蜂团！
stinging deception	祭器之魂：混乱雾
stinging malady	祭器之魂：衰弱雾
stinging slash	杀人斩
stinging sophie	击刺魔蜂索菲
stinging syrphid cloud	刺蝇群
stinging tentacle	触手刺
stinging venom	夺命针
stinging welt	爆咒
stingray	刺魟
stinkshell	臭壳蛇颈龟
stinkskin	臭皮蛇颈龟
stirring of spirits	祭祀重踏
stirring samba	狂欢桑巴舞
stock break	破防之剑
stock holder	储存
stockpile	吸收
stockyard	材料存放场
stolen shadow	窃影
stomach wall	胃壁
stomp dead	致命践踏
stone age	地鸣
stone and steel	石与钢
stone breath	石化吐息
stone brickman	石头人
stone bridge	石桥
stone cold	冰冷如石
stone cudgel	岩棍
stone curse	石化的诅咒
stone familiar	岩石守护精
stone flail	落石重锤
stone gaze	石化凝视
stone golem	岩石巨像
stone iii	垒石
stone in yellow	飞石之纯黄
stone marionette	石偶
stone phoebad	石地弗巴德
stone pillar	石柱
stone puppet	硬岩人偶
stone remembers	铭记于石
stone servant	居格斯的随从
stone shiver	忏悔之土
stone skull	岩石骷髅
stone speaks	石之语
stone surge	土轰
stone swell	岩石隆起
stone throw	投石
stone torch	铁灯团卫兵
stone vigil	石卫塔
stone wall	防护障壁
stone's silence	怪鸣石磐座
stone-faced slaughter	无表情环射
stonecarver	削岩拳
stonecrusher	崩岩
stonefall	大落石
stonefall circle	星屑魔纹
stonefang	土之魔技
stonefist	石拳
stonega iii	垒石III
stonegazer	观石塔
stonelight	巨像之光
stonemarsh	石塔水沼
stonepack	土之戒律
stoneringer	石制武器
stonesbreath bellows	地息楼台
stoneshatter	碎石
stoneshell	石壳蟹
stoneshower	岩雨
stoneskin	石肤
stonespike tanadd gah	碎岩拳 塔纳德·夏
stonesthrow	弃石贫民窟
stonework	投掷石板
stony gaze	诅咒石眼
stony limbs	硅化
stony scavenger	冷淡的拾荒者
stool pelt	扔岩石
stopklox grislyfist	斯托普克洛克斯
storage chest	储备物资箱
storage compound	机库区
storage facility	机库区
storage violation	清除记忆污染S
storage violation obliteration	引爆记忆污染
storeroom	仓库
storied lancer	身经百战的枪术师
storied mage	身经百战的魔法师
storm anila	暴风阿尼罗
storm archer	黑涡团弓箭手
storm armorer	黑涡团铸甲匠
storm biast	风暴雷蛟
storm blacksmith	黑涡团锻铁匠
storm captain ghimthota sthalmoenwyn	吉姆托塔正漩尉
storm chase	雷电追击
storm commander bharbennsyn	弗雷拉克·巴尔本辛协漩校
storm commander rhiki	血风 尔·阿夏
storm conjurer	黑涡团幻术师
storm courier	黑涡团运输兵
storm generator	闪雷机
storm hatchling	黑涡团巧儿陆行鸟
storm herald	黑涡团传令员
storm landing	黑涡团阵营
storm manta	风暴鳐
storm marauder	黑涡团斧术师
storm of arrows	风暴箭雨
storm of color	春风
storm of fury	暴怒风暴
storm of meracydia	美拉西迪亚的怒雨
storm of words	言语风暴
storm officer	黑涡团军官
storm outpost	黑涡团前哨
storm petty officer	黑涡团下级士官
storm private	黑涡团二等漩兵
storm private c'nangho enah	卡·南戈二等漩兵
storm pulse	风雷波动
storm recruit	黑涡团兵卒
storm rune	暴风符文
storm salute	黑涡团军礼
storm sergeant	黑涡团副漩士
storm sergeant doenfarr	魔鬼漩士 杜恩法尔
storm slash	风暴斩
storm soldier	黑涡团卫兵
storm sphere	风暴晶球
storm sprite	暴风元精
storm surge	电暴
storm trail	风暴轨迹
storm unbound	雷切无双
storm veteran	黑涡团老兵
storm warsteed	黑涡战马
storm wave	浪暴
storm wing	暴风翼
storm within	内吹雪
storm without	外吹雪
storm's breath	风暴吐息
storm's crown	咒发风塔
storm's eye	暴风碎
storm's grip	暴风域
storm's path	暴风斩
storm's succor	风雷的加护
stormbite	狂风蚀箭
stormblood	Stormblood -血雨狂潮-
stormborne zirnitra	暴风札尼尔查妖蛇
stormcall	呼唤风暴
stormcaller	呼风狮鹫
stormcloud	雷暴云
stormcloud summons	生成雷暴云
stormcoming	飓风
storming asterodia	攻入城内的阿斯忒罗堤亚
storming burnswolf	攻入城内的燃火黑狼
storming eyeclops	攻入城内的孤眼巨人
storming golem	攻入城内的树木巨像
storming jabberwock	攻入城内的炸脖龙
storming plasma	攻入城内的等离子
storming python	攻入城内的巨蚺
storming roar	风暴咆哮
storming spirit	攻入城内的雷电之魂
storming thunder spirit	攻入城内的雷灵
storming woolback	攻入城内的鬃背兽
storming zemzelett	攻入城内的赛姆泽雷特巨枭
stormkissed flames	脉冲冲击
storms of asphodelos	边境风暴
storms of bozja	博兹雅闪雷
stormsplitter	破浪斩
stormwall winds	回环的风歌
stormwhorl	暴雨涡风
stormwind	风暴
stormwinds	暴雨潮风
stormy edge	暴风刃
stormy horizon	大暴风雨
stormy seas	召唤大暴风雨
storsie	斯图希
stotram	赞歌
stout ambusher	矮小的袭击者
stout seeq bandit	肥胖的席克族盗贼
stout snort	大鼻息
stout subject	强腕尸人兵
straf doll	惩罚人偶
straggler	落后的协助者
straight face	表情：平常
straight punch	碎骨拳
straight shot	直线射击
straight shot ready	直线射击预备
straight spindle	直线纺锤
straightshot assassin	直射刺客
stranded miner	被困的采矿工
stranded sky pirate	遇难的空贼
strange seeds	种弹炸裂
strange statue	怪异的石像
stranger tides	惊涛怪浪
strangle	拉近
strangling coil	蛇行盘绕
strangling ivy	扼蔓大口花
strangulating ivy	勒杀藤蔓
strapping lad	威尔雷德的手下
strata smasher	猛击地层
strategic strike	强击
strategy room	作战会议室
stratogryph	军用狮鹫
stratospear summons	生成武具
stratostone shores	苍石湖畔
stratostone stand	苍石林班
stray akantha	迷途刺口花
stray babbler	迷途的胡言灵
stray box	迷途的宝箱
stray canis pugnax	迷途军犬
stray dodo	离群渡渡鸟
stray doll	迷途的人偶
stray earth	混沌之土
stray egg	误入歧途的茄子
stray elephant	迷途的大象
stray flames	混沌之炎
stray gaelicat	走失的风筝猫
stray garlic	误入歧途的蒜头
stray gazelle	迷途的瞪羚
stray geist	迷途的幽灵
stray glutton	迷途的贪吃鬼
stray gusts	混沌之风
stray hand	迷途之手
stray karakul ewe	迷失黑绵羊
stray karakul ram	迷失黑牡羊
stray korrigan	误入歧途的柯瑞甘
stray liemonger	迷途的撒谎精
stray lion	迷途的狮子
stray lotis	迷途覆笼草
stray malice	迷途的恶意
stray mandragora	误入歧途的蔓德拉
stray memory	迷途的回忆
stray nightmare	迷途的噩梦
stray onion	误入歧途的洋葱
stray phantagenitrix	迷途的幽灵之母
stray poppet	迷途的玩偶
stray queen	误入歧途的王后
stray rascal	迷途的淘气包
stray snipper	迷途利螯陆蟹
stray spray	混沌之水
stray table set	桌椅组合
stray tiger	迷途的老虎
stray tomato	误入歧途的番茄
strayborough	迷途鬼区
strayborough deadwalk	噩梦乐园迷途鬼区
streak lightning	条状闪电
stream of filth	污秽浊流
streaming sands	沙流
strength down	力量降低
strength in numbers	攻击机动
strength of spirit	灵气
strength of the ward	苍穹之阵：雷枪
strengthened noulith	经过强化的贤具
strengthening stimulant	肌肉猛药
stressed citizen	急切的声音
stretch	伸展
strewn bubbles	散布气泡
stricken earth	大地强袭
stride of the sun	阳光照耀的路
strident scream	刺耳尖叫
strident shriek	刺耳尖叫
strike spark	火花爆
striking blow	碎击打
striking brand	灵雷之剑
striking dummy	木人
striking left	左手猛击
striking meteor	小流星
striking muse	重锤构想
striking right	右手猛击
striking shrublet	花小人
striking tree	神判古树
striking yol	胡鹰重喙
string snap	鸣弦震动波
strings of the marionette	人形态
strip mine	采掘
striped hills	条纹丘
striped lightning hand	雷纹弓箭手
striped lightning thug	雷纹斧术师
striped ray	斑鳐
strix piece	奇子·博学林鸮
strix plume	博学林鸮的羽毛
stroke of genius	魔匠的闪念
strong lockbox	山贼的武器箱
strong of shield	盾强化
strong of spear	枪强化
strong wave	大波动
strong wind	烈风
strongbreath stroper	猛息套索花
stronger together	枪盾强化
stronghold	坚守要塞
stronghold mylodon	堡垒磨齿兽
stronghold tursus	堡垒图苏斯水龙蜥
strongman	捣年糕独眼巨人
strongpoint defense	绝对防御
strongroom	副飞艇库
strongshell of the red	红甲族卫兵
stroper	套索花
strophe	正旋舞歌
strophe ixou	寄生之旋
strutting gastornis	高视冠恐鸟
studium	萨雷安魔法大学
stuffy wraith	沉闷幽灵
stumbling funguar	绊脚魔菇
stun claws	眩晕爪
stun gun	电击枪
stun resistance	眩晕无效
stun shot	束缚射击
stunning sheen	眩晕闪光
stunning sweep	雷光水面踢
stunstrikes	眩晕攻击
sturdy treant	坚牢树精
sturm doll	风暴人偶
stygian arbor	暗之大树
stygian aura	黑妖弹
stygian deluge	冥河泛滥
stygian insenescence cells	生命奥秘研究层
stygian maw	黑牙之焰
stygian release	冥气环绕
stygian shadow	生于黑暗之物
stygian spark	冥气火花
stygian spear	黑暗之枪
stygian sphere	冥气晶球
stygian stake	黑暗之钉
stygian storm	黄泉之雷
stygian sword	黑暗之剑
stygian tendrils	暗之荆棘
stygian tenet	札尔神火
stygian vapor	冥气
stygian wail	黄泉哀嚎
stygimoloch lord	冥河之王
stygimoloch monk	冥河武僧
stygimoloch warrior	冥河战士
stylish tentacle	章鱼触手
stymphalian strike	怪鸟强袭
subduction	地层俯冲
subject number xxiv	实验体024号
subject viii construct	VIII号复制兵
subjugator's heart	镇压隶的魔核
sublimator diffuser	成长剂喷洒器
sublimator spray	宇宙成长剂
sublime earth	土神剑
sublime elements	魔法剑击
sublime estoc	崇高之剑
sublime fire	火神剑
sublime heat	溶解
sublime ice	冰神剑
sublime lightning	雷神剑
sublime sublimator	宇宙成长剂2型
sublime sunset	神技·落日
sublime transcendence	超越
sublime water	水神剑
sublime wind	风神剑
submerged skyline	淹水旧市街
submission tower	服从之塔
subparhelion	映幻日
subroutine	子程序
subservient	灵偶分身
subsidence	地面下沉
subsonics	亚音速
subterrain	地下池
subterrane	地下空洞
subterranean drop	环境音：地下湖的水滴
subterranean sanctuary	清凉的洞窟
subterranean sector	地下区域
subterranean shudder	连锁震动波
subtle ruin	白色化
subtract	执行减算
subtractive palette	减色混合
subtractive spectrum	减色混合预备
subtractive suppressor alpha	减算炸弹α
subtractive suppressor beta	减算炸弹β
subversive stance	妨碍思路
succubus	梦魔
succubus knight	奇子·梦魔骑士
succubus mage	奇子·梦魔法师
succulent stomp	酒桶踩踏
sucked in	吸引
suckling hoglet	乳猪
sudden downpour	暴雨箭
sudden torment	悲叹之园
suddenly sewage	污水喷涌
suffocated will	龙压
suffocating cloud	毒液团
sugar blizzard	糕点师冰结
sugar riot	狂热糖潮
sugarscape	糖心绘景
sugriva	须羯里婆
sui-no-sato	翠水乡
suikazura	忍冬
suiyaku	东方药水
sul oul	苏儿·欧儿
sullen angler	阴沉乡的渔夫
sullen gaze	悲叹视线
sulphur byrgen	硫磺坟灵
sulphuric slime	硫化粘液怪
sulphuric stone	灵岩招来
sulphurous breath	硫磺吐息
sultan's brand	王家烙印
sultan's table	王家餐桌
sultana dreaming	女王的美梦
sultana's breath	娜娜莫大风车
sultana's breath apartment	娜娜莫大风车房间
sultana's breath apartment lobby	娜娜莫大风车大厅
sultana's breath subdivision	[扩建区]娜娜莫大风车
sultana's lap	隐秘栈桥
sultansworn elite	银胄团近卫骑士
sultansworn squire	银胄团侍从骑士
sultantree	大霸王树
sum of all sins	罪临界
summa rudis	斗技场裁判
summer ballroom	草人的舞场
summer heat	火炎流
summer shade	夏之针叶
summer's flame	红莲火焰
summer's heat	红莲爆炎
summerford	盛夏滩
summerford farms	盛夏农庄
summering shark	夏日食人鲨
summit of everkeep	永护塔顶层
summit of zor	佐天顶
summon alexander	召唤亚历山大
summon bahamut	龙神召唤
summon carbuncle	宝石兽召唤
summon darkness	黑暗召唤
summon emerald	绿宝石召唤
summon eos	朝日召唤
summon familiar	召唤使魔
summon garuda	召唤迦楼罗
summon icicle	召唤冰柱
summon ifrit	火神召唤
summon iii	召唤III
summon moonstone	月长宝石兽召唤
summon obsidian	黑曜宝石兽召唤
summon order	发动技能待命I
summon order iii	发动技能待命III
summon phoenix	不死鸟召唤
summon ruby	红宝石召唤
summon selene	夕月召唤
summon seraph	炽天召唤
summon shijin	四神召唤
summon shiki	式鬼召唤
summon solar bahamut	烈日龙神召唤
summon titan	土神召唤
summon topaz	黄宝石召唤
summon wyrm	真龙召唤
summoned anila	被召唤的阿尼罗
summoned apa	被召唤的阿帕斯
summoned arch demon	被召唤的上级恶魔
summoned bird	被召唤的鸟
summoned bomb	被召唤的爆弹怪
summoned dahak	被召唤出的扎哈克
summoned demon	被召唤的下级恶魔
summoned golem	召唤巨像
summoned goobbue	被召唤出的古菩猩猩
summoned haagenti	被召唤出的哈加提
summoned minotaur	召唤弥诺陶洛斯
summoned spirit	风灵
summoned succubus	被召唤出的梦魔
summoner	召唤师
summoning bell	传唤铃
summoning circle	召唤魔纹
summoning node	召唤系统
summoning rite	召唤
summoning sands	出现
summoning stone	呼喊岩
sun bat	烈阳蝙蝠
sun bear	太阳熊
sun circlet	火环
sun dance	环舞·序
sun dance iii	环舞·急
sun juror	陪审石面
sun leech	太阳水蛭
sun midge cloud	光蚊云
sun midge swarm	光蚊群
sun powder	火尘
sun sign	太阳星座
sun sordes	太阳索德斯龙
sun terrace	太阳阶地
sun toss	投射石块
sun's ascent	太阳阶梯
sun's ire	太阳之怒
sun's pinion	阳炎之翼
sun's shine	蜃景
sun-teased cavern	通往向阳地的广场
sunbath	日光浴
sunbeam	太阳光
sunbeard	太阳须毛球
sunbird	阳炎鸟
sunbound suzaku	烈阳之朱雀
sunder pressure	超重压
sundered remains	场地隆起
sundered sky	堕狱绝技
sundering	众生离绝
sundering spellblade	魔法剑·石化
sundering tsunami	断绝大海啸
sundering waters	断绝之兆
sunderseal roar	破封的咆哮
sundrake	烈阳火蛟
sundrop	流星之间
sundrop dance	太阳之舞
sundry splendors	综合贸易店
suneater	炎灵蛇
sunflare	烈日核爆
sunforge	创兽炎舞
sunforged	炎灵兽
sungold talos	黄金塔罗斯
sungrace	日光环
sunken antechamber	沉淀的中厅
sunken captain	黑涡团船长
sunken detritus	残骸B
sunken junk	沉没江船附近
sunken junk's south side	沉没江船南侧
sunken sanctum	遗迹深层
sunken skyway	沉没的空中走廊
sunken spirit	污浊的水灵
sunken stars	沉星浮泪的池
sunken structures	遗迹表层
sunken temple of qarn	喀恩埋没圣堂
sunken treasure	沉没的宝藏
sunlit garden	日照花园
sunmaid drisana	太阳之女 多利娑娜
sunning towerling	常叶塔
sunny-side	托托卢恩的手下
sunperch	金凰大堂
sunray ray	鳐鳐
sunrise	千年旭光
sunrise gate	日升门
sunrise lookout	半山腰
sunrise sabbath	黑色安息日的日出
sunseal	太阳刻印
sunseat	黄昏庭园
sunset bull-evard	怪力兽王——迪克巴朗
sunset gate	日落门
sunshadow	日环食
sunsilk tapestries	太阳丝绸服装店
sunspun cumulus	金斗云
sunstorm	阳灵气
sunstrider	兽心技二式·生息
sunstroke	火焰风暴
suntouched	太阳星座预备
suparna	美翼
suparna-egi	美翼之灵
super blassty charge	超级摧毁者冲击
super chakra burst	超级脉轮爆发
super cyclone	超级气旋
super hawk blaster	超级鹰式破坏炮
super jump	超级跳跃
super nova	超新星
super sprint	超级冲刺
superbolide	超火流星
superbolt	超电击
supercarrot	超级胡萝卜
supercell	电光雷轰
supercell matrix	电流矩阵
superchain burst	超链爆发
superchain coil	超链回环
superchain emission	超链放出
superchain radiation	超链放射
superchain theory	超链理论
superchain theory iia	超链理论IIA
superchain theory iib	超链理论IIB
supercharge	超突击
supercharged levin	大闪电球
supercool	过冷却
superflare	热震荡
superfluid	液化
superfluity	剩余材料
superheat	暴热
superior mobility	急速移动
superliminal motion	剑连击F
superliminal steel	剑连击B
supernal chapuli	飞天蚱蜢
supernal guard	星壁
supernatural surprise	惊喜爆炸
supernova	空间错乱
supershark	超级食人鲨
supersplice	多重概念排斥
superstorm	超级风暴
supplementary formula	备用成长剂
supplication	祈告剑
supplication ready	祈告剑预备
supply port	物资入口
supply route	物资通路
supply troop	黑涡团补给兵
support module	支援系统
support systems	截击系统出击
supporter	协助机
suppression	援护程序F
suppressive fire	镇定弹
suppressive magitek rays	全方位魔导激光
suppuration	灼伤
suprae-lugae	超威卢格
supreme majesty	幻影王的威严
supreme selenomancy	极月读
supreme snort	大吸引
supreme standard	特制咒具
surabhi	苏罗毗
surecast	沉稳咏唱
surf eft	冲浪水蜥
surf elbst	碎浪水龙蜥
surface breach	大喷发
surface cannon	对地炮击
surface laser	对地激光
surface missile	对地导弹
surface missile impact	对地导弹命中
surface slap	拍击水面
surface terrain	地面
surfclaw chief	浪爪队长
surfclaw sahagin	浪爪鱼人
surfscale sahagin	浪鳞鱼人
surfscale sentry	浪鳞哨兵
surfspine sahagin	浪棘鱼人
surftooth sahagin	浪齿鱼人
surftooth sentry	浪齿哨兵
surgate town house	萨盖特别墅遗迹
surge of vigor	奋发
surge protection	避雷
surge vector	爆炸目标
surgeswords unsheathed	强袭剑出鞘
surging current	激涌的洋流
surging flames	火攻
surging flood	水攻
surging tempest	战场风暴
surging tsunami	强压大海啸
surging waters	强压之兆
surging wave	破浪
surito carito the strategist	军略学者 斯里托·卡里托
surly scavenger	可怕的拾荒者
surpanakha	穿甲散弹
surpanakha's fury	穿甲散弹强化
surplus kaliya	量产型卡利亚
surprise attack	暗袭
surprise balloon	惊喜气球
surprise needle	惊喜飞针
surprised	惊讶
surprising claw	惊喜爪
surprising missile	惊喜导弹
surprising staff	惊喜杖
surprising weapon	惊喜武装
surrounding burst	圆形爆发
surveillance module	巡察系统
surveillance room	警备监视室
survivor spit	生存者海岸
suspect brawler	智理院的税吏？
suspect spellweaver	智理院的税吏？
suspect swordsman	智理院的税吏？
suspect sylph	恶作剧的妖精族
suspecting citizen	乌尔达哈市民
suspend	浮空
suspended approach	遗留的前庭
suspended masonry	浮游遗迹
suspended stone	巨岩
suspicious astrologian	可疑的占星术士
suspicious bowman	可疑的弓箭手
suspicious fellow	可疑的男子
suspicious man	举止可疑的青年
suspicious megalocrab	多疑巨型陆蟹
suspicious stalker	可疑的猎人
suspicious swordsman	可疑的黑衣男性
sustain	维持
sustained blast	持续爆发
sustained damage	持续伤害
sustained dark damage	持续伤害：暗
sustained light damage	持续伤害：光
susurrant breath	蛇行吐息
suzusaurus	铃小龙
svarbhanu	斯伐婆奴
swallow hatchling	海燕幼体
swallow's compass	岩燕庙
swallowed sea	吞海吐潮
swallowed spire	被吞没的摩天楼
swallowtail	燕尾
swallowtail sands	燕尾海岸
swamp pugil	湿地陆鱼
swampmonk	沼泽鬼鱼
swarmed	蜂群
swarming diremite	集群凶蛛蝎
swarming leaf mantis	冲锋叶螳螂
swarming locust	单蝗成群
swarming paper wasp	集群纸巢胡蜂
swarming tarantula hawk	云集蛛鹰蜂
swarming torbalan	集群托尔巴兰
swashbuckler	游荡剑
swath of silence	寂静斩痕
sweep the leg	旋体脚
sweeper	清扫者
sweeping charge	冲袭横扫
sweeping evisceration	突进连斩
sweeping flames	火焰横扫
sweeping gouge	冲掀
sweeping immolation	赤灭热波
sweeping invocation	风尘祷文
sweeping tsunami	扩散大海啸
sweeping victory	斩波
sweeping waters	扩散之兆
sweet breath	甜气
sweet dreamer's melody	甜美的梦
sweet echevore	甜尾石莲猬
sweet nectar	甘甜花蜜
sweet path	舌根险道
sweet scent	香气
sweet shot	糖糖箭
sweet song	甜美的歌声
sweet steel	甜钢
sweet tooth goobbue	甜齿古菩猩猩
sweet trap	寻香陷阱草
sweet-rat	甜香的老鼠
sweet-smelling soil sweetener	辉鳞人的货物
sweet-toothed ty'aitya	爱吃甜食的小鸣鼠
sweetbloom pier	花蜜栈桥
sweetheart	甜甜的心
sweetsieve	甜滤果树园
sweetwater	甜水
swell unbound	风断无双
swelling	渐渐膨胀
swelling frost	寒波
sweltering	中暑
swift deception	疾隐
swift gust	敏捷阵风
swift liberation	光焰【急】
swift shadow	绝影
swift shift	高速移动
swift slaughter	猛焰【急】
swift slip	急速滑落
swift sough	飒飒速弹
swift spill	强制放水
swift sprint	极速冲刺
swift swim	高速游动
swiftbreach	急速上浮
swiftcast	即刻咏唱
swiftest wing	飞翔之翼
swiftfeather	身轻如燕
swiftkicks goblixer	哥布林药剂：速度
swiftmake checkgate	临时关门
swiftperch	雨燕塔殖民地
swiftrun river	奔流江
swiftscaled	疾速
swiftskin's bite	疾速利牙
swiftskin's coil	疾速盘蛇
swiftskin's den	疾速盘蝰
swiftskin's sting	疾速利齿
swiftskin's venom	乱击双锐牙
swiftsong	敏捷之歌
swiftsteel	迅风剑
swiftstep beach	快腿滩
swiftwater hakulaq	迅捷哈库拉克
swiftwind serenade	闪光的风歌
swimming in the air	空中漫游
swindler	欺诈者
swing round	挥舞
swinging draw	摇荡射击
swinging kick	旋身击
swirling apa	漩涡阿帕斯
swirling blizzard	冰结环
swirling cloudtop	旋风云海
swirling miasma	瘴气圈
swirling orb	冰球
swirling sprite	漩涡元精
swirling tsunami	涡动大海啸
swirling waters	涡动之兆
switch gremlin	水滩村格雷姆林
switch of flame	尖尾焰
switch of tides	尖尾溅
swivel cannon	回旋式波动炮
swivel gun	转轮枪
swollen djigga	肿胀血蚤
swollen morbol fruit	魔界花的大果实
swooping frenzy	狂乱猛冲
sword dance	剑舞
sword dancer	剑舞者
sword danse macabre	死亡之舞
sword knight	剑之骑士
sword oath	忠义之剑
sword of condemnation	断罪之剑
sword of justice	断罪雷剑
sword of light	光之剑
sword of music	刚柔铁巨人——克利俄斯改
sword of the heavens	苍天之剑
sword omen	剑型
sword quiver	剑舞
sword storm	剑技风暴
sword unbound	妖刀无双
sword-bearer	剑型
sword-brandishing adventurer	剑术师冒险者
sword-swinging adventurer	剑术师冒险者
sword-wielding loyalist	铁面公卿派剑术师
swordbearer	持有圣剑
swordpointe	剑技爆发
swordsmog piece	奇子·莫古小剑
sworn shield	咒骂之盾
syldrion-class insubmersible	希尔德拉级潜水艇P型
sylla mal albinus	西拉·玛尔·阿尔比努斯
sylph bonnet	妖精菌帽
sylph in scion's clothing	乔装过的妖精
sylph pillow	妖精枕
sylph stronghold	妖精族据点
sylpheed cackle	尖笑之森精
sylpheed chuckle	轻笑之森精
sylpheed dream	梦幻之森精
sylpheed screech	嚎叫之森精
sylpheed sigh	叹息之森精
sylpheed snarl	咆哮之森精
sylpheed song	歌唱之森精
sylpheed wail	痛哭之森精
sylphie sweetwind	清香风 希尔菲
sylphlands	妖精领
sylphlands buzzard	妖精领秃鹫
sylphlands condor	妖精领秃鹰
sylphlands guardian	妖精领守卫
sylphlands sentinel	妖精领哨兵
sylphstep	妖精领风格运动设施
sylvan budnapper	睡蕾之森精
sylvan chuckle	轻笑之妖精
sylvan groan	呻吟之森精
sylvan scream	尖叫之森精
sylvan screech	嚎叫之妖精
sylvan sigh	叹息之妖精
sylvan snarl	咆哮之妖精
sylvan soaking pool	树晶浸池
sylvan sough	清飒之森精
sylvan stacks	树晶堆栈
sylvan strain	吟唱之妖精
sylvestre	野树灵
sylvetrel's arm	对龙弩炮西尔韦特雷尔
sylviel the observant	历史学家 西尔维埃尔
symbiosis	共生
symmetric surge	双数爆炸
symond the unsinkable	不沉者 西蒙德
symphony fantastique	幻想交响曲
synastry	星位合图
synchronization code smell	代码异味：同步
synchronization debugger	修复错误：同步
synchronized firesnaking	点名火蛇夺浪
synchronized sequence	双手猛烈连击
synchronized smite	双手死亡猛击
synchronized strike	双手猛击
synchronized watersnaking	点名水蛇夺浪
synchroshot	齐射
synergy	协同
syntheslean	融魂前倾斩
syntheslither	曲蛇融魂斩
synthetic auracite generator	人造圣石发动机
synthetic auracite system	人造圣石系统
synthetic blades	合成剑
synthetic doblyn	合成矿妖虫
synthetic shield	合成盾
syphon strike	吸收斩
syrcus tower	希尔科斯塔
syrcus trench	希尔科斯峡谷
syricta	希里科塔
syrphid cloud	飞蝇云
syrphid swarm	飞蝇群
syrup spout	喷射汁液
system error	系统错误
system evaluation	自我诊断系统
system lock	无法使用传送装置
system shock	电气冲击
systematic airstrike	空袭阵型
systematic bombardment	波浪式轰炸
systematic siege	包围阵型
systematic suppression	扫射阵型
systematic targeting	瞄准阵型
t'ohsoq	土石之翼
t'ohts'on	土石之鼠
t.g holy sword	雷神式圣剑技
tablitaur brothers	牛魔兄弟
taco delight	夹饼欢宴
tactical aero	魔风术
tactical crystal	战术水晶
tactical pack	光狼召唤
tactical stone	魔岩术
tactical tornado	魔狂风术
tactical water	魔水术
tactician	策动
tadric the vainglorious	背信弃义 塔德里克
tag team	组队战
tail attack	尾部攻击
tail blow	摆尾
tail chase	圆尾扫
tail drive	尾部打击
tail end	煞尾
tail laser	尾部射线
tail missile	尾部导弹
tail molt	毒尾脱皮
tail mountains	尾山山脉
tail nipper	尾钳
tail of darkness	暗尾
tail of the adjudicator	审判化身的尾巴
tail of the br'aax	狞豹的尾鞭
tail screw	螺旋尾
tail slap	尾部猛击
tail smash	尾部碎击
tail snap	劈啪尾
tail spit	尾部重击
tail strike	韧尾碎击
tail swing	回旋尾
tail swipe	拍尾
tail thrust	尖尾刺
tail thwack	尾击
tail to claw	凶尾利爪
tail whip	扫尾
tailfeather	尾羽集落
tailfeather hunter	尾羽集落的猎人
tails and heads	凶尾利爪
tailward dustdevil	后方回旋沙暴
tailward sandspout	后方沙暴
tailwind	乘风
tainted earth sprite	污浊的土元精
tainted eye	不净的魔眼
tainted flood	污染洪水
tainted louse	污染血虱
tainted mold	不净的黏菌块
tainted soul	污秽之魂
tainted sprite	污浊的元精
tainted water sprite	污浊的水元精
tainted wind sprite	污浊的风元精
taintless soul	纯粹之魂
takeoff	飞翔
takers rot	枯叶堆
taking a stand	为守护笑容而战
talking colibri	学舌蜂鸟
tall mountain	涛尔·马乌恩坦
taloned gaze	头尾魔爪
taloned wings	两翼魔爪
talonmarch	鸟趾大路
talons of the luwatena	猛雕的钩爪
tam-tara banemite	塔姆·塔拉祸蛛蝎
tam-tara deepcroft	塔姆·塔拉墓园
tam-tara diremite	塔姆·塔拉凶蛛蝎
tam-tara miteling	塔姆·塔拉灵蛛蝎
tamamizu	碧玉水附近
tamamo gozen	玉藻御前
tamate-bako	玉手箱
tamed alexandrian axe beak	驯服斧喙魔鸟
tamed alkonost	驯服阿尔科诺斯特
tamed alkonost's shadow	驯服阿尔科诺斯特之影
tamed aurochs	驯服原牛
tamed bandersnatch	驯服斑攫兽
tamed beetle	驯服甲虫
tamed bifericeras	驯服对菊石
tamed canis pugnax	驯服军犬
tamed carrion crow	驯服食腐鸦
tamed cauahepya	驯服咆哮之牙
tamed coeurl	驯服长须豹
tamed cyclops	驯服独眼巨人
tamed dodo	驯服渡渡鸟
tamed drake	驯服火蛟
tamed dzo	奥儿昆德部犏牛
tamed gagana	驯服迦迦纳怪鸟
tamed garm	驯服加姆
tamed goobbue	驯服古菩猩猩
tamed grizzly	驯服灰熊
tamed hornbill	驯服犀鸟
tamed hropken	驯服欧浦肯
tamed jackal	驯服黑豺
tamed leech	驯服水蛭
tamed lion	驯服雄狮
tamed mada	驯服摩陀
tamed manticore	驯服曼提克
tamed mylodon	驯服磨齿兽
tamed panther	驯服猎豹
tamed peiste	驯服毒蜥蜴
tamed pisaca	驯服毕舍遮
tamed polar bear	驯服的极地熊
tamed puk	驯服跳蜥
tamed spriggan	驯服魔石精
tamed torama	驯服的特拉玛长须豹
tamed vawtsaral br'aax	驯服长牙狞豹
tamed warbear	驯服的战熊
tamed wivre	驯服犀蜴
tamed wolf	驯服黑狼
tamed woolback	驯服鬃背兽
tamed ziz	驯服席兹
tangata	兽斗士 坦伽塔
tangled	咒发束缚
tangled narbrooi	纠缠纳布芮依
tank purge	魔导核爆
tankardtender	酒杯刺
tansui the foxed	狂人 湛水
tantrum	怒火中烧
tao khaal	塔奥卡勒河
taoist moogle	道士莫古力娃娃
taoquan	蜪犬
tapasya	鬼武神
tapaxoli	塔帕索利巢营
taphephobia	土埋
tapper's den	啜饮洞
taproot	主根
tar pit	沥青陷阱
tar-stained buccaneer	油渍海盗
tarantula hawk	蛛鹰蜂
tarasque	塔拉斯克
tarbotaur	特暴牛头魔
tarchia	多智兽
target analysis	目标识别
target back	从右至左切换敌人
target forward	从左至右切换敌人
target left	左手目标
target right	右手目标
target search	寻找目标
targeted advance	跳跃圆割
targeted interference	请求精密炮击
targeted light	高精度光弹
targeted quake	局部地震
targeted support	请求射击
targeting	选定目标
tarichuk	塔里丘魔鸟
tartarean abyss	地狱深渊
tartarean blizzard	地狱冰结
tartarean flame	地狱烈火
tartarean flare	地狱核爆
tartarean fore	冥狱力场展开
tartarean impact	冥狱冲击
tartarean meteor	地狱陨石
tartarean quake	地狱地震
tartarean shockwave	冥狱冲击波
tartarean spark	冥狱火花
tartarean storm	地狱风暴
tartarean thunder	地狱闪雷
tartarean tomb	冥狱墓碑
tartarean twister	地狱龙卷
tartarus	冥狱
tartarus mode	冥狱芯片
tartufo	塔图芙
tasogare bridge	黄昏桥
taste dirt	玩泥巴
taste of blood	鬼哭血散斩
taste of fire	糖糖火炎
taste of thunder	糖糖闪雷
tatabi tenfingers cell	十指塔塔比的单牢
tatami trap	设置陷阱
tatami twist	榻榻米翻转
tatami-gaeshi	掀地板之术
tatsunoko	龙之子
taulurd	陶拉德
taurochole	白牛清汁
taurus minion	随从牛头魔
taurus piece	奇子·牛头魔
taxim's thrall	塔克西姆的奴隶
tcaridyi	悬赏魔物：卡莉蒂
tea awhirl	旋转茶杯
teacup kapikulu	门小奴
teag gye	微睡之泉
team spirit	合作神精
tear of night	恶梦飞沫
teardrops in the rain	雨中泪
tears from hell	酸性雨
tears of remorse	悔恨痛哭
tears of the gods	伊奇丝安帕之神泪
tearspent	抚慰的泪痕
teary twirl	洋葱汁
teasing tangles	咒发拘束
teasing thunder	恶作剧闪雷
tebqeyiq	猎船岛
techne makre	术道恒久
technical finish	技巧舞步结束
technical step	技巧舞步
tectonic eruption	构造喷发
tectonic shift	地壳变动
tectonic uplift	地壳上升
tectonics	地壳变动
tedalgrinche overbright	威光 提达尔格兰什
tele-portent	唰啦啦传送
tele-trouncing	唰啦啦传送
telekinesis	念力
teleoceras	远角犀
teleport	传送
telltale tears	幽魂之泪
telluric theorem	地隆法
telmatology	热带展示厅
telobrobinyak	终末布罗宾雅克
telocanis	终末军犬
teloclaw	终末魔导死亡爪
telodragon	终末巨龙
telodragonet	终末幼龙
telomania	终末狂热
telotek armored weapon	终末武装重甲
telotek colossus	终末魔导巨兵
telotek gamma	终末伽马
telotek gunship	终末炮艇
telotek hexadrone	终末六轮装甲
telotek predator	终末魔导猎手
telotek reaper	终末魔导死神
telotek sky armor	终末浮空装甲
telotek vanguard	终末魔导先锋
telotulihand	终末火尾飞蜥
telovouivre	终末薇薇尔飞龙
telsonic tempest	尾节旋风
telum praetorianum	禁卫武装重甲
temenos rookery	圣林牧场
temper's flare	熊熊核爆
tempera coat	坦培拉涂层
tempera grassa	油性坦培拉涂层
temperance	节制
temperance of the alacran	钳蝎帮节欲术士
tempered brand	贝拉哈迪亚法师
tempered captive	被控制的兽人
tempered champion	精炼斗王
tempered gladiator	精炼剑手
tempered huntress	精炼女猎手
tempered imperial	被控制的帝国兵
tempered orator	精炼辩士
tempered pikeman	精炼枪兵
tempered release	释放
tempered slave	精炼者奴隶
tempered spearwife	精炼矛妻
tempered striker	精炼强击手
tempered sword	贝拉哈迪亚士兵
tempered sylph	精炼妖精
tempered sylvan scream	精炼呻吟之妖精
tempered sylvan sough	精炼清飒之妖精
tempered virtue	节制之杖
tempered will	钢铁意志
tempest	黑风海
tempest biast	暴风雷蛟
tempest gate	暴风陆门
tempest of anguish	苦痛魔风
tempest piece	雷暴云
tempest swallow	黑风海燕
tempest wing	风暴之翼
tempestuous force	风剑气
tempestuous orb	大冰球
tempestuous tear	暴风裂
tempestuous temper	电闪
tempestuous wrath	狂风暴雨
temple banneret	神殿骑士团枪骑兵
temple bat	圣堂蝙蝠
temple bee	圣堂蜂
temple bell	环境音：寺院钟鸣
temple chirurgeon	神殿骑士团医师
temple coeurl	寺院长须豹
temple croc	圣堂巨鳄
temple doblyn	寺院矿妖虫
temple fox	圣堂狐蝠
temple guardian	圣堂守卫
temple knight	神殿骑士团骑兵
temple knight guard	神殿骑士团的卫兵
temple knight heavy infantry	神殿骑士团重装骑兵
temple knight light infantry	神殿骑士团轻装骑兵
temple knight magicker	神殿骑士团魔法兵
temple knight squire	神殿骑士团侍从骑士
temple mite	圣堂蛛蝎
temple mossling	寺院苔小妖
temple mummy	圣堂木乃伊
temple of the fist	星导寺
temple pup	寺院长须豹幼崽
temple stones	石窟寺群
temporal barrier	时间停止无效
temporal curtain	空间裂断
temporal displacement	时间停止
temporal flow	时间解冻
temporal interference	时空干涉
temporal paradox	时间悖论
temporal prison	时间牢狱
temporal sand	时之沙
temporal stasis	时间停止
temporal tear	空间裂缝
temporary camp	临时据点
temporary current	临时洋流
temporary insanity	精神失常
temporary misdirection	精神失常
temporary regulator storage	调魂器临时保管处
tempted to tango	舞蹈：魅惑探戈
tempting tango	魅惑探戈
tempting twist	甜心旋风
ten chi jin	天地人
ten oohr	毁坏不堪的根基
ten thousand stalls	百货市场
ten thousand steps	万千踩踏的路
ten-no-shiki	天之式鬼
ten-thousand-year pine	万年松
tenacity	坚毅
tender anaphylaxis	爱情过敏
tender drop	酒桶散花
tender flex	威猛酒桶刺
tender fury	重量级碎击
tender lamb	睡羊羊
tender loin	松松肉
tender love	柔爱
tender valley	仙人刺谷
tender vittle	娇嫩的储备粮
tendo goken	天道五剑
tendo kaeshi goken	天道回返五剑
tendo kaeshi setsugekka	天道回返雪月花
tendo setsugekka	天道雪月花
tendo setsugekka ready	天道雪月花预备
tendo the mirrored	天道
tendon ripper	撕裂之风
tendrils of terror	荆棘缠缚
tenebrae lemurum	暗夜游魂
tenebrism	暗色主义
tenebrous grasp	黑暗咒缚
tenebrous missile	阴森导弹
tengentsu	天眼通
tengentsu's foresight	通天眼
tengu doll	天狗玩偶
tengu ember	天狗火
tengu-yobi	召唤天狗
tenka gojin	天下五刃
tenka goken	天下五剑
tenkonto	转魂塔广场
tenri jindo	天理人道
tenri jindo ready	天理人道预备
tenstrike trio	连击的三重奏
tentacle	腕足
tentacle dig	触手潜行
tentacle simulation	加载腕足模拟程序
tentacle whip	触须鞭
tenth blade	第十刃区
tentoawa the wide eye	不眠勇士 特恩托瓦
tentoawa the wide heart	铜筋铁骨 特恩托瓦
tepeke the contrite	救过补缺 帖佩切
tera scream	绝啸
tera slash	万亿斩击
tera tempest	万亿风暴
teraflare	万亿核爆
teratotaur	巨齿牛头魔
teredo moth	方舟瓦魔蛾
teredo worm	方舟瓦魔蛾幼虫
terminal antilight	终末暗黑光
terminal bloom	末日绽放
terminal bot	中央终端机器人
terminal claw	中央终端魔爪
terminal dataguarder	中央终端保卫者
terminal disaster	终末灾祸
terminal leptocyon	中央终端细犬
terminal relativity	时间压缩·合
terminal sting	终结针枪
terminal trigger	终结击
terminal turret	中央终端炮塔
terminal velocity	终端速度
terminal watchman	中央终端看守
terminate	终结
terminus	轨道车站
terminus beholder	终末的凝视
terminus bellwether	终末的指引
terminus crier	终末的哭号
terminus detonator	终末的起爆
terminus drainer	终末的枯竭
terminus est	恩惠终结
terminus flesher	终末的切削
terminus horror	终末的恐惧
terminus howler	终末的怒嚎
terminus idolizer	终末的爱慕
terminus lacerator	终末的撕裂
terminus moaner	终末的呻吟
terminus pursuer	终末的追捕
terminus reaper	终末的收割
terminus robber	终末的掠夺
terminus roiler	终末的动荡
terminus shadower	终末的阴影
terminus shriver	终末的赦罪
terminus slitherer	终末的匍匐
terminus snatcher	终末的抢夺
terminus sprinter	终末的狂奔
terminus stalker	终末的追踪
terminus trampler	终末的践踏
terminus twitcher	终末的抽搐
terminus vanquisher	终末的征服
terminus weeper	终末的哭泣
terminus wrecker	终末的破坏
ternary charge	三重放电
terncliff	燕鸥崖
terncliff bay	燕鸥崖海湾
terra firma	大地基地
terrastorm	迟缓地暴
terrestrial artifice	创造大陆层
terrestrial chains	大地的束缚
terrestrial rage	大地之怒
terrestrial titans	大地的呼唤
terrestrial weaponry	陆战兵器开发室
terrible blade	恐怖的大剑
terrible flurry	风暴
terrible hammer	恐怖的战锤
terrifying glance	恐惧之瞳
terrirotial killer ant	护领杀人蚁
terrirtorial pteranodon	护领无齿翼龙
territorial abyss	护领深渊
territorial acrocat	护领飞天猫
territorial aerostat	护领航空机
territorial aevis	护领龙鸟
territorial ageless melia	护领不老枯树精
territorial ahriman	护领冥鬼之眼
territorial alexandrian axe beak	护领斧喙魔鸟
territorial almasty	护领阿尔马斯提
territorial alpaca	护领羊驼
territorial amphiptere	护领安菲瑟龙
territorial amphisbaena	护领双向海龙
territorial anemone	护领风花
territorial antling princess	护领灵蚁公主
territorial antling sentry	护领灵蚁警卫
territorial antlion	护领蚁狮
territorial armadillo	护领犰狳
territorial aspis	护领毒蝰
territorial asterodia	护领阿斯忒罗堤亚
territorial asvattha	护领阿输陀花
territorial aurelia	护领海月水母
territorial axe beak	护领斧喙魔鸟
territorial bandercoeurl	护领斑攫豹
territorial banemite	护领祸蛛蝎
territorial baras	护领伯尔斯虎
territorial barbmole	护领棘鼹
territorial baritine croc	护领中音巨鳄
territorial basket	护领篮筐
territorial bat	护领蝙蝠
territorial bavarois	护领奶冻怪
territorial beetle	护领甲虫
territorial belladonna	首领剧毒美人
territorial berkanan	护领贝尔卡楠
territorial bhujamga	护领曲蛇
territorial biast	护领雷蛟
territorial bifericeras	护领对菊石
territorial billygoat	护领公山羊
territorial bird of elpis	护领厄尔庇斯之鸟
territorial bird of tural	护领图拉尔之鸟
territorial blazing soul	护领火焰之魂
territorial bloodsucker	护领吸血怪
territorial boar	护领疣猪
territorial bogy	护领妖魂
territorial bolt hound	护领雷电猎犬
territorial bomb	护领爆弹怪
territorial bombfish	护领爆弹鱼
territorial branchbearer	护领拟鸟枝
territorial brobinyak	护领布罗宾雅克
territorial brownie	护领棕仙
territorial buzzard	护领秃鹫
territorial byrgen	护领坟灵
territorial cactuar	护领仙人掌
territorial calx	护领石灰灵
territorial cama	护领卡玛
territorial canis lupinus	护领军用狼犬
territorial caribou	护领驯鹿
territorial ceratoraptor	护领角盗龙
territorial cerule anala	护领青磷阿那罗
territorial cerule bomb	护领青磷爆弹怪
territorial ceruleum zoblyn	护领青磷矿怪虫
territorial chamrosh	护领查姆洛什鸟
territorial chaochu	护领庞口花
territorial chapuli	护领蚱蜢
territorial chelone	护领海石龟
territorial cliffkite	护领壁崖飞鸢
territorial clionid	护领冰海天使
territorial coblyn	护领矿爬虫
territorial cobra	护领眼镜蛇
territorial cockatrice	护领魔蛇鸟
territorial coeurl	护领长须豹
territorial coeurl pup	护领长须豹幼崽
territorial colibri	护领蜂鸟
territorial condor	护领秃鹰
territorial coralshell	护领珊瑚壳
territorial crag claw	护领峭壁巨钳虾
territorial crown tuco tuco	护领云冠巨嘴鸟
territorial cryoconite	护领冰小藻
territorial cubus	护领卡部斯
territorial cyclops	护领独眼巨人
territorial dagon	护领大衮
territorial danbania	护领刺枪鱼
territorial daphnia	护领月蚤
territorial deathgaze	护领死亡凝视
territorial deep-sea leech	护领深海水蛭
territorial deepeye	护领深瞳
territorial devilet	护领小恶魔
territorial dhara	护领野陀罗
territorial diremite	护领凶蛛蝎
territorial diresaur	护领变种龙
territorial djigga	护领血蚤
territorial doblyn	护领矿妖虫
territorial dodo	护领渡渡鸟
territorial draco	护领蜥龙
territorial dragon	护领巨龙
territorial dragonfly	护领蜻蜓飞蜥
territorial drake	护领火蛟
territorial dullahan	护领无头骑士
territorial dynamite	护领炸药怪
territorial eblan bear	护领艾布拉纳熊
territorial eblan icetrap	护领艾布拉纳寒冰陷阱草
territorial echevore	护领石莲猬
territorial echo	护领回声
territorial eft	护领水蜥
territorial elder syricta	护领古老希里科塔
territorial eyeclops	护领孤眼巨人
territorial falcon	护领游隼
territorial feral croc	护领野生巨鳄
territorial firefly	护领萤火虫
territorial floating eye	护领浮游之眼
territorial flowertender	护领仙人花
territorial fluturini	护领浮蝶
territorial fly	护领噪蜻蜓
territorial fly agaric	护领毒蝇伞
territorial flying popoto	护领飞天新薯
territorial flytrap	护领陷阱草
territorial frost grenade	护领寒霜榴弹怪
territorial fungus	护领魔菇
territorial gaelicat	护领风筝猫
territorial gagana	护领迦迦纳怪鸟
territorial gaja	护领伽迦象
territorial gallimimus	护领似鸡龙
territorial gargoyle	护领石像鬼
territorial gazellehawk	护领羚鹰蜂
territorial gedan	护领獦狚
territorial gelato	护领明胶怪
territorial genomos	护领格诺莫斯
territorial ghilman	护领古拉姆
territorial gigantender	护领巨人掌
territorial gigantoad	护领巨蟾蜍
territorial gizamaluk	护领基札玛路克
territorial glider	护领飘龙
territorial gnoll	护领异豺
territorial gomphotherium	护领嵌齿象
territorial greatwood rail	护领大森林秧鸡
territorial gremlin	护领白色格雷姆林
territorial griffin	护领狮鹫
territorial gritclaw	护领砂砾巨钳虾
territorial gulgnu	护领格鲁格角马
territorial gulo gulo	护领狼獾
territorial hammerhead	护领锤头鳄
territorial hamsa	护领桓娑鸟
territorial hanuman langur	护领长尾神猴
territorial hare	护领兔蝓
territorial harpeia	护领哈佩亚鸟妖
territorial harpuia	护领哈耳庇厄鸟妖
territorial hawker	护领鹰蜓
territorial hedgemole	护领针鼹
territorial hippe	护领水马
territorial hippogryph	护领骏鹰
territorial hippomaritimus	护领海栖马
territorial hobgoblin	护领大哥布林
territorial hoptrap	护领阱蛇麻
territorial hornbill	护领红角犀鸟
territorial hound	护领猎犬
territorial huldu	护领爆岩怪
territorial irismoth	护领虹膜蛾
territorial ironbeard	护领自走人偶
territorial islekeeper	护领空岛卫士
territorial jackal	护领黑豺
territorial jotunn	护领霜巨人
territorial kacchapa	护领喀恰帕龟
territorial kalong	护领狐蝠
territorial karakul	护领黑羊
territorial katobleps	护领卡托布莱普塔
territorial ked	护领巨虻
territorial koja	护领高加颅
territorial korrigan	护领柯瑞甘
territorial leafkin	护领蓝叶灵
territorial lemur	护领狐猴
territorial lesser apollyon	护领小亚波伦
territorial lily bulb	护领球茎
territorial limascabra	护领火焰贝
territorial lindwurm	护领森疾龙
territorial lizard	护领蜥蜴
territorial longjaw	护领巨颚蜥
territorial lotis	护领覆笼草
territorial luminion	护领遗光
territorial lunatender	护领月面仙人刺
territorial luncheon toad	护领山鸡
territorial mandragora	护领蔓德拉
territorial marmot	护领栗鼠
territorial marshmallow	护领果酱怪
territorial maultasche	护领饭袋猩猩
territorial megalocrab	护领巨型陆蟹
territorial megamaguey	护领巨龙舌兰
territorial miacid	护领细齿兽
territorial mirrorknight	护领镜骑士
territorial mnyiri	护领触手鮟
territorial mole	护领鼹鼠
territorial morbol	护领魔界花
territorial morbol seedling	护领幼苗
territorial morozko	护领严寒怪
territorial moss fungus	护领苔菇
territorial moth	护领加提卡蛾
territorial mourner	护领哀悼者
territorial muu shuwuu	护领邪鸟木绍布
territorial mylodon	护领磨齿兽
territorial myrmeleon	护领蚁蛉
territorial nanka	护领南加
territorial nannygoat	护领母山羊
territorial narbrooi	护领纳布芮依
territorial naryordor	护领纳由多
territorial necrosis	护领坏死花
territorial ngozi	护领恩戈齐
territorial nopalitender	护领圆扇刺
territorial ochu	护领大口花
territorial once-knight	护领菁灵骑士
territorial ophion	护领兽身异蛇
territorial ophiotauros	护领蛇牛
territorial orobon	护领鬼鮟鱇
territorial osculator	护领亲吻蛭
territorial other	护领再者
territorial outrunner	护领外勤机
territorial ovibos	护领麝牛
territorial pack paissa	护领群落猴面雀
territorial paissa	护领猴面雀
territorial pantera	护领斑豹
territorial pelican	护领鹈鹕
territorial pephredo	护领刻毒蜂
territorial phanopsyche	护领明灵蛾
territorial phooka	护领普卡精
territorial phorusrhacos	护领恐鹤
territorial phurble	护领白毛球
territorial pisaca	护领毕舍遮
territorial plasmoid	护领离子电
territorial pneumobomb	护领有生爆弹怪
territorial polar bear	护领极地熊
territorial porxie	护领仙子猪
territorial pudding	护领软糊怪
territorial pugil	护领陆鱼
territorial puk	护领跳蜥
territorial purple morpho	护领紫闪蝶
territorial rail	护领岛屿秧鸡
territorial rainbow gastornis	护领彩虹冠恐鸟
territorial raptor	护领盗龙
territorial ratel	护领蜜獾
territorial regolith	护领月壤
territorial remembird	护领记忆鸟
territorial revenant	护领亡魂
territorial rhino beetle	护领犀甲虫
territorial rime tursus	护领伊尔萨巴德图苏斯水龙蜥
territorial rockfin	护领石鳍鲨
territorial ronkan doll	护领隆卡人偶
territorial ronkan thorn	护领隆卡石蒺藜
territorial ronkan vessel	护领隆卡器皿
territorial rose	护领玫瑰
territorial roselet	护领小红花
territorial rroneek	护领犎牛
territorial sabotender	护领仙人刺
territorial salamander	护领蝾螈
territorial sand iguana	护领沙鬣蜥
territorial sandworm	护领沙虫
territorial sanguiptere	护领血红瑟龙
territorial sankchinni	护领山克芹尼
territorial sarracenia	护领避阳之花
territorial scarab beetle	护领圣甲虫
territorial scorpion	护领毒蝎
territorial screamer	护领尖叫雕
territorial sea anemone	护领海风花
territorial sea wasp	护领海蜂水母
territorial serpent	护领巨蟒
territorial shelled dragon	护领龟甲龙
territorial silkmoth	护领丝蛾
territorial silver lobo	护领奥阔银狼
territorial silver wolf	护领银狼
territorial skeleton	护领尸鬼
territorial slime	护领粘液怪
territorial slug	护领蛞蝓
territorial snapweed	护领捕捉草
territorial snipper	护领利螯陆蟹
territorial spriggan	护领魔石精
territorial sprite	护领元精
territorial stag	护领雄羚羊
territorial steinbock	护领小羚羊
territorial stellar amphiptere	护领星宇安菲瑟龙
territorial stellar dragonfly	护领星宇蜻蜓飞蜥
territorial stoneshell	护领石壳蟹
territorial sun bear	护领太阳熊
territorial swallow	护领海燕
territorial swampmonk	护领沼泽鬼鱼
territorial sweeper	护领清扫者
territorial swine	护领狂野豚猪
territorial syricta	护领希里科塔
territorial syrphid cloud	护领飞蝇云
territorial t'ohsoq	护领土石之翼
territorial talos	护领塔罗斯
territorial thinker	护领思考之物
territorial thistle mole	护领棘刺鼹鼠
territorial tiger	护领猛虎
territorial timberman	护领绿人
territorial toco toco	护领巨嘴鸟
territorial tomatl	护领酸浆果
territorial tomaton	护领黏浆果
territorial toucalibri	护领巨喙蜂鸟
territorial treant	护领树精
territorial triffid	护领三尖树
territorial trimmer	护领修剪螳螂
territorial troll	护领巨魔
territorial tumbleclaw	护领风滚蟹
territorial turali ratel	护领图拉尔蜜獾
territorial ty'aitya	护领小鸣鼠
territorial ufiti	护领黑猩猩
territorial uolon	护领呜噜怪
territorial uragnite	护领乌菊石
territorial urchinfish	护领海胆
territorial vajralangula	护领金刚尾
territorial vampire vine	护领吸血藤树
territorial vodoriga	护领石像魔
territorial vouivre	护领薇薇尔飞龙
territorial vulture	护领兀鹫
territorial wamouracampa	护领瓦魔蛾幼虫
territorial wanderer	护领彷徨之物
territorial warg	护领座狼
territorial weapon	护领恶魔兵装
territorial weeper	护领叹息之物
territorial westerly sanuwa	护领西方腾云蛇
territorial widowmaker	护领屠夫食蚁兽
territorial wisp	护领妖火
territorial wivre	护领犀蜴
territorial wolf	护领黑狼
territorial woodsman	护领树林人
territorial wyvern	护领双足飞龙
territorial ya-te-veo	护领食人花
territorial yabby	护领虾蛄
territorial yarzon	护领盲头蟹
territorial yeti	护领大脚雪人
territorial yetitrap	护领雪人陷阱草
territorial yggdreant	护领世树精
territorial ymir	护领观梦贝
territorial young coeurl	护领幼年长须豹
territorial ziz	护领席兹
territorial zoblyn	护领矿怪虫
territorial zombie	护领僵尸
terror eye	恐怖眼
terror sphere	恐怖球
terror touch	恐怖触摸
terror unleashed	恐惧释放
terrorizing miasma	恐惧瘴气
tertium	第三站
tertius terminus est	恩惠终结：叁
tesata bay	台萨塔海湾
tesh'pyani village	台夏帕尼废村
tessellation	密铺铁桥
test cavern 1-p	结晶化实验洞
test subject viii dabog	实验体VIII号 达波格
testing compound	实验区
testudo	掩护盾
testy tatsunoko	愤怒的龙之子
tetchy tatsunoko	凶暴的龙之子
tetra burst	四方爆炸
tetrabrid blaster	四重冲击波
tetraflare	四分核爆
tetragrammaton	神名
tetraktuos kosmos	圣十结构·秩序
tetraktys	圣十结构
tetrapagos	寒枪四连
tetrapagos hailstorm	寒枪四连之雹枪
tetrapagos leftrime	寒枪四连之左枪
tetrapagos rightrime	寒枪四连之右枪
tetrapagos swirl	寒枪四连之涡枪
tetrapagos thrust	寒枪连刺
tetrashatter	结晶破碎
teulzacq	特勒扎克
teushs ooan	提乌嘶·澳恩
th'uban	图斑天龙
thal's fury	来生神之怒
thal's judgment	来圣神审判
thal's respite	札尔神祠
thalaos	撒拉奥斯的遗骸
thaleia	荣华神域塔利亚
thaliak	沙利亚克
thaliak river	沙利亚克河
thaliak stoa	才流柱廊
thaliak's favor	沙利亚克的恩宠
thaliak's ward	沙利亚克的加护
than oskh	桑·欧斯克
than oskh devotee	桑·欧斯克的侍从
thanalan	萨纳兰
thanatology room	死之间
thanatos	塔纳托斯
thanatos piece	奇子·塔纳托斯
thancred	桑克瑞德
thancred's avatar	桑克瑞德的幻体
tharl oom khash	惋惜之晶遗迹
thatchroot	算命树之根
thaumaturge	咒术师
thaumaturges guild	咒术师行会
thaumazein	惊愕所
thavnair	萨维奈岛
thavnair margin	萨维奈岛近海
thavnair spectral current	萨维奈岛近海幻海流
thavnairian coast	萨维奈岛近海
thavnairian consulate	拉札罕大使馆前
thavnairian dance	萨维奈舞
thavnairian jhammel	萨维奈长颈骆
thavnairian mite	萨维奈蛛蝎
thavnairian miteling	萨维奈灵蛛蝎
thavnairian refugee	萨维奈的难民
thavnairian tortoise	萨维奈龟
the abacus	算盘大街
the abyssal fracture	红月深处
the accensor gate	追随者之门
the accused	指控尸鬼
the admiral's waterspire	海将水渠
the admiral's waterspire subdivision	[扩建区]海将水渠
the aery	龙巢神殿
the aesthete's tholos	恩惠圆顶屋
the aether compass	风脉仪
the aetherbridge foundation	魔力桥基
the aetherfont	哈姆岛
the aetherial sea	星海
the aetherial slough	滞淀海域
the aetherochemical research facility	血战苍穹魔科学研究所
the aftcastle	舰尾楼
the ageless necropolis	死亡满溢之地
the agora	腐坏的大路
the agrius	残骸
the airship	飞空艇（最终幻想IV）
the aitiascope	寻因星晶镜
the ala mhigan quarter	阿拉米格人居住区
the alermuc climb	阿拉木特城下
the allagan pits	亚拉戈试掘坑
the alphatron star	阿尔法坦星
the altar assembly	神殿蔓德拉战队
the altered gate	岩户返
the amaro launch	阿马罗栈桥
the ancient city	古都
the anemone gardens	石牡丹岩窟
the anemos seam	常风结晶脉
the answering quarter	萨雷安治学区
the antitower	颠倒塔
the anvil	金砧塔
the approach	金字塔陆桥
the aquapolis	水城宝物库
the aqueduct	德尔塔水务局
the arcadion	阿卡狄亚协会
the archeion	公堂保管院
the architects	建国十二骑士像
the archive eternal	理念保管库
the arithmetician's cup	算术士洞窟
the arkhitekton	宗匠大工房
the arms of meed	赎罪之腕
the arrapago remnants	阿剌帕各遗迹
the arrow	放浪神之箭
the art of darkness	暗之战技
the arterial climb	登阶台
the aspersory	雾碟
the astral tier	兵武塔星极层
the asulon	阿思珑遗迹
the atelier	格里奥勒的睡床
the atrium	心房
the auction	家畜卖场
the audience chamber	次元城大殿
the aurum vale	黄金谷
the avatar	降世化身
the avenger	复仇者
the azim steppe	太阳神草原
the azure price	苍穹之珠
the backroom	后房
the balance	太阳神之衡
the baldaquin	天顶区
the baldesion annex	巴尔德西昂分馆
the ballroom	爸爸的舞厅
the balm of disgrace	污秽之言
the banded lid	金库门
the bannock	烤饼练兵所
the banquet hall	妈妈的餐厅
the barber	野战医院
the barbican	碉楼
the barbs	战争神之间
the barracks	骑兵驻所
the barrel	养殖场
the barren arena	寒冰圆形剧场
the basement	兵武塔底层
the bastion	棱堡
the bathing pools	水妖浴场
the battle on bekko	决战龟甲岛
the battlehall	幻卡对局室
the bayside battleground	海岸斗场
the beast	云海兽巢
the beast's chains	最强锁链
the bed of bones	大脚雪人居所
the beehive	蜂箱夜总会
the beholder	凝视深瞳
the belfry	影之钟楼
the bellows	排水管理室
the belly	兵武塔中层
the belt	束带路
the bhaflau remnants	巴弗剌乌遗迹
the big cheese	大笑脸
the big one	大家伙
the bird of prey	从天而降的猛禽
the bismarck	俾斯麦餐厅
the biting brand	灵风之剑
the bitter end	尽灭
the black death	黑死吐息
the black eft	魔导死神改
the black rider	深黑骑士
the black shroud	黑衣森林
the blackened meadow	青烟牧场
the blackest night	至黑之夜
the blacklands	遗烬大地
the bleached shelf	纯白石场
the bleed	血流
the blessed passage	祝福之路
the blessed treasury	宝物殿
the blood of meracydia	美拉西迪亚的血仇
the bloodbrine sea	绯汐海
the bloody transept	惨剧的翼廊
the blue crypt	苍墓
the blue sands	青磷水沙层
the blue window	蓝天窗
the bobbing cork	浮栓亭
the bole	世界树
the bonfire	狼烟丘
the bookman's shelves	笃学者庄园
the bore	大沙虫的通道
the boroughfare	园区大街
the boundless plains	大平原
the bowl of embers	伊弗利特讨伐战
the boyahda tree	波亚达树
the bozja incident	博兹雅堡垒蒸发事件
the bozjan southern front	南方博兹雅战线
the braid	螺旋回廊
the bramble patch	荆棘森
the brewer's beacon	酿酒师灯塔
the bridge	海将舰桥
the bridges	石桥
the bright cliff	光明崖
the brimming heart	雄心广场
the brimming heart subdivision	[扩建区]雄心广场
the broken link	破损链接
the bronze bull	迷惘剑 布隆兹·布尔
the bruise	紫黑森林
the brume	云雾街
the builder's art	比尔格之技艺
the builder's forge	工艺神创
the bull's bath	猛牛浴池
the bull's pen	牛魔盆景
the bull's steel	战争狂的决意
the bull's voice	野牛咆哮
the bureau of immigration	入国审查局
the bureau of registration	移民登记局
the burn	终末焦土
the burning field	星战士团训练场
the burning heart	龙炎核心
the burning sky	灾变流星
the burning steppe	燎原之火
the burning village	焦热村落
the burning wall	火墙
the buttress	树根层
the cabinet of curiosity	博物陈列馆
the cage	巢营门前
the calamity retold	灾厄重现军事演习
the caliban gap	卡利班古巢
the caliban gorge	卡利班深海峡
the calm	沉溺波动
the cameral chamber	太阳神大堂
the canal crew	运河蔓德拉战队
the canopy	树梢层
the cant below	上层
the capitol	国会议事堂
the cardinal gate	朱青之门
the carmine kitchen	赤红厨房
the carrotorium	胡萝卜所
the catenaries	悬链公馆
the cathedral	古代大教堂
the cattery	豹子窝
the caustic purgatory	猛毒生物隔离层
the celestial nexus	宿星之座
the cenotaph	先贤伟业纪念碑
the centaur's eye	半人马之眼武具店
the central circuit	内环
the central columns	中央魔力桥脚
the cerulean cexudross	绀碧地门
the chain	环链之间
the chamber of fourteen	十四席大堂
the chamber of knowledge	亚希纳临时实验场
the chamber of revolutions	双月之间
the chamber of rule	乌尔达哈王政厅
the chancel	冰天宫礼拜堂
the chantry	放浪神礼堂
the chaos shrine	过去的混沌神殿
the charnel parlor	安灵所
the chiliad	千山
the chillmark	冷却洞
the chisel	凿岩门
the chivalric sphere	骑士城苑
the chlorophosgrot	荧光洞
the chlorophospond	荧光池
the choler	胆汁谷
the chosen path	决意之路
the chrysalis	戒律之茧
the chthonic horns	异土庭
the churning mists	翻云雾海
the cieldalaes	谢尔达莱群岛
the circles of answering	顿悟圆座
the citia swamps	希秋亚湿原
the city of treno	特雷诺市区
the classical concepts	元素理念
the classical elements	经典元素
the clave	击木灯塔
the clever roost	智德狭路
the clevering	哥布林科学研究室
the clockwork castletown	机关大殿
the clockwork coliseum	高古斗技场
the closed fist	星导寺大殿
the cloud deck	钻石神兵捕获作战
the cloud that laughs	狂笑云社
the clutch	执掌峡谷
the clyteum	克吕提俄斯魔导工厂
the coattails	踏裾桥
the codex of darkness	隆卡黑暗之章
the codex of gravity	隆卡重力之章
the codger's crook	怪人小屋
the cold throne	岩窟王宝座
the coliseum	斗技场
the collectors quarter	萨雷安屯集区
the color of depression	沉痛之色
the comet's tail	流星尾
the commercium	商业区
the compound	融合的人偶群
the condemned	谴责之魂
the cones	松塔林
the confluence	传送魔法研究所
the convictory	圣菲内雅连队露营地
the cookpot	岩锅
the cope	试炼披风
the copied factory	复制工厂废墟
the coral banquet	珊瑚台
the core	伊甸内核
the cornice	时空潜行装置中枢
the cornice of favor	御前斗技台
the cornservant	玉米大人
the corpse hall	斩
the cosmoor	宇宙门关
the crab pots	蟹茹滨
the cradle of darkness	暗之摇篮
the cranial plate	头部甲板
the cranium	亚历山大之首
the crock of pearls	珍珠沙壶
the cromlech	曲石祭坛
the cross of blades	兵刃之间
the crossroads	十字大堂
the crown	霸王格斗场
the crown lift	树冠梯
the crown of karnak	卡纳克城塞
the crumbling hold	城塞内部
the crushing brand	灵土之剑
the crying dark	悲叹竖井
the crystal dragon's bloom	水晶龙的领地
the crystalline mean	中庸工艺馆交易
the crystallum	魔晶堂
the crystarium	水晶都
the crystarium aetheryte plaza	以太之光广场
the curator	博物总管
the curse	咒剑斩
the daens	代恩·卫德罗儿
the daggers	小刀石柱群
the dairyu chain	大龙山脉
the dairyu moon gates	大龙月门
the dancing plague	妖灵王舞场
the danneroad	龙人路
the dark beckons	黑暗侵蚀：重击
the dark binds	黑暗侵蚀：锁链
the dark devours	黑暗侵蚀
the dark divides	黑暗侵蚀：飞散
the dark doubles	黑暗侵蚀：双重
the dark inside	月球深处
the dark invitation	炼狱入口
the dark's embrace	黑暗的拥抱
the darker	至暗所
the darkhold	泽梅尔要塞
the dawn star	晨曦之星
the dawn throne	晨曦王座
the dawn trial	晨曦之试炼
the dawn visage	晨曦之颜
the dawnherald	曙歌大鼓
the dead ends	末世终迹
the deathservant	祭品大人
the deceit of pain	溃烂之言
the deceiver	伪神面具
the decisive battle	决战
the deep	地下深层
the deep beckons	海魔斗气
the deep below	以太池
the deep reaches	海魔冲击
the deep rends	海魔斩击
the deep seeks	海魔强击
the deep tangle	纠缠沼泽林源流
the defoliator	食叶虫
the deliberating doll	瞑目石兵
the delousery	洗濯室
the demon's claw	鬼神之爪
the depths	深层
the derelicts	废船街
the derrick	铁架塔
the descent	横断崖
the destroyer	破坏神像
the destroyer's might	拉尔戈之威能
the dewspun bank	露草河岸
the diablo armament	迪亚布罗魔兵
the diadem	云冠群岛
the diadem hunting grounds	云冠群岛黄昏探索（狩猎专用）
the diamond forge	钻石工房
the diamond weapon	钻石神兵
the dig	先遣队采掘场
the dimensional brake	时空潜行装置
the dire deepcroft	废弃墓地
the dive	潜洞
the divine audience	圣礼拜台
the divine sphere	国王宫殿
the divine threshold	神前石门
the doman enclave	多玛飞地
the dossal gate	幔布门
the dragging tail	尾之道
the dragon star observatory	龙星观测站
the dragon's breath	雷鸣吐息
the dragon's curse	龙咒
the dragon's eye	龙眼之光
the dragon's gaze	龙眼之邪
the dragon's glory	邪龙目光
the dragon's mouth	大龙关门
the dragon's neck	艾玛吉娜杯斗技大会决赛
the dragon's rage	邪龙魔炎
the dragon's roar	雷电大咆哮
the dragon's struggle	大龙瀑水底
the dragon's voice	雷电咆哮
the dragonstar	龙星
the dravanian forelands	龙堡参天高地
the dravanian hinterlands	龙堡内陆低地
the dream she lived	她生前的时代
the dream she lost	她将逝的时代
the dreamer's run	彩蛋预言鸡舍
the dreaming dragon	卧龙岛
the driftdowns	终流地
the drowning brand	灵水之剑
the drowning wench	沉溺海豚亭
the drunken toad	醉蛙小屋
the dry sands	枯水沙层
the dryroad	湿地小路
the duergar mountains	侏儒山脉
the duergar's tewel	侏儒烟囱
the dungeon crew	宝库蔓德拉战队
the dungeons	次元城地下牢狱
the dusk star	暮晖之星
the dusk throne	暮晖王座
the dusk trial	暮晖之试炼
the dusk vigil	冰雪废堡暮卫塔
the dusk visage	暮晖之颜
the dust yoke	沙兔的封印
the dying gasp	末日亚马乌罗提
the east hammer	一号打桩塔
the eastern columns	东部魔力桥脚
the eastern edge	东缘崖
the eastern kholusian coast	珂露西亚岛东海岸
the eastern ruby sea	红玉海底东部
the eblan rime	艾布拉纳冰原
the eblan thaw	艾布拉纳不冻池
the echelon	斜行升降机
the echo	超越之力
the eddies	云水塘
the edge	隐忍之刃
the edge unbound	妖刃无双
the educator	管教
the educator boot sequence	管教装置启动
the eight sentinels	八剑士前庭
the eighteenth floor	开发室
the element of surprise	速攻军学书
the emerald nervure	叶脉绿道
the emerald weapon	绿宝石神兵
the emergent	树叶层
the emperor of anemos	常风皇帝
the emperor's throne	始皇宝座
the emperor's wont	魔导军团
the empty	空无大地
the empty pocket	无钱洞
the enceladeum	恩塞拉都斯魔导工厂
the enclave barracks	巡逻队驻所
the enclave demesne	农耕地
the end	终结时刻
the end's embrace	引导之翼
the endless draught	不息风口
the endless draught subdivision	[扩建区]不息风口
the endless house	永久屋
the endless rise	无限回廊
the ends	十字斩
the endsinger	讴歌终结之物
the ephor	判官神像
the everliving bibliotaph	永世珍本
the ewer	河流神之瓶
the ewer brimmeth	知识的水瓶
the exarch gate	水晶公之门
the excitatron 6000	惊奇百宝城
the excruciationator	科学万能处刑场
the exedra	露天席大广场
the eye	眼目之屿
the eyes	眼镜岩
the face of delight	喜悦的神气
the face of wrath	愤怒的神气
the faerie ring	妖精之环
the fall of belah'dia	贝拉哈迪亚遗迹风格运动设施
the fallen ring	崩塌的试掘坑
the fallen tears	流星的泪痕
the falling sky	灾厄流星
the false prayer	伪造的宫殿
the family ranch	朋友牧场
the fanged foundry	磨牙铸工
the feasting grounds	狼狱演习场
the federation of windurst	温达斯联邦
the fervid limbo	万魔殿边境下层
the fever	炎兽的领地
the field of ash	灰烬荒野
the field of dust	破乱的广场
the field of soot	硝烟荒野
the fields of amber	琥珀原
the fields of glory	荣誉野
the fiery crossroad	燃烧路口
the fifth sluice	第五闸区
the final art	绝剑风雷妖
the final battle	最终之战
the final curtain	皇家歌剧场
the final day	尽头的终点
the final ease	旅人安息所
the final sky	末日流星
the final song	最后之歌
the final verse	卓异的悲寂歼灭战
the final word	终审判决
the firing chamber	耐热实验场
the firkins	小桶炮群
the firmament	天穹街
the first	第一世界
the first beast	第一之兽
the first demiurge	信徒其一
the first doom	第一之灾难
the first line	第一防线
the first mountain	塞尔法特尔山麓
the first platform	第一区
the first rambade	第一舷梯门
the first sluice	第一闸区
the first song	初始之歌
the first worm	大沙虫的遗骸
the fixer	补天之手
the flagship	阿济兹拉旗舰岛
the flock	渡渡鸟巢营
the flounders floor	鳎沙地窖
the fold	群狼困斗
the font of maya	摩耶幻泉
the font of quintessence	春水涌泉
the fool's rest	愚者大厅
the footfalls	足迹谷
the for'ard cabins	船头小屋
the forbidden chakra	阴阳斗气斩
the forecaster	天气预报机器人
the forecourt	悲愤的前庭
the forefather	爆弹之祖
the forgotten arena	古代斗技场
the forgotten knight	忘忧骑士亭前（圣瓦勒鲁瓦扬广场）
the forlorn	迷失者
the forsworn promise	密约大堂
the founder's crypt	卫士军墓
the founder's deck	旗舰中枢
the four winds	风来剑
the fourth platform	第四区
the fourth royal casern	第四禁军兵舍
the fourth season	四重青之波潮
the fourth sluice	第四闸区
the fractal continuum	无限回廊
the fragrant chamber	芳香堂
the frame	大笑脸
the fringes	基拉巴尼亚边区
the frolicking grounds	嬉闹公园
the frozen fissure	冻土裂痕
the fumarole	地脉喷口
the furnace	狱之釜
the fury's ambition	哈罗妮之壮志
the fury's gaze	战争神眼
the fury's mercy	战女神的慈悲
the gallery	怪球陈列所
the game	游戏开始
the gamma segregate	伽马隔离区
the gandof thunder plains	甘多夫雷平原
the gangway	甬道
the garden of despite	嘲讽庭园
the garden of epopts	姐妹之园
the garden of nowhere	绝望庭园
the garden of recollection	追忆庭
the garden of ru'hmet	路·美特庭园
the garden's gates	梦园之门
the garlok	伽洛克
the garlok's lair	伽洛克巢洞
the gathering	群狼大厅
the gauntlet	试炼群岛
the general's might	阿里达乌斯之力
the general's time	阿里达乌斯之时
the general's wing	阿里达乌斯之翼
the generator	动力发生器
the gensui chain	玄水连山
the gentleman fantastick	绅士之舞
the ghimlyt dark	基姆利特暗区
the ghost of meracydia	美拉西迪亚幽龙
the gier hall	不净的大堂
the gift of mercy	目送生者前行
the giggling gate	傻笑大门
the gilded araya	阿赖耶宝塔
the gilded price	黄金之珠
the gilded sea	黄金平原
the giving land	大地的恩惠
the giving sea	海洋的恩惠
the glittering basin	无二江流域
the gloriole	金字塔上层
the glory gate	光荣门
the glostfired bank	釉烧河岸
the goblet	高脚孤丘
the goblet subdivision	[扩建区]高脚孤丘
the god who whispers	飒瑟神岛
the godfather	爆弹怪教父
the godmother	爆弹怪教母
the gods grip	神握角
the gold court	黄金广场
the gold saucer	金碟游乐场
the gold swiveller	金碟跑圈
the gold whisker	金鲶
the golden bazaar	黄金集市
the golden sacristy	黄金回廊
the golem trail	巨像兵血路
the golmore jungle	葛尔摩大密林
the gordian knot	戈耳狄俄斯之结
the governor	狱长
the grace of calamity	灾祸之言
the grand cosmos	宇宙宫
the grand dame's parlor	贵妇会客厅
the grand gates	城门
the grand marshal	滑稽巡游主宰
the great gold whisker	金鲶大王
the great gubal library	迦巴勒幻想图书馆
the great hunt	大草原猎场
the great runoff	代米尔遗烈乡沿岸
the great ship vylbrand	威尔布兰德扬帆起航
the great white tsuchinoko	东方的白色土龙？
the great work	代米尔遗烈乡
the greater hold	大型兵器仓库
the green screams	凯尔派的领地
the grey fleet	灰舰风车群
the griffin	铁面公卿 伊尔伯德
the grip of poison	邪气的共振
the groveller	奴仆
the growler	吼叫的小豹
the gullet	虎口
the gust of meracydia	美拉西迪亚的悲风
the haar	海雾号旗舰
the habisphere	生态园
the halberd's head	战戟大街（住宅区管理人）
the halberd's head subdivision	[扩建区]战戟大街（住宅区管理人）
the hall of artifice	诡巧大厅
the hall of ascension	升天大厅
the hall of blood	馆主之间
the hall of congress	十二神大圣堂特殊会场
the hall of flames	恒辉作战总部
the hall of hieromancy	神谕所
the hall of rhetoric	人民辩论馆
the hall of supplication	大祈祷所
the hallowed peak	撕裂天空的灵峰
the halls	室内
the halo	伊甸甲板
the hammer	敲打
the hamsa hatchery	桓娑牧场遗址
the hand	大手
the hand of erebos	厄瑞玻斯的巨腕
the hand of time	异界时针
the hanging tower	自缢塔
the hard place	崖畔亭
the hardened heart	摇摆的天平
the harvest begins	大镰的意义
the haughty one	傲慢的年长溪流
the haunted manor	亡灵府邸闹鬼庄园
the hawthorne hut	霍桑山寨
the heart	灵心
the heart ecru	常风之心
the heart of earth	地脉之间
the heart of water	水脉之间
the heart of wind	风脉之间
the heat	热风
the heat of battle	部队特效：讨伐经验值提高
the heavens ward	苍穹骑士团
the hedgetree	境树
the helm	力量之层
the hermit's hovel	隐者庵
the heroes gauntlet	暗影决战诺弗兰特
the heron's flight	苍鹭瀑布
the heron's nest	苍鹭池
the heron's way	苍鹭河
the hidden gate	岩户隐
the high bank	高岸
the high seas	出海垂钓
the hills of amber	琥珀丘
the hissing cobbles	悄声小道
the hold	船舱
the hole	处罚室
the hollow purgatory	创生树隔离层
the holocharts	诸神黄昏级三号舰作战室
the holy stables	圣大鸟房
the honey yard	蜜场
the hoplon	巨盾台
the hortorium	作物园艺馆
the hourglass	沙钟旅亭
the house of letters	书信之家
the house of light	光之海啸
the howling eye	呼啸眼石塔群
the hundred throes	悲叹飞泉
the hundred-and-one revelations	百一启示
the hungering gardens	翠牙园
the hunt	怪物狩猎
the hunter's legacy	勇敢的猎人
the husk	破裂卵壳
the hyaline	镜海鱼店
the hypermost stage	最终区
the idol of darkness	暗黑心象
the immovable	不动钟塔
the imperial palace	帝都魔导城
the imperial way	皇族区域通路
the imperious	居高临下的巨影
the incalculable	算命树之干
the indigo beast	苍茫之兽
the inquisitor's measure	审理之间
the insides	城区内层
the interdimensional rift	时空狭缝
the interphos	永恒女王歼灭战
the invisible city	消逝王都
the iron feast	饵食台地
the iron womb	铁腹
the ironroad	黑铁大道
the isle of bekko	龟甲岛近海
the isle of bows	弓木树岛
the isle of consorts	快婿树岛
the isle of ken	贤岛
the isle of sisters	姐妹隐岛
the isle of zekki	绝鬼岛近海
the isles of umbra	幻影群岛
the ivory chapel	久远圣堂
the jade paths	翠绿坑道
the jade stoa	白帝竹林
the jane guy	简女士号
the jasper walls	赤红水殿
the jaws	口齿之屿
the jealous one	嫉妒的年少溪流
the jewel	智慧之层
the jeweled crozier	市场（宝杖大街）
the juggernaut	接雨草沼泽地
the jungle's plea	密林圆场
the k'mul astropolis	星墓塔遗迹群
the kanilokka corpus	卡尼洛喀技术研究所
the keeper's gravity	阿尔基克之重力
the keeper's spine	幻龙的背脊
the killing art	暗杀道
the killing paw	杀人爪
the king's notice	霸王邪视眼
the kiss	纯爱之吻
the knot	水车十字广场
the knowable	易知区
the labyrinth	迷津
the ladder	大升降机
the ladder of ascension	升天阶梯
the lamprey's leap	海鳗桥廊
the land reborn	重生的大地
the last bout	最后的回合
the last dance	最后的舞步
the last dregs	背世咖啡厅
the last forest	林梢
the last lamp	司书长室
the last line	最终防线
the last song	最后的歌曲
the last stand	背水咖啡厅
the last trace	失落的遗迹
the last vigil	终卫要塞（福尔唐伯爵府）
the last yak	古老牦牛
the lasting manuscript	不朽原稿
the lavender beds	薰衣草苗圃
the lavender beds subdivision	[扩建区]薰衣草苗圃
the lawnblazer	金曦绿茵号
the lawns	大海女儿的舞场
the leaky keel	漏洞小舟亭
the leap of ox'charl	奥奇斯恰尔之舞场
the left brattice	左翼胸墙
the lehr	退火洞
the leightonward	莱顿瓦德
the leveilleur estate	莱韦耶勒尔府
the lifts	升降区
the light of ascalon	阿斯卡隆之光
the lightfeather proving grounds	轻羽斗场
the lightless abyss	永暗渊狱
the limber lecher	醉酒色鬼
the limitless blue	无尽苍空
the lion's breath	火焰吐息
the living foundry	实验魔器工房
the loch seld monster	湖隆隆
the lochs	基拉巴尼亚湖区
the lock	守卫驻所
the loft	兵武塔顶层
the lonely	孤零零的树
the long climb	登天路
the long defile	狭长侵蚀谷
the long end	如意刚力突
the long hall	长廊
the look	诡异视线
the lord of anemos	常风领主
the lost hydraulic	失落的水理
the lost landlord	人王像
the lover's devotion	梅茵菲娜之慈爱
the lower hungering gardens	翠牙园下层
the lower lighthouse	大灯塔下部
the lower reaches	最上下层
the loyal rise	誓约阶梯
the lozatl	洛查特尔河
the ludus	修行
the luminous sanctuary	光耀大圣堂遗迹
the lunar subterrane	月面地下溪谷
the macarenses angle	马克连萨斯广场
the mad head	妖首
the magus sisters	梅加斯三姐妹
the maiden's home	美丽的姑娘的家
the maiden's lament	少女的哀歌
the mailed man	披甲战士
the main gate	学院正门
the mainstay	承重柱
the major-general	鲨鱼指挥官
the maker's ruin	诸神已死
the makers quarter	萨雷安精制区
the manderville lounge	曼德维尔休息区
the manderville tables	曼德维尔桌台区
the manifest	空中魔法阵
the manipulator	操纵者
the manor house courtyard	领主府前院
the many ways	世上最美妙的市区
the map unfolds	打开的地图
the marge	边缘瀑布
the marrow of flame	燃烧之言
the marrowood	暴尸林
the martial court	兵棋之间
the matron's lethe	地母神忘迹
the matron's plenty	诺菲卡之丰饶
the mattock	十字镐大街
the means	十字击
the medial circuit	中环
the memory of embers	诗想空间
the mendicant's court	无名众人广场
the mendicant's relish	无名众人的激情
the mercantile	影之商业区
the meso terminal	中央终端
the midan knot	弥达斯之结
the midas unit	弥达斯单元
the mightiest shield	打倒！沙尔托菲特盗贼团！
the minnow's leap	海鲤桥廊
the mirror	镜池
the mirror planks	镜池栈桥
the miser's hold	守财奴的住处
the miser's take	守财奴的仓房
the missing gem	漂流遗迹
the missing member	永远少女亭
the missing sester	蜂蜜酒爱好者的私密酒窖
the mizzenmast	后桅塔
the moldbeds	菌床洞
the mongrel	长耳 希尔达
the monstrance	圣物院
the moot hall	苦涩的大堂
the morning stars	四晨星
the moros well	摩罗斯井
the mothercrystal	母水晶
the mourning dew	汐沫庭
the mourning widow	遗孀泪
the mover alpha	一号沟渠
the mover beta	二号沟渠
the mudman	泥人
the mujikoza	无地鼓座
the mush-room	蘑菇地
the mushroomery	玛托雅的洞穴 ～苍穹～
the myrhinne hall	萤石大堂
the mystery of giruvegan	基鲁菲冈之谜
the nabaath mines	拿巴示矿山
the nabaath severance	拿巴示断绝
the nail	剑峰
the nameslates	留下名字的墓地
the nape	颈项之屿
the narwhal's lullaby	绝对睡眠
the nautilus knoweth	智慧的海螺
the navel	奥·哥摩罗火口神殿
the navigator's command	利姆莱茵之敕令
the necrohol	死都
the nekropolis	无命镇
the nereus trench	涅柔斯海渊
the nethergate	神门之间
the new nest	新巢居住区
the nhaama desert	月神沙漠
the nidifice	候鸟云巢
the night of yx'lokwa	伊奇丝洛克瓦之睡床
the ninth vare	第九锡杖
the north shards	歌咏裂谷北部
the north star	北极星
the northern empty	北洋地域
the northern enclave	多玛飞地北（无二庭园/农耕地）
the northern plateau	北部台地
the norvrandt slope	诺弗兰特大陆坡
the numbing brand	灵冰之剑
the nymphaeum	水仙女神龛
the oak atrium	古橡大堂
the occult crescent	新月岛
the octant	八分仪广场
the ocular	观星室
the offer	元首办公室
the ogre's belly	魔胃洞
the old father	最高大的树
the old one	旧日灵偶
the older one	神殿旧日灵偶
the omphalos	翁法洛斯
the on-the-waysides	城区工地
the ondo cups	鳍人潮池
the one champion	草原的挑战者
the one dragon	绝对之龙
the one garden	无二庭园
the one river	无二江
the one ruler	草原的支配者
the one true huntsman	草原的追迹者
the only path	唯一的行路
the open box	打开的玉手箱
the orbonne monastery	乐欲之所瓯博讷修道院
the orchard	高树果林
the order	下令
the origin spring	大树命泉
the orn wild	奥恩原生林
the ostall imperative	奥斯塔尔严命城
the outer circuit	外环
the outer coil	拘束舰外围
the outer fist	星导寺入口
the outjaw	鲿鲿
the outsides	城区表层
the outskirts	边郊镇
the ox'dalan gap	奥奇斯达蓝深渊
the paean of triumph	新生的战歌
the pagan's knot	天柱树之瘤
the pagan's shrub	天柱树之丛
the pagan's vine	天柱树之藤
the pain of meracydia	美拉西迪亚的苦痛
the palaistra	角力学校
the pale rider	苍白骑士
the pall of clarity	迷悟桥
the pall of light	光之瀑布
the pallid path	漂白的山路
the pappus tree	冠毛大树
the parapet	次元城屋顶
the parrock	帕洛克系留基地
the parting clouds	云间放电
the partisan's proof	乖僻之人的实验场
the party plaza	聚会广场
the path	引导步廊
the path of artifice	诡巧之路
the path of avarice	欲望的奔流
the path of conviction	确信之路
the path of darkness	暗之波动
the path of light	光之波动
the path to glory	光荣路
the paths of contemplation	沉思之路
the paths of creation	创造之路
the patient blade	镰鼬斩
the pauper's lode	贫民的金矿
the peaks	基拉巴尼亚山区
the pebble that skips	空中飞石
the peering stones	对等石
the pendants	悬挂公馆
the pendants personal suite	悬挂公馆起居室
the percipient one	贤者树
the perfumed rise	熏香丘陵
the perfumed tides	熏香海岸
the perished path	破损的山路
the peristyle	列柱廊
the permuted path	篡改的山路
the pestilent purgatory	寄生生物隔离层
the phantom train	魔列车
the phantoms feast	闹鬼盛宴
the phreatic conduit	下水沟渠
the pike	征龙像
the pillars	伊修加德砥柱层
the pipe	青磷管道
the playing field	游戏盘面
the playroom	孩童的游戏屋
the plenty	富足的世界
the polished shell	龟甲舞台
the polyleritae district	波利来赖塔官厅区
the pool of tribute	须佐之男歼灭战
the porta decumana	后营门
the praetorium	天幕魔导城
the presence chamber	背叛的谒见厅
the price	死亡诱惑
the prince of anemos	常风王子
the prismatic pull	沉彩沙坑
the promenade	游水漫行街
the promise of plunder	掠夺者的财宝
the promise of tomorrow	明日的路标
the protectorate	守护圣域
the pull	落潮密道
the pull of light	光之奔流
the puppets	分裂的人偶群
the puppets bunker	人偶军事基地
the purge	肃清
the pylons	送雷塔群
the pyre	薪火塔
the qitana ravel	奇坦那神影洞
the qitari dissent	奇塔利的责问
the quadrivium	四艺区
the quarter of rule	希拉狄哈王政区
the queen	天佑女王
the queen awakens	女王复活
the queen's bedchamber	女王卧室
the queen's gardens	女王花园
the queen's graces	女王之间
the queen's pride	女王的阅兵广场
the queen's room	女王蛛猎场
the queen's waltz	女王之舞
the quick way	迅速道
the quicksand	流沙屋
the quire	圣歌队席
the quiveron manse	屈伊伯龙别宅遗迹
the rack	帽之塔
the ragnarok	诸神黄昏级拘束舰
the raintriller	惊雨蟾蜍
the rak'tika greatwood	拉凯提卡大森林
the ram's breath	寒冰吐息
the ram's embrace	极寒冰眼
the ram's keeper	寒冰眼
the ram's roar	冰结大咆哮
the ram's voice	寒冰咆哮
the rat's nest	鼠巢
the razor mountains	剃刀连山
the reach of darkness	最后死斗
the red chalice	血盅
the red crypt	红墓
the red labyrinth	红迷宫
the red moon	红月
the red sands	赤土红沙
the red serai	红店野营地
the reef of sending	海归墓碑
the regal sphere	王妃庭园
the regolift	升地沙石滩
the republic of bastok	巴斯图克共和国
the resonant	于里昂热的秘策
the resonatorium	超越技术研究所
the resplendent quarter	翼镜街
the restive hall	无休大堂
the ribbons	万丝绦
the ridorana cataract	黎铎拉纳大瀑布
the ridorana lighthouse	封闭圣塔黎铎拉纳大灯塔
the rift	时空狭缝
the rift of sighs	风化裂痕
the right brattice	右翼胸墙
the ring of fire	火焰斗技场
the ring's reprieve	场间暂缓
the rise above	下层
the risensong quarter	升歌文化区
the rising stones	石之家
the river of light	光之大波动
the river of sand	沙河
the roar of thunder	雷轰
the rookery	飞龙港
the roost	栖木旅馆
the roots	世界树的根土
the rose of conquest	斗气爆碎
the rose of conviction	斗气弹
the rose of destruction	斗灵弹
the rose of hate	斗气炮
the rose of immortality	斗气铠袖
the rosehouse	玫瑰园
the rostra	哲学家广场
the rostrum	小丑舞台
the rothlyt sound	罗斯利特湾
the rotunda	圆顶区
the royal airship landing	阿拉米格王立飞空艇着陆场
the royal hunting grounds	王家猎场
the royal menagerie	阿拉米格王宫屋顶庭园
the ruby bazaar	乌尔达哈商会馆前
the ruby price	红玉炮台近海
the ruby sea	红玉海
the ruby weapon	红宝石神兵
the rudius	角斗士武器百货
the ruiner	废王像
the ruling quarter	萨雷安睿哲区
the ruling steppe	镇原之火
the runaway train	脱轨列车
the rusted reservoir	锈迹贮水池
the sable price	漆黑之珠
the salt strand	砂盐滩
the saltery	盐村
the saltpeter shore	玻砾河岸
the sanctum of dreams	封魔洞
the sands secrets	沙中秘密
the sanguine limbo	边境之狱深层
the sapphire weapon	蓝宝石神兵
the scabbard	剑鞘风洞
the scales	天平之层
the scales of wisdom	睿智之天平
the scape	离景瀑布
the scarecrow	惊慌稻草龙
the scarlet lector	悬赏魔物：血红讲师
the scarlet price	真红之珠
the scarlet whisper	真红吐息
the scars of battle	魔大战的伤痕
the scholar	知识神像
the scholar's wisdom	沙利亚克之灵慧
the scorpion's claw	硬螯蝎
the scorpion's den	赫德提特的领地
the scorpion's sting	蝎尾毒刺
the scorpion's tail	尖尾蝎
the scourge of meracydia	美拉西迪亚祸龙
the scourge of nym	诅咒的危言
the screaming dark	呼唤竖井
the scroll	河流神的卷轴
the sea of blades	刃海
the sea of clouds	阿巴拉提亚云海
the sea of stars	星外天域
the sealed gate	岩户闭合
the searing brand	灵火之剑
the seat of sacrifice	始皇宝座
the second demiurge	信徒其二
the second doom	第二之灾难
the second line	第二防线
the second platform	第二区
the second rambade	第二舷梯门
the second season	二重青之波潮
the second sluice	第二闸区
the seedbed	摇篮树
the seeing left	左翼防御
the seeing right	右翼防御
the seeing tail	前后防御
the seeing wing	两侧防御
the seeing wings	两翼防御
the sepulchre	浪人坟
the serpent's apple	蛇果
the serpent's throat	海蛇之喉
the serpent's tongue	海蛇巢穴
the setebos trench	塞提柏斯海沟
the seventh heaven	第七天堂
the seventh sage	七贤堂
the seventh sluice	最终闸区
the seventh sun	第七星历
the severed string	断弦亭
the shadow of meracydia	美拉西迪亚的怨影
the shallow	地下浅层
the shallows	浅层
the shattered back	破碎脊骨
the shattered star	坠入沙原的陨星
the shifting gymnasion agonon	厄尔庇斯育体宝殿
the ship graveyard	船舶墓场
the short end	如意烈风突
the short good-bye	硬派的告别
the short pier	小防波堤
the shrine of ru'avitau	路·阿维塔乌神殿
the sil'dihn subterrane	希拉狄哈水道
the silent cliffs	无言崖
the silent garden	沉默庭院
the silent king	不语王像
the silent monopteros	思考者圆亭
the silvan throne	雪兽皇座
the silver bazaar	白银集市
the silver canal	白银水路
the sin of meracydia	美拉西迪亚的罪恶
the single step	福德狭路
the singularity reactor	圆桌骑士歼灭战
the sirensong sea	妖歌海
the sixth sluice	第六闸区
the skydeep cenote	深空天坑
the skyruin	天灾
the slammer	撞角头
the slow wash	慢水涤
the slumping plunge	热弯瀑布
the smoldering wastes	荒烟野地
the snail	蜗牛广场
the snow queen	雪之女王
the soda-lime float	碱石灰河
the soil bed	沃土寝室
the solar	拂晓之间
the song of kings	列王之歌
the song of ox'gatorl	奥奇斯加托尔之祭坛
the sophist	诡辩者
the sorcerer's interstice	聚魔洞窟
the sound of heat	灼热之言
the source	始源湖
the south face	南坡
the south hammer	二号打桩塔
the south star	南极星
the southern enclave	多玛飞地南（栗斋学堂）
the southern plateau	南部台地
the speaker's realm	神子的祭场
the speaking monopteros	讨论者圆亭
the spear	战争神之枪
the spin	龙卷回旋
the spinner's cunning	妮美雅之精巧
the spire	建筑神之塔
the spire's bounds	至顶封域
the split hull	损舰角
the spoiled one	宠坏的年幼溪流
the spriganator	大转圈割草
the stagnant limbo	万魔殿边境水道
the stained one	邪龙雕像
the stainless course	洁白环濠
the stake	火刑
the standing corses	朽骨森
the station of banishment	封杀之层
the statue of zuiko	瑞光像
the stay	止步堡垒
the stellar fulcrum	天轮之场
the steps of destruction	破灭足音
the steps of faith	皇都伊修加德保卫战
the stigma dreamscape	斯提格玛四
the stone remembers	铭记于石
the stone speaks	石之语
the stone vigil	对龙城塞石卫塔
the storm	混沌波动
the storm of meracydia	美拉西迪亚的怒雨
the storm unbound	雷切无双
the storm within	内吹雪
the storm without	外吹雪
the storm's grip	暴风域
the strayborough deadwalk	噩梦乐园迷途鬼区
the striking brand	灵雷之剑
the striking tree	神判古树
the striped hills	条纹丘
the strongman	捣年糕独眼巨人
the strongroom	副飞艇库
the studium	萨雷安魔法大学
the study	圣茉夏娜研究窟
the subterrain	地下池
the sultan's brand	王家烙印
the sultan's table	王家餐桌
the sultana's breath	娜娜莫大风车
the sultana's breath subdivision	[扩建区]娜娜莫大风车
the sultana's lap	隐秘栈桥
the sun terrace	太阳阶地
the sunken junk	沉没江船附近
the surgate town house	萨盖特别墅遗迹
the swallow's compass	岩燕庙
the swallowed spire	被吞没的摩天楼
the swell	风断
the swell unbound	风断无双
the sword of music	刚柔铁巨人——克利俄斯改
the sword unbound	妖刀无双
the syrcus tower	希尔科斯塔水晶塔
the syrcus trench	希尔科斯峡谷
the tail mountains	尾山山脉
the tam-tara deepcroft	塔姆·塔拉墓园
the tangle	纠缠沼泽林
the teeth	礁石地带
the tempest	黑风海
the temple stones	石窟寺群
the ten thousand stalls	百货市场
the test	试炼巨像
the thaliak stoa	才流柱廊
the thavnairian coast	萨维奈岛近海
the theater of one	圆形剧场遗迹
the third armory	第三兵器库
the third demiurge	信徒其三
the third doom	第三之灾难
the third platform	第三区
the third royal casern	第三禁军兵舍
the third sluice	第三闸区
the thirstless path	永润路
the thirstless shore	不渴岸滩
the thirty-third facet	第三十三期扩建坑道
the thoroughfare	影之大道
the threepenny turtles	金币龟兄弟
the threshold of bounty	丰饶之间
the thrice-won hoard	阿尔扎达尔三世宝物殿
the thrill	全力一砍
the throne room	王冠之间
the thunder god	雷神西德
the thundering	闪雷格斗场
the thunderyards	落雷场
the tickler	抓挠
the timberlodge	原木屋基地
the timid current	缓流之路
the tipped ewer	知识神水瓶
the tlachtli	塔帕索利斗技场
the topmast	中桅塔
the topmast subdivision	[扩建区]中桅塔
the torn's rest	宽容回廊
the touch of shadow	昏黑之言
the tower of babil	巴别塔
the tower of zot	佐特塔
the towering still	挡风巨岩
the traders equity	纳尔札尔之公正
the traders return	清剿作战前哨
the traders spurn	丧尸复苏
the trap	守卫陷阱
the tree of life	生命树
the trees that sway	摇曳树群
the trenches	同盟军战壕
the tribunal	神圣裁判所
the trinculo shelf	特林鸠罗的石架
the trip	缠根林
the triple triad battlehall	九宫幻卡：幻卡对局室
the trivium	三艺区
the tube	异亚转移阵
the turquoise currents	青蓝水脉
the turquoise trench	苍玉海沟
the turtle's back	龟甲喷泉
the twain	灾厄的十字
the twelve wonders	十二奇园
the twelve's bounty	十二神加护
the twelve's embrace	祝福天球
the twin halls	双面宫
the twinning	希尔科斯孪晶塔
the twisted trunk	扭绞大树
the ty'iinbek traverse	冥境隧路
the tycoon	泰空
the tyrant	霸王
the ultima beast	究极神兽
the ultima warrior	究极战士
the ultima weapon	究极神兵
the umbral tier	兵武塔灵极层
the unbreakable	不破地灵
the uncharted road	崎岖之路
the underkeep	永护塔底
the understory	树干层
the underworks	地下1层
the underworld	冥界大空洞
the unforgotten	被记录的事件
the unholy heir	邪嗣
the unmaking	无之领域
the unpotted	荆棘波
the upholder	真神面具
the upper lighthouse	大灯塔上部
the upper reaches	最下上层
the ut'ohmu horizon	乌托姆地平线
the uyagir caves	维亚吉儿古巢
the val river belly	瓦尔河谷
the val river source	瓦尔河源流
the val river swale	瓦尔河流域
the valentione's ceremony	良缘仪式
the vault	伊修加德教皇厅
the vault of aether	魔力之间
the vault of secrets	智力之间
the vault of steel	武力之间
the vault of wealth	财力之间
the vault vegetators	金库蔓德拉战队
the vein	叶脉水系
the veins	灵脉
the velodyna river	威罗迪纳河
the ventricle	心室
the verge	暗黑传送装置
the vermiculary	妖龙猎场
the vista	妖眼展台
the vitrified fort	熔化的前哨基地
the voice of emet-selch	爱梅特赛尔克的声音
the voice of thunder	雷声
the voiceless muse	无声的叙事者
the void ark	魔航船虚无方舟
the voidcast dais	立方魔法阵
the volcanic heart	火山之心
the vortex	风神祭坛
the wail of mhach	玛哈之嚎哭
the wake of mhach	玛哈之警醒
the wakeful torana	塔门
the waking nightmare	恶梦舞场
the waking sands	沙之家
the walk	长城上部
the wanderer's haven	放浪神圣域遗迹
the wanderer's heights	奥修昂神殿
the wanderer's minuet	放浪神的小步舞曲
the wanderer's palace	放浪神古神殿
the wanderer's whimsy	奥修昂之离奇
the wandering stairs	彷徨阶梯亭
the war bow	旗舰前部
the warden's paean	光阴神的礼赞凯歌
the warden's radiance	阿泽玛之光辉
the warden's verdict	太阳神的审判
the warmth of family	家人的温暖
the warmth of mhach	玛哈之温暖
the warrens	异端者坑道
the warring triad	三斗神巨像
the watcher	守望者
the watcher's palace	监视者之馆
the watchtower	瞭望塔
the water that sings	鸣水庭园
the way of enlightenment	星导之路
the way of forgiveness	审问之间
the way of penance	忏悔回廊
the way of redemption	赎罪回廊
the weeping ruins	玛哈遗迹
the weeping saint	圣人泪
the weeping willow	垂柳树人
the weight of light	强光之兆
the welcome wheel	热烈欢迎的门厅
the wellspring of regret	逡巡泉
the west hammer	三号打桩塔
the western columns	西部魔力桥脚
the western edge	西缘崖
the western kholusian coast	珂露西亚岛西海岸
the western plateau	西部台地
the wet sands	涌水沙层
the wet whistle	酒鬼馆
the whale's breach	鲸角
the whale's crown	白鲸头冠
the whipjacks	遇难船群
the whispering gallery	自由辩论馆
the whistling miller	口哨磨坊
the white aisle	白路桥
the white gate	纯白门
the white rider	白骑士
the white whisper	冰雪诅咒
the whorl	创世神涡
the whorleater	对利维亚桑双体船
the widow's embrace	大蜘蛛陷阱
the widow's kiss	蜘蛛陷阱
the wild fete	野园
the wilds	采集环境
the will of karash	原初之魂
the wind that summons	呼风殿堂
the winding flare	光芒阶梯
the windward wilds	天堑荒地
the winged	神殿妖鸟
the winged steed	追随少女的天马
the winged walk	羽毛广场
the wishbone	大溪谷隘路
the woe of mhach	玛哈之悲伤
the wolf pit	海狼洞
the wolves den	竞技场
the womb	阿丝塔蒂亚的胞宫
the wood remembers	老树之怒
the woolen way	羊毛道
the word	神罚
the words of halmarut	哈尔马鲁特院
the words of lahabrea	拉哈布雷亚院
the words of mitron	米特隆院
the workbench	奇人工作室
the workpot	釉药工房
the world of darkness	暗之世界
the world tree	世界树庭园
the world unsundered	古代世界
the worm's curse	神龙诅咒
the worm's head	神龙见首
the worm's heart	神龙的核心
the worm's tail	神龙见尾
the wound	灵伤
the wraithwalk	死灵道
the wrathful current	急流之路
the wreath of snakes	蛇神大社
the x-ring	极限格斗场
the xobr'it cinderfield	白烬古战场
the xtremes	极限兄弟
the xylem lift	木质梯
the yard	匠人街
the yawn	呵欠洞
the zhayolm remnants	扎越尔姆遗迹
the ziggurat	赤红神塔
theater of one	圆形剧场遗迹
their deadly mission	豹头环眼
thelema	意志
thelema agape	博爱的意志
theobald's voice	泰奥巴尔德之声
theological fatalism	神学宿命
theos's cross	神之十字
theos's holy	神之神圣
theos's saltire	神之交错
theos's ultima	神之究极
therapeutic needles	十万针灸
therapeutic shock	电气冲击
theriac	解毒剂
therion	至大灾兽
therion charge	灾兽冲锋
thermal bomb	热力爆弹怪
thermal divide	热力分割
thermal gust	炙热风
thermal high	高气压
thermal low	低气压
thermal shock	炙热冲击
thermal suppression	火力压制
thermal tumult	热流
thermal wave	炙热波
thermionic beam	热离子光束
thermionic burst	热离子爆发
thermite bomb	铝热炸弹
thermobaric charge	气化炸弹
thermobaric explosive	气化燃料炸弹
thermobaric strike	请求投放气化炸弹
thextera	提克斯塔
thibain the blunt	愚直的蒂班
thick fog	浓雾
thick skin	硬派之源
thickfur doe	厚毛雌羚羊
thickset tarichuk	肥胖塔里丘魔鸟
thickshell	薄壳蟹
thicktwine	未开化树丛
thief's eye	盗贼之眼
thieves weave	搬运指示
thieving gargantua	卡冈图亚窃贼
thieving namazu	鲶鱼精小偷
thieving torbalan	窃贼托尔巴兰
thievish imp	窃贼小魔精
thin air	无中生有
thin ice	冰面
thing from the deep	深海莫高海蛇
thinker	思考之物
third armory	第三兵器库
third art of darkness	三重暗之战技
third battlehorn	三号兽笛
third blade	第三刃区
third brand	第三咒印
third central ring	中层上部
third chakra	斗气III
third demiurge	信徒其三
third doom	第三之灾难
third eye	心眼
third flame	第三火焰咒印
third floor	3层
third form	叁之体势
third generation	祖灵之牙三式
third in line	第三目标
third leg back	第三腿后扫
third leg forward	第三腿前扫
third legacy	祖灵之蛇三式
third level	3层
third lower ring	下层上部
third mercy	慈悲四刀第三念
third platform	第三区
third rail	雷光一闪
third royal casern	第三禁军兵舍
third sluice	第三闸区
third spire	第三塔基
third ward	（仮）第3障壁
thirstful anzu	口渴的安祖
thirsting rail	饥渴秧鸡
thirsting taoquan	饥饿的蜪犬
thirstless path	永润路
thirstless shore	不渴岸滩
thirty arrows	三十矢
thirty cries	三十泣
thirty sickles	三十镰
thirty souls	三十魂
thirty thorns	三十棘
thirty-third facet	第三十三期扩建坑道
thistle mole	棘刺鼹鼠
thlipsis	磨难
thok ast thok	武神斗技场
tholl engineer	图尔家族的技师
tholl warrior	图尔家族的战士
thor the lost	迷途托尔
thorian hammer	雷神之锤
thorn huaca	华迦斯隆卡石蒺藜
thorn of condemnation	断罪之针
thorn whip	荆棘鞭
thornbite	刺伤
thorne knight	索恩自走人偶
thorned catharsis	玫瑰涤
thorned flourish	荆棘环绕预备
thornmarch	荆棘之园
thornpricked	以太荆棘
thorns of death iii	荆棘生死战III
thorny deathmatch	荆棘生死战
thorny vine	荆棘丛生
thorough cursing	怨念诅咒
thoroughfare	影之大道
thoughtless dragon	没有思想的巨龙
thousand maws of toto-rak	托托·拉克千狱
thousand-cast theda	千竿口花希达
thousand-year storm	千年风雪
thousandfold thrust	千枪连刺
thracie	斯瑞希
thrall captor	萨尔抓捕隶
thrall impaler	萨尔刺杀隶
thrall subjugator	萨尔镇压隶
thrall to pain	莉莉丝的奴隶
thrall's water	萨尔流水
thrall's water iii	萨尔狂水
thrashing star	抽星击
threads of moonlight	敏慧的月光
threaten	威吓
threatened	惊异
threatened flare	威胁核爆
threatening voice	诡异的女性声音
three mudra	三印自在
three parts disdain	三连冲击斩
three-body problem	三体问题
three-malm bend	三星里弯陷
threefold blast	三重加农炮
threefold fan dance	扇舞·急预备
threefold formation	步兵列队
threefold grace	三重光环
threefold marks	三重抓痕
threepenny turtles	金币龟兄弟
threshold of bounty	丰饶之间
thresholds three	三门入口
thrice on rokujo	六条奔雷三式
thrice-come ruin	破灭之印：叁
thrice-come thunder	三重闪雷
thrice-won hoard	阿尔扎达尔三世宝物殿
thricecull	三连枪
thrill of battle	战栗
thrill of war	战抖
thrill-seeking milksop	害怕亡灵的男人
thrill-seeking skeptic	不信亡灵的男人
thrillingway	担惊威
thriphive	兵站窟
throat stab	要害攻击
throes of remorse	惭愧雷拳
throne of abundance	最终区
throne of shadow	影之王权
throne room	王冠之间
throttle	蛇喉
through earth	耐土药
through fire	耐火药
through ice	耐冰药
through the maelstrom	混沌的漩涡
through thunder	耐雷药
through water	耐水药
through wind	耐风药
throw-up target	靶子
throwing dagger	飞刀
throwing darts	飞掷小刀
throwing knife	投掷匕首
throwing spear	投枪
throwing swords	投剑
throwing voice	杂耍
thrown flame	汽油弹
thrown flames	汽油弹
thrown for a loop	怒发冲冠
thrown kiss	热波斩
thrum of discord	解离波动
thrumming thunder	劈啪啪暴雷
thrumming thunder iii	劈啪啪暴雷
thrustaevis	戳刺龙鸟
thubyrgeim the transpicuous	明朗的图比尔盖姆
thuggish sellsword	蛮横的保镖
thumbscrew	螺旋突刺
thundaga forte	强音暴雷
thunder	闪雷
thunder alchemy	魔力操纵：雷
thunder and error	随后紧追的闪雷
thunder beam	电光束
thunder charged	魔法储存：暴雷
thunder dive	雷电俯冲
thunder dragon	雷龙
thunder eye	小圆涡雷
thunder god	雷神西德
thunder god cid's theme	雷神西德主题曲
thunder iii	暴雷
thunder in magenta	闪雷之品红
thunder of the rroneek	犎牛的威吓
thunder onefold	落雷一式
thunder picket	闪雷哨
thunder rolls	电闪雷鸣
thunder rune	雷之符文
thunder slash	雷鸣剑
thunder spirit	雷灵
thunder threefold	落雷三式
thunder thrust	闪雷刺
thunder twofold	落雷二式
thunder vortex	回环涡雷
thunder's serenade	雷云小夜曲
thunderball	雷球
thunderbolt	霹雳
thunderbolt sprite	霹雳元精
thunderbreak	雷电崩裂
thundercall	招雷
thunderclap	轻身步法
thunderclap concerto	惊雷协奏曲
thunderclap guivre	霹雳雷蛟
thundercloud	雷云
thundercrack	雷电冲击
thunderer	雷鸣
thunderfrost tempest	雷霜暴风雨
thundergust griffin	雷狮鹫
thunderhead	雷暴云砧
thunderhead keraunos	雷首霆骏
thunderhooves	悬赏魔物：雷蹄巨牛
thundering	闪雷格斗场
thundering hawksbill	闪电图拉尔玳瑁
thundering pillar	雷柱
thundering roar	雷霆咆哮
thunderlance	雷枪
thunderlight burst	冲击爆发
thunderlight flurry	冲击射线
thunderous beacon	雷之征兆
thunderous breath	雷电吐息
thunderous cold	雷冰袭
thunderous discharge	雷气散发
thunderous echo	重怨残响
thunderous explosion	大爆炸
thunderous force	雷剑气
thunderous jiggling	年糕咚咚
thunderous memory	雷之记忆
thunderous shower	雷雨
thunderous slash	闪雷斩
thunderslam	雷炸
thunderspark	电光
thundersphere	雷电
thunderstorm	雷暴
thunderstorm sprite	雷暴元精
thunderstrike	闪雷直击
thunderstruck	雷翼
thunderswarm	轰雷天鼓震
thunderwing	雷翼
thunderyards	落雷场
thundris shriek	献血的飨宴
thymou idea	激情理念
thysm lran	优雅馆
tiamat's clone	提亚马特复制体
tickler	抓挠
tidal ball	潮水球
tidal breath	怒潮吐息
tidal cannon	怒潮水炮
tidal guillotine	怒潮断头台
tidal light	光之巨浪
tidal rage	怒潮肆虐
tidal roar	怒潮咆哮
tidal shift	潮汐
tidal stream	洪流
tidal thunder	潮涌雷
tidal wall	潮水壁
tidal wave	巨浪
tidalspout	潮水喷涌
tidalspout target	选定目标：潮水喷涌
tide pod	水流弹
tide shell	水流炮
tideborn angel	蓝海天使
tideline	线浪
tiferet	美丽
tiger kick	双虎脚
tiger of paradise	乐园虎
tiger's claw	豺虎断
tiger's eye	虎威旋
tigerhawk	虎鹰
tight embrace	拥抱拘束
tight tornado	高压龙卷
tight-beaked parrot	不说话的蜂鸟
tight-beaked toucalibri	不语蜂鸟
tiiimbeeer	震木
tikbalang	迪克巴朗
tiled thoroughfare	正门大道
tillana	提拉纳
tiller's rest	开垦者小仓
tilt-a-wheel	崩塌
tilted balance	属性失控
timberlodge	原木屋基地
timberman	绿人
timberpond	原木池
time afar	空间穿孔
time and tide	时间操纵
time bomb	时空爆弹
time dilation	时间膨胀
time eruption	时空地火喷发
time grenade	定时榴弹怪
time immemorial	开天辟地
time to burn	战斗准备完毕
timegate	时空门
timeless sentence	无期监禁
timeless spite	阴怒波
timely teleport	跳蹦蹦传送
times five	5倍旋转角
times three	3倍旋转角
timeworn striking dummy	老朽的木人
timh gyeus	桃色睡床
timid current	缓流之路
timmon beck	提蒙河
tindalos	廷达洛斯
tinderize	大焚烧
tingling	哔哩哔哩
tinker's bell	叮叮摇铃
tinkerer's treasure trove	环境音：技师工房
tiny apprentice	小小学徒
tiny aurochs	泰尼·奥罗克斯
tiny blizzard iii	小小冰封
tiny bulb	树苗精
tiny caterpillar	小青虫
tiny chris	少年克里斯
tiny echevore	石莲小猬
tiny fire iii	小小爆炎
tiny flare	小小核爆
tiny gajasura	魔邪象族暴徒
tiny holy	小小神圣
tiny mage	小小法师
tiny mandragora	小蔓德拉
tiny meteor	小小陨石
tiny omniscient	全记者
tiny quake iii	小小爆震
tiny rat	小松鼠
tiny song	缩小旋律
tiny tapir	小梦貘
tiny tatsunoko	龙之孙
tiny thunder iii	小小暴雷
tiny tortoise	精金幼龟
tiny troll	小巨魔
tiny warp	小小异次元
tipped ewer	知识神水瓶
tipped scales	算命魂葬
tipping tortoise	零钱龟
tipsy sylph	酩酊大醉的妖精
tireless	体力消耗无效
tireless tulihand	火尾飞蜥
tisiphone	提西福涅
titan egi	泰坦之灵
titan maximum	极大泰坦
titan's anger	收束手榴弹
titan's boon	铁甲
titan's favor	山崩预备
titan's heart	泰坦的核心
titan-egi	泰坦之灵
titania	缇坦妮雅
titanic bomb boulder	巨型爆破岩石
titanic pursuit	斩空剑
titanomachy	诸神之战
tizona's bastion	提佐纳的咒壁
tizona's iron	提佐纳的咒铠
tlachtli	塔帕索利斗技场
to a crisp	烤焦
to arms	出阵号令
to ashes	煤煙
to calmer seas	驶向融合的巨轮
to dust	扬沙
to fire and sword	烈火与利剑
to kill a mockingslime	七彩甜点——棉花软糖
to lower level	通往下层
to sail forbidden seas	禁海危航
to the dungeons	违抗敕令
to the edge	末路尽头
to the last	怒涛滚滚
to the limit	突破极限
to the slaughter	蹂躏斩
to the sun	灼热之地
to the winds	爆炸四散
to upper level	通往上层
toad breath	蛙火
toad choir	青蛙歌唱队
toad oil	油性分泌物
toading trap	蛙变陷阱
toadstool	毒蟾魔饵
toari alligator	特利短吻鳄
toco toco	巨嘴鸟
toco toquito	小小巨嘴鸟
todesritter	非生骑士
todoroki	轰鸣
together forever	盟友之盾
toil of the mountaineer	登山者之感
toil of the pioneer	开拓者之手
toiling teapots	茶壶
token benefits	斗兽币获得量提高
tokkapchi	枯腐泥妖
toll of the bells	钟声
tomahawk	飞斧
tomahawk beak	战斧喙魔鸟
tomato juice	番茄汁
tomato king	番茄国王
tomaton	黏浆果
tomb of king manfred	强健王之墓
tomb of the nullstone	契约石玄室
tome of reflection	反射之书
tome of the impervious	闪躲之书
tome piece	奇子·魔导书
tome seal	禁书封印
tomescroll	玩神典石
tomeshifter imp	搬书小魔精
tomestone	神典石
tomewind	书风
tomorrow and tomorrow	明日与未来
tonatenyawi	托纳特尼亚维
tonawawtan outlaw	迎曦之民强盗
tonawawtan provider	迎曦之民栽培者
tonawawtan trapper	迎曦之民采集者
tonawawtan worker	迎曦之民劳动者
tonberry	冬贝利
tonberry creeper	冬贝利匍匐者
tonberry hexer	冬贝利施法者
tonberry king	冬贝利王
tonberry marine	冬贝利海兵
tonberry slasher	冬贝利砍杀者
tonberry stalker	冬贝利追踪者
tonberry wanderer	冬贝利流浪者
tongue of flame	圆火
tongues of flame	焰之外套
too hot to handle	高热自爆
tooth and talon	兽王裂爪击
top of the hive	可爱小甜心
top rung	梯顶
top shelf tome	精装本
top-tier slam	天顶猛击
topaz carbuncle	黄宝石兽
topaz catastrophe	黄宝石灾变
topaz cluster	黄宝石晶簇
topaz disaster	黄宝石灾祸
topaz outburst	黄宝石迸裂
topaz ray	黄宝石射线
topaz rite	黄宝石之仪
topaz ruin	黄宝石毁灭
topaz ruin iii	黄宝石毁荡
topaz stone	黄宝石
topaz stones	黄宝石
topaz titan	黄宝石泰坦
topmast	中桅塔
topmast apartment	中桅塔房间
topmast apartment lobby	中桅塔大厅
topmast subdivision	[扩建区]中桅塔
toppling strike	重碎拳
tora-jiro	虎斑次郎
toragana	多拉嘉娜
torbalan	托尔巴兰
torch flame	灼炎
torching torment	烦热
torchlight	举起火炬
torcleaver	戮山
torcleaver ready	戮山预备
torgal pup	小托加尔
toric void	虚无环
torment unto death	折磨
tormenting twinkle	闪闪爆炸喵
torn from the heavens	天降之力
torn's rest	宽容回廊
tornadic serenade	圆柱的风歌
tornado	龙卷
tornado chain	龙卷连风
tornado edict	号令：龙卷
tornado in green	龙卷之绿
tornado kick	斗魂旋风脚
tornadogenesis	旋风踢
torpedo	鱼雷
torrent	水块
torrential ruin	蓝色化
torrential torment	无尽折磨
torrential tridents	尖枪雨
torrid glory	火焰圆光
torrid orb	魔炎球
tortoise stomp	龟足踏
tot aevis	幼体龙鸟
total annihilation maneuver	攻击：歼灭轰炸
total eclipse	全蚀斩
total immolation	赤灭热波：重炎
total wash	水洗
total wreck	极尽破坏
totem chant	图腾再生
totem's head	神殿断头魔
totoima	托托伊玛
totoroon eggslinger	投卵手 托托卢恩
toucalibri	巨喙蜂鸟
toucalibri snatcher	强盗巨喙蜂鸟
touch move	触摸
touch of death	秘孔拳
touch of frost	冰雾
touch of shadow	昏黑之言
touch of slaughter	灵魂秘孔拳
touchdown	空降
touchy subject	粗话拱火
tough battle	艰苦的战斗
tough break	大冲击
tough skin	硬肤药
tourbillion	风涡
tourmaline golem	碧玺巨像
tourmaline pond	水苔池
tourmaline weapon	绿电气石神兵
tower abyss	两歧塔深渊
tower achamoth	两歧塔阿卡莫特
tower armor	两歧塔恶魔装甲
tower at paradigm's breach	希望之炮台：“塔”
tower bandersnatch	两歧塔斑攫兽
tower barmuu	两歧塔巴尔穆
tower base	基层
tower bhoot	两歧塔浮灵
tower bogy	两歧塔妖魂
tower catoblepas	两歧塔卡托布莱帕斯
tower climb	中层
tower crusader	两歧塔十字军
tower curseclock	两歧塔钟灵
tower defense	塔结界
tower dhruva	两歧塔陀鲁婆
tower drip	两歧塔窝囊鬼
tower hippocerf	两歧塔骏雕
tower humbaba	两歧塔洪巴巴
tower idol	两歧塔石偶
tower manticore	两歧塔曼提克
tower mantis	两歧塔螳螂
tower marolith	两歧塔马洛里石
tower ochu	两歧塔大口花
tower of babil	巴别塔
tower of blood	两歧塔 力之塔
tower of magic	两歧塔 魔之塔
tower of white	白魔法师塔
tower of zot	佐特塔
tower petroglyph	两歧塔岩刻
tower plasma	两歧塔离子电
tower pot	两歧塔魔力罐
tower progenitor	两歧塔爆弹之父
tower progenitrix	两歧塔爆弹之母
tower purbol	两歧塔紫魔花
tower purbol hip	两歧塔紫魔花果
tower round	统治塔群
tower scarab	两歧塔圣甲虫
tower skatene	两歧塔斯卡尼特
tower slime	两歧塔粘液怪
tower top	顶层
tower weapon	两歧塔兵装
tower wood golem	两歧塔树木巨像
tower yarzon	两歧塔盲头蟹
towerfall	崩塌
towerhander	两歧塔独爪妖禽
towering oliphant	角牙古象
towering still	挡风巨岩
towertop gateway	顶层1
towertop passage	顶层2
town round	议事厅广场
toxic alchemy	魔力操纵：毒
toxic battrap	毒波陷阱草
toxic breath	猛毒吐息
toxic bubble	有毒气泡
toxic conception	有毒生物的概念
toxic crunch	毒液重咬
toxic flytrap	猛毒陷阱草
toxic fountain	喷出毒酸
toxic fumes	剧毒烟雾
toxic icetrap	猛毒寒冰陷阱草
toxic mass	有毒物质
toxic minerals	矿物毒
toxic slime	猛毒粘液怪
toxic spit	毒性唾液
toxic spout	毒喷发
toxic spray	毒性喷雾
toxic squama	毒素鳞粉
toxic tamlyn	剧毒魔花谭琳
toxic tantrum	毒性爆发
toxic toad	毒蟾蜍
toxic vomit	猛毒粘液
toxicosis	猛毒
toxikon	箭毒
toxin shower	泼洒毒液
toy alexander	迷你亚历山大
toy hammer	玩具锤
tozol huatotl	晴天霹雳 托佐尔·法托特尔
tracer antlion	追踪蚁狮
tracheostomy	气管切开
trachtoum parter of seas	海雄斧 特拉哈涂姆
tracker antlion	跟踪蚁狮
tracking bolt	追踪式闪雷
tracking tremors	连震击
tractor beam	牵引光束
tractor field	全领域牵引
trade tortoise	金钱龟
trader rabbit	商魂不灭的兔子
traders equity	纳尔札尔之公正
traders return	清剿作战前哨
traders spurn	丧尸复苏
tragical gaze	苦闷视线
tragopan	角雉
tragopan hatchling	角雉雏鸟
trail of condemnation	狱炎之焰
trailblaze	踏火寻迹
trailblazing	兽道
trained deathgaze	驯养的死亡凝视
trained perfection	工匠的绝技
training area	军团兵员区
training automaton	陪练人偶
training coeurl	军用长须豹
training grounds	练兵场
training hall	练兵广场
training incendiary	训练用爆弹怪
training jackal	军用凶豺
training module	训导系统
training skull cracker	试炼的铁球
traitorous sekiseigumi	攘夷派武士
trajectory	弹道
trajectory projection	预测射击
tramontane	冷风
trample	踩踏
trancetoad	迷蟾蜍
tranquil annihilation	烦恼灭杀拳
tranquility	沉思林
tranquillityite	静海石魔
transcendence	上层回廊
transcendent	生还
transcendent flight	狂乱击
transcendent kick	超斗魂脚
transcendent shot	直通箭
transcendent strike	超斗气斩
transcendent union	穿界煌临剑
transcendental trap	怪怪陷阱草
transcribed index	目录的幻影
transeptimum	第七站前路
transference	转移
transfiguration	形态变化
transfigure	变化
transform	正义合体
transfusion	融合
transmission	寄生传染
transmission control	通信雷波塔控制室
transmutated traitor	王国的背叛者
transmute bio iii	魔力操纵：剧毒菌
transmute blizzard iii	魔力操纵：冰封
transmute fire iii	魔力操纵：爆炎
transmute thunder iii	魔力操纵：暴雷
transonic blast	跨音速冲击
transparency	结晶化空间
transparent	透明
transpierce	刺透
transport carriage	运输队的篷车
transport elevator	升降机
transporting	搬运
transpose	星灵移位
trap detection	陷阱感知
trap jaws	捕猎钳
trapped under ice	冻结陷阱
trapper	特殊技陷阱化
trapshooting	陷阱射击
travail	试炼
traveled tomb raider	老练的盗墓者
traveling gourmand	古老贪吃鬼
traveling supporter	旅行协助机
traverse agave	交错路龙舌兰
traverse amemet	交错路阿米特
traverse anaconda	交错路水蚺
traverse antlion	交错路蚁狮
traverse basket	交错路篮筐
traverse beetle	交错路甲虫
traverse cama	交错路卡玛
traverse caracal	交错路狞猫
traverse clematis	交错路铁线莲
traverse cliffkite	交错路飞鸢
traverse cliffmole	交错路壁崖鼹鼠
traverse clionid	交错路冰海天使
traverse cubus	交错路卡部斯
traverse diplomat cream	交错路泡沫奶黄怪
traverse echevore	交错路石莲猬
traverse etainmoth	交错路爱蒂恩蛾
traverse fallen aevis	交错路恶魔怪鸟
traverse germinant	交错路大口花
traverse gigant	交错路巨人
traverse gnoll	交错路异豺
traverse gnome	交错路诺姆
traverse guardian	交错路守卫
traverse hawker	交错路鹰蜓
traverse howler	交错路怒嚎
traverse huldu	交错路爆岩怪
traverse hyssop	交错路海索草
traverse inquisitor	交错路判官
traverse jaculus	交错路飞翼兽
traverse killer bee	交错路杀人蜂
traverse korrigan	交错路柯瑞甘
traverse lionstone	交错路石狮
traverse lizard	交错路蜥蜴
traverse lorikeet	交错路鹦鹉
traverse malevolence	交错路恶意灵
traverse mantis	交错路螳螂
traverse monitor	交错路巨蜥
traverse morgawr	交错路莫高海怪
traverse morpho	交错路紫闪蝶
traverse moss fungus	交错路苔菇
traverse ngozi	交错路恩戈齐
traverse pachamama	交错路帕查玛玛
traverse peaseblossom	交错路豌豆花
traverse pegasus	交错路天马
traverse petreffigy	交错路塑像
traverse phooka	交错路普卡精
traverse phorusrhacos	交错路恐鹤
traverse pincerbeak	交错路钳喙魔鸟
traverse puck	交错路帕克
traverse queen	交错路蜂后
traverse rider	交错路骑兵
traverse rosebear	交错路玫瑰熊
traverse rowan	交错路花楸树
traverse saichania	交错路美甲兽
traverse sand serpent	交错路沙地巨蟒
traverse scissorjaws	交错路铰颌蚁
traverse shrub	交错路草小人
traverse soldierstone	交错路石兵
traverse statue	交错路魔像
traverse stone eater	交错路食岩狼
traverse talos	交错路塔罗斯
traverse tawnyclaw	交错路褐钳龙虾
traverse termite	交错路白蚁
traverse tolba	交错路托尔巴龟
traverse topiary	交错路绿雕
traverse tot aevis	交错路幼体龙鸟
traverse tragopan	交错路角雉
traverse triffid	交错路三尖树
traverse violet triffid	交错路紫罗兰三尖树
traverse warg	交错路座狼
traverse weapon	交错路兵装
traverse worm	交错路巨虫
traverse ya-te-veo	交错路食人花
treant piece	奇子·树精
treant sapling	幼体树精
treasure	宝物
treasure box	宝宝箱
treasure coffer	怪宝箱
treasure hunt	寻宝
treasure hunter	寻宝的冒险者
treasured memory	美好的回忆
treasury entrance	宝物库入口
treater's trick	先捣蛋再捣蛋
treatise on gravitational manipulation	重力操作魔法论
tree of life	生命树
tree of living light	幻煌树
tree slug	树生蛞蝓
tree spirit	狂暴的木灵
trees that sway	摇曳树群
treespeak	私语巨木
treespeak stables	私语巨木鸟栏
trek shot	撤步射击
tremble	害怕
trembling earth	地鸣
trembling epigraph	碑文地震
trembling traveler	吓得发抖的旅人
tremblor	地震
tremendous tank	巨身水槽
tremulous moogle	瑟瑟发抖的莫古力
trench anemone	海沟风花
trench antlion	地沟蚁狮
trench dagonite	海沟大衮
trench danbania	海沟刺枪鱼
trench phuabo	海沟光灵鳐
trench xzomit	海沟左米特
trench yovra	海沟尤比拉
trenchclaw sahagin	壕爪鱼人
trenches	同盟军战壕
trenchfang sahagin	壕牙鱼人
trenchtooth sahagin	壕齿鱼人
treno catoblepas	特雷诺卡托布莱帕斯
treno citizen	特雷诺米拉拉族
treno lowlands	特雷诺平野
treno thoroughfare	通往特雷诺的道路
trepidation	狐鸡鼠
trespasser's pyre	警戒炮火
tri-attack	三重攻击
tri-bind	三重止步
tri-disaster	三重灾祸
tri-shackle	三重惩戒
triad control	三斗神制御区
triage module	下层多用途广场
trial by fire	火焰法
trial of balance	第三试炼
trial of benevolence	福德的试炼
trial of knowledge	第一试炼
trial of might	第二试炼
trial of responsibility	寿德的试炼
trial of wisdom	智德的试炼
trial's threshold	试炼前室
trials of tural	图拉尔的严酷
triangle target	目标·三角
triangulate	三角测量
triboelectricity	高速旋转
tribulation	苦难
tribunal	神圣裁判所
tribunal summons	生成幻影
tributary	大瀑布
tribute to gergei	格尔该朝鲁
tricera snare	三重诱捕
triceratops	三角龙
trick and treat	既给糖又捣蛋
trick attack	攻其不备
trick floor	机关榻榻米
trick reload	花式装填
trickle of fire	灵泉之弱炎
trickshot	皆死箭
tricksome	圣域陷阱
tricksome treat	不给糖就捣蛋
trickster imp	捣蛋小鬼
trickster's treat	先捣蛋再给糖
tricky tonic	服药
triclip	三连爪
trident	三尖枪
tridirectional flame	烈火三重箭
triflame	三炎
trigger happy	开心扳机
triggered landmine	地雷爆炸
trilobite	三叶虫
trimmer	修剪螳螂
trimorphos exoterikos	三重外纹
trinculo shelf	特林鸠罗的石架
trinity	三剑一体
trinity avowed	誓约之三位一体
trinity of souls	三魂一体
trinity seeker	求道之三位一体
triple apocalypse	三重启示
triple blow	三重强击
triple charge	三连填充
triple esoteric ray	三重神秘光线
triple flight	三重风翼
triple helix	三重螺旋
triple hit	三连击
triple hook	三重提钩
triple kasumi-giri	三段霞斩
triple skull dasher	三重猛击
triple slash	梦幻三段斩
triple technical finish	三色技巧舞步结束
triple threat	三连击
triple triad battlehall	九宫幻卡：幻卡对局室
triple triad invitational parlor	九宫幻卡：锦标赛对局室
triple triad open tournament	九宫幻卡：官方锦标赛
triple trial	三重强击
triple trident	渔叉三段
triple tyrannhilation	三重霸王坠击
triplecast	三连咏唱
tripled spell	三重咏唱
triplicate reflex	反复三连刃
triscourge	三重灾变
trisection	三等分
trismegistos	三重伟大
tristan nightflicker	黑夜火 特里斯坦
tristitia	伤悲光灵鳐
tritails training	三尾训练馆
triton of thaleia	塔利亚特里同
tritonic gravity	决战特里同
triumph	呐喊
triumphant roar	凯旋嚎叫
triumvirate	三头政权
trivium	三艺区
trnakiya	森中空地
troglophile's deep	洞穴生物繁殖区
troia keep	特罗亚城
troian bishop	特罗亚主教
troian butler	特罗亚管家
troian equerry	特罗亚侍从
troian footman	特罗亚侍应员
troian guard	特罗亚护卫
troian hound	特罗亚猎犬
troian knight	特罗亚骑士
troian pawn	特罗亚兵卒
troian rider	特罗亚骑兵
troian scavenger	特罗亚清道夫
troian sentry	特罗亚哨兵
troian steward	特罗亚总管
troian trapper	特罗亚陷阱手
troian watchkeep	特罗亚看守
troll ruffian	巨魔暴徒
trolling	巨魔碎颈臂
troodon	伤齿龙
trophy weapons	历战之兵武
tropical wind	极乐之风
troubadour	行吟
troubadour's ballad	行吟诗人的叙事谣
troubadour's minuet	行吟诗人的小步舞曲
troubadour's paeon	行吟诗人的赞美歌
trouble bubbles	添乱水泡
troubled tiller	一筹莫展的农夫
troublesome tail	添乱尾
troublesome trap	壮壮陷阱草
troubling teacups	茶杯
trounce	呵斥
troveshell of the red	寻宝的红甲族
truculent boar	致命疣猪
truculent tegu	好斗特古蜥蜴
true aero	纯正疾风
true agony	苦闷的思念
true arise	纯正完全复活
true benediction	纯正天赐祝福
true benison	纯正祝祷
true blink	纯正闪躲
true blizzard	纯正冰结
true bravery	纯正勇气
true clemency	纯正深仁厚泽
true finish	纯正舞步结束
true fire	纯正火炎
true flare	纯正核爆
true griffin	真狮鹫
true grit	沙尘喷射
true hallowed ground	纯正神圣领域
true heart	真心
true holy	纯正神圣
true medica	纯正医治
true north	真北
true prominence	纯正日珥斩
true raise	纯正复活
true rampart	纯正铁壁
true renew	纯正痊愈
true reprisal	纯正雪仇
true sentinel	纯正预警
true sight	识破
true step	纯正舞步
true stone	纯正飞石
true stoneskin	纯正石肤
true strike	正拳
true summit	尖尖山顶
true thrust	精准刺
true tornado	纯正龙卷
true virtue	完全的美德
true vue	真唯大道
true walking dead	纯正死而不僵
true water	纯正流水
truedragon dive	纯正龙炎冲
truehound cutter	灰犬家族的船医
truehound gunner	灰犬家族炮手
truehound lodesman	灰犬家族的领航员
truehound swab	灰犬家族的甲板员
truffle coeurl	真菌长须豹
truly berserk	纯正狂暴
trunk smash	象鼻碎击
trunk tawse	象鼻抽打
trusty shield	信赖之盾
truth of forests	丛林之相
truth of mountains	山岳之相
truth of oceans	海洋之相
truthspeaker huibairten	真相代言人 于贝尔唐
tryptix stumblemox	迟钝的崔普提克斯
tsaagan mangas	白色怪兽
tsanahale	奇纳哈尔鸟妖
tsanahale initiator	首位奇纳哈尔鸟妖
tsivli stoutstrider	健步如飞 基维利
tsubame sunrise	天道之燕
tsubame-gaeshi	燕回返
tsubame-gaeshi ready	燕回返预备
tsujigiri	机关试刃
tsujikaze	尘卷
tsuki-no-kakera	月之碎片
tsuki-no-maiogi	月下舞扇
tsukuyomi	月读
tsumuji-kaze	旋风
tsunami	大海啸
tsurubebi	钓瓶火
ttokrrone	得酷热涅
tturuhhetso	兹茹黑泽希利
tuco-tuco	土针鼹
tulichu	地口花
tulidile	图拉尔巨鳄
tulidisaster	图拉尔灾祸
tuligora queen	图拉尔王后
tuligora troupe	图拉尔蔓德拉战队
tulihand	火尾飞蜥
tuliyollal	图莱尤拉
tuliyollal aetheryte plaza	以太之光广场
tuliyollal trailhead	图莱尤拉关门
tumbleclaw	风滚蟹
tumbleclaw kindler	易燃风滚蟹
tumblecleave	乱劈
tumbled hearthrises	融合的房屋
tumblewind	乱风
tumbling down	一落千丈
tumbling tuco-tuco	筋斗土针鼹
tumultuous nexus	暴风球
tumulus	古墓
tuned magitek turret	改进型魔导浮空炮塔
tunnel armor	掘地装甲
tunnel knocker	地道敲石虫
tunnel shaker	震摇隧道
tunnel worm	地道蠕虫
tupaq amaro	图帕克·阿马罗
tural's embrace	图拉尔的慈爱
turali eggplant	图拉尔茄子
turali fervor	图拉尔的澎湃
turali garlic	图拉尔蒜头
turali hawksbill	图拉尔玳瑁
turali judgment	图拉尔的峻烈
turali medica	图拉尔医治
turali morbol	图拉尔魔界花
turali netzach	图拉尔胜利
turali onion	图拉尔洋葱
turali quake	图拉尔地震
turali ratel	图拉尔蜜獾
turali snowman	图拉尔雪人
turali stone iii	图拉尔垒石
turali tincture	图拉尔药水
turali tomato	图拉尔番茄
turali will	图拉尔的坚毅
turbine	涡轮
turbulence	湍流
turbulent aether	以太乱流
turmoil	慌乱
turn of the heavens	光轮召唤
turnabout	回旋
turncloak clairvisse	变节者 克莱尔维斯
turned inquisitor	造反的异端审问官
turned knight	造反的神殿骑士
turned sahagin	海啸之兽
turnspit to dactail	转向吐息甩尾
turntail to pteraspit	转向甩尾吐息
turquoise currents	青蓝水脉
turquoise trench	苍玉海沟
turret charge	纯白冲锋
turret crossing	炮塔出击
turret reset	炮塔重启
turret retrieval	回收浮空炮塔
turret's tour	跳弹乱舞
turtle's back	龟甲喷泉
tusk butt	象牙冲撞
tusk charge	尖牙冲锋
tusked hog	獠牙野猪
twelfth blade	第十二刃区
twelve wonders	十二奇园
twelve's bounty	十二神加护
twelve's embrace	祝福天球
twelvefold	压缩世界
twice on rokujo	六条奔雷二式
twice stricken	雷轰电转
twice-come ruin	破灭之印：贰
twilight nebula	黄昏星云
twilight over thanalan	萨纳兰的黄昏
twilight phase	暮光相
twilight radiance	黄昏光辉
twilight sabbath	黑色安息日的日落
twilight shadow	黄昏暗影
twilit terraces	落日之都
twin adder barracks	双蛇党军营
twin agonies	双魔邪王斩
twin blaze	双重吐息
twin bolt	双重落雷
twin fates	双枪共鸣
twin fury	双塔尼亚之怒
twin halls	双面宫
twin poles	光与暗的双剑技
twin pom meteor	绒绒双重陨石
twin silence	闲寂的双剑技
twin snakes	双掌打
twin spirit	多重灵身
twin stillness	静寂的双剑技
twin-tongued addison	艾迪生
twin-tongued mansel	妄言的曼赛尔
twin-winged treachery	横断击
twinbite	双牙击
twinblood	双牙乱术
twinblood bite	双牙乱击
twinblood thresh	双牙乱闪
twincast	合力咏唱
twinfang	双牙连术
twinfang bite	双牙连击
twinfang thresh	双牙连闪
twinfold flame	双重爆炎
twingaze	热闪
twinkle toss	倾泻的闪烁
twinklefleece	闪烁毛球
twinkling flourish	魔术爆发
twinkling ring	魔术环
twinning	希尔科斯孪晶塔
twinpools	双子池
twinscorch	二连炎狱斩
twinscorched halo	二连炎狱环斩
twinscorched veil	二连炎狱圆斩
twinsong's aporrhoia	流溢：绝望合唱
twintania	双塔尼亚
twintania's clone	双塔尼亚复制体
twist nature	强制咏唱
twist of fate	危命奖励提高
twisted div	长草的怪物
twisted imperial	变异的帝国兵
twisted pool	浑水流
twisted scream	异形咆哮
twisted talent	污秽仪式
twisted tongue	语速飞快
twisted touch	污秽之指
twisted trunk	扭绞大树
twisted vision	心象投影
twisted wind	回风
twister	旋风
twisting blaze	火焰旋风
twisting dive	旋风冲
twisting viper	与风共歌的蛇
twisting winds	风轮
two minds	附魂双击
two terrors	双头恐惧
two-headed aevis	双头怪鸟
two-headed dragon	双头巨龙
two-stone march	马利克敕令：进二
two-swipe memory	猫生九命：双重
two-way fireball	双向回旋火
two-winged zundu	双翼尊杜
twofold blight	青之二重波
twofold revelation	魔法阵双重展开
twofold tempest	双牙暴风击
twopenny inflation	二币咒爆风
ty'aitya	小鸣鼠
ty'aitya trickster	捣蛋鬼小鸣鼠
ty'iinbek traverse	冥境隧路
typhoon	台风
typhoon sprite	台风元精
typhoon wing	台风之翼
tyr beq	提儿·拜克
tyrannic blare	暴虐吼叫
tyrannis	僭主森林
tyrannosaur	暴龙
tyrannosaur tyrant	暴君龙
tyranny's grasp	女王之手
tyrant's fire iii	暴君爆炎
tyrant's flare	暴君核爆
tyrant's unholy darkness	暴君黑暗神圣
tyrfing	提尔锋
u'ghamaro bedesman	武伽玛罗受施者
u'ghamaro golem	武伽玛罗巨像
u'ghamaro guardian	武伽玛罗守卫
u'ghamaro kobold	武伽玛罗巡查员
u'ghamaro mines	武伽玛罗武装矿山
u'ghamaro patrolman	武伽玛罗巡视员
u'ghamaro pickman	武伽玛罗采集员
u'ghamaro priest	武伽玛罗祭司
u'ghamaro quarryman	武伽玛罗采石员
u'ghamaro roundsman	武伽玛罗巡逻员
u'kahmuli	乌·嘉姆丽
u'konelua	乌·科内露亚
u'lamana	猎人少女 乌·拉玛娜
u'linbho the sand devil	沙漠猎人 乌·琳波
u'lolamo	乌·萝拉莫
u'ndomii	乌·恩多密
u'ralka	乌·拉尔嘉
uchiwasshoi	扇大团扇
udumbara	优昙婆罗花
ufiti sovereign	巫菲提猿王
ugetsuzan	雨月斩
ugly duckling	丑小鸭
ugundi warrior	温衮德部战士
ul'dah aetheryte plaza	以太之光广场
ul'dah dispatch yard	乌尔达哈调车库
ul'dahn gulp	持续用沙都风格马克杯喝
ul'dahn naturalist	古代魔法研究者
ul'dahn sip	用沙都风格马克杯喝
ul'sanuwa	腾云水蛇
ulhuadshi	乌尔哈德希
ulthalam parade	乌尔塔拉姆大道
ultima beast	究极神兽
ultima blade	究极之刃
ultima blow	究极强击
ultima buster	究极破坏炮
ultima demon	究极恶魔
ultima garuda	究极迦楼罗
ultima ifrit	究极伊弗利特
ultima ray	究极射线
ultima thule	天外天垓
ultima titan	究极泰坦
ultima upsurge	扑腾腾究极
ultima warrior	究极战士
ultima weapon	究极神兵
ultima's perfection	阿尔蒂玛完美形态
ultima's transformation	阿尔蒂玛优雅形态
ultimacy	禁绝幻想
ultimaplasm	究极炸弹
ultimate annihilation	爆击之究极幻想
ultimate crossover	究极·交汇
ultimate edge	终结妖刃
ultimate embrace	终末双腕
ultimate end	万物终结
ultimate fate	终极命运
ultimate flare	究极爆发
ultimate focus	精神集中
ultimate illusion	究极幻想
ultimate impulse	究极脉冲
ultimate predation	追击之究极幻想
ultimate pseudoterror	魔科学式究极恐惧
ultimate relativity	时间压缩·绝
ultimate strike	究极强袭
ultimate suppression	乱击之究极幻想
ultimate terror	究极恐惧
ultimate trophy weapons	历战之极武
ultimate verdict	究极调停
ultimate zantetsuken	极·斩铁剑
ultimatum	最后通牒
ultimum	次元终结
ultra flash	究极闪光
ultra power plasma	究极强等离子
ultra power special	战士之威力
ultramagnetism	强磁力
ultrasonic amp	音速集聚
ultrasonic spread	音速流散
ultrasonics	超声波
ultravibration	超振动
ultraviolent ray	魔光
ultros simulation	奥尔特罗斯模拟程序
ululation	狂吠
uma-no-unicolt	午马独角幼兽
umbilicus	深虑室
umbra smash	本影爆碎
umbra wave	本影波动
umbral advance	灵极进升
umbral advent	灵极临
umbral ascendancy	灵极性耐性提升
umbral attenuation	灵极性耐性降低
umbral cloak	暗之衣
umbral debris	灵极岩屑
umbral draw	灵极抽卡
umbral effect	偏属性：暗
umbral essence	暗之腕
umbral flare	灵极核爆
umbral freeze	灵极寒
umbral glow	灵极炽光
umbral ice	灵极冰
umbral ice iii	灵极冰III
umbral impact	灵击
umbral impulse	灵极脉冲
umbral orbs	本影球
umbral prism	暗之波涛
umbral rays	暗之波动
umbral soul	灵极魂
umbral tier	兵武塔灵极层
umbral tilt	极性偏转：灵
umbral vise	灵极重击
umbralbright soul	灵临刻印
umbralstrong soul	灵击刻印
umbrella dance	撑伞起舞
umineko teahouse	海猫茶屋
unamused botanist	一丝不苟的研究员
unarmed vanu vanu	年轻的瓦努人
unbalanced bandit	情绪不稳的盗贼
unbearable cloud	瘴气飞散
unbecoming	无之侵蚀
unbending steel	不屈之刃
unblinking eye	不瞑之眼
unbound arrow	革新箭
unbound brawler	自由战士
unbound chaser	自由战士
unbound impaler	自由战士
unbound ink	泼墨
unbound persona	自由假面
unbound raider	自由战士
unbound ravager	自由战士
unbound spirit	刀魂炎花
unbound tome	简装本
unbowed	搏战
unbowed spirit	斗气刃
unbreakable	牢不可破
unbreakable cermet blade	超硬陶瓷合金刃
unbreakable cermet drill	超硬陶瓷合金钻头
unbreakable cermet scythe	超硬陶瓷合金镰刀
unbreakable urolith	坚硬的乌洛里石
unbridled	妖刀解放
unbridled rage	无拘暴怒
unbridled wrath	大激发
unbroken mettle	牢固的防御
unbroken vessels	凶猛的容器
uncanny cactuar	仙人掌？
uncanny flying popoto	飞天新薯？
uncanny gedan	獦狚？
uncanny horned lizard	角蜥蜴？
uncanny huallepen	华列彭？
uncanny mountain bear	山熊？
uncanny nopalitender	圆扇刺？
uncanny rroneek	犎牛？
uncanny tumbleclaw	风滚蟹？
uncanny valley	奇怪谷
uncanny whisper	妖异的吐息
uncanny yeheheceyaa	舞翼飞龙？
uncast shadow	虚无之影
uncegila	安瑟基拉
unceremonious beheading	斩首
unceremonious behelming	一盔必杀
unchained	解脱
uncharted road	崎岖之路
uncivil tongue	恶态
unclassified gigantender	稀有巨人掌
unclassified sabotender	稀有仙人刺
unclouded ascension	高光
uncoiled fury	飞蛇之尾
uncoiled twinblood	飞蛇乱尾击
uncoiled twinfang	飞蛇连尾击
uncommon cactuar	稀有仙人掌
uncommon ground	盘面攻击
unconscious adventurer	昏倒的冒险者
unconscious immolation	大火恶梦
uncontrollable	放纵V
uncontrollable koja	失控的高加颅
unconventional voltage	集束电压
uncover	解除保护
undead deathmatch	血蝠死斗
undead gravekeeper	不死守卫
undead orthos dragon	正统尸龙
undead rebirth	出死入生
undead redemption	不死救赎
undead serf	不死奴隶
undead soldier	不死士兵
undead warden	不死看守
undead warrior	不死战士
under overboard	蓝裂裂界
under the armor	讨伐彷徨死灵！
under the stars	繁星之下
under the weight	大地的重压
underbite	低咬
underflow code smell	代码异味：下溢
underflow debugger	修复错误：下溢
underfoot	踩踏
underkeep	永护塔底
underkeep cingulata	塔底有甲兽
underkeep hornfly	塔底角蚂蜓
underkeep lizard	塔底蜥蜴
underkeep myrmecoleon	塔底蚁蛉
underkeep sandworm	塔底沙地巨虫
undermine	掘地雷
undersea entrance	塌陷的大厅
undersea quake	海底地震
understory	树干层
understudy	模仿细胞
undertaker	送葬尸灵
underwater cell	水底牢狱
underworks	地下1层
underworld	冥界大空洞
undiscovered fishing hole	未知钓场
undisturbed shrine	无接的中殿
undraw spread	暂留废弃
undsiig	浑云地斯
undying affection	声援
undying fire	深仇大恨
undying flame	苏生之炎
undying hatred	超念力
undying virtue	高洁剑
unearned advantage	不均衡的一击
unearned envy	防御本能
unearth	发掘
unearth iii	发掘III
unei demiclone	乌内亚灵复制体
unei's clone	乌内复制体
unending woe	邪念
unenlightenment	烦恼炽盛
uneven footing	激烈撞击
unfamiliar street	通往广场的路
unfathomable horror	深海幽溟
unfettered ferocity	猛袭
unfinal sting	未终针
unfinished business	执念
unfinished nixie	小水滴精
unfooled	打破幻觉：独木桥
unforgiven idolatry	未被宽恕的盲崇
unforgotten	记录事件
unfortunate eggs	怪异的蛋
unfortunate straggler	没能及时逃走的男子
unfound ogre	未知食人魔
unfrozen pond	库尔札斯不冻池
ungarmax	怒火冲天
ungentle breeze	热风
unguarded	无法防御
unguest's breachhold	入侵者阵营
unguest's watercross	入侵者临时桥
unhallowed hamlet	妖火渔村
unholy darkness	黑暗神圣
unholy grimoire	不净的魔法阵
unholy havoc	恐吓命令
unholy heir	邪嗣
unholy pikeman	邪恶枪兵
unholy sacrifice	恶魔僵尸
unholy water	水牢弹
unicolt	独角幼兽
unicorn	独角兽
uninterrupted	专心咏唱
uninviting entrance	无述的拜廊
unite mare	重魂爆
universal assault	全方位攻击
universal empowerment conduit	全局增幅器
universal gravitation	万有引力
universal manipulation	法则变更
unjoined aspect	属性变动
unknown imperial	无名帝国兵
unknown ravager	不明身份的掠夺者
unktehi	乌克提希
unleash	释放
unleashed	全力释放
unlimited	超越极限
unlimited craving	吸你斗志喵
unlimited express	无控急行
unlimited wave cannon	波动炮：限制解除
unlit chain	黑暗锁链
unlit cyclone	黑暗旋风
unlost world	无失世界
unlucky clerk	正在看店的市民
unlucky lot	魔爆
unlucky rabbit	不幸小兔
unmagicked	禁用魔石
unmaking	无之领域
unmarked tomb	无名墓
unmatching pieces	无法拼合的碎片
unmemoried portal	遗忘的传送门
unmitigated explosion	大爆炸
unmitigated impact	大冲击
unmoored anchor	锚山
unmoored isle	无名浮岛
unmooring melody	混乱之歌
unmoved source alpha	一号天球口
unmoved source beta	二号天球口
unmoving dvenadkatika	不动十二段
unmoving moogle	硬邦邦的莫古力
unmoving troika	不动三段
unnamed island	无名岛
unnamed margin	无名岛近海
unnamed spectral current	无名岛近海幻海流
unnatural ailment	妖击
unnatural enchainment	灵魂链
unnatural force	重妖击
unnatural wail	诡异的咒声
unnerved	惊慌失措
unpalatable sprite	苦涩元精
unparalleled glory	幻影王的荣光
unpleasant breeze	鼻旋风
unpotted	荆棘波
unquestioned acceptance	无偿离宫
unquiet dead	徘徊的亡者
unravel	解开包裹
unrelenting	千手无双剑
unrelenting anguish	无间地狱
unrelenting charge	高速冲锋
unrelenting counter	无属性反击
unrepentance	污浊的执念
unrightful claim	偏爱的诅咒
unruffled refugee	美丽的难民
unsagely spin	百吨回旋
unsealed	封印解除
unsealed aura	灵气释放
unsealed implements	解封武器
unsealed seiton tenchu	星遁天诛预备
unseen eye	风花舞的幻影
unseen force	消失魔刃·冲波
unseen shoulder	瞬击冲
unseen spirits laughing	祖灵笑
unsettled spirit	活泼的水灵
unsevered despair	哀伤之庭
unshadowed stake	暗光钉
unshakable loyalty	决死的忠义
unsheathe	妖刀出鞘
unsheathing	妖刀具现
unshower	污泥冷水
unsightly buffalo	丑陋水牛
unsightly chaos	混沌禁忌
unspeaking swordsman	无言剑士
unspoken	库尔札斯的寂静
unstable	不稳定
unstable factor	消灭因子
unstable gravity	重力爆发
unstifled prayer	祈祷之身
unstoppable aevis	无法阻止的龙鸟
unstoppable dragonfly	无法阻止的蜻蜓飞蜥
unstoppable wyvern	无法阻止的双足飞龙
unsummon	撤销召唤
unsung elegy	无生的挽歌
untamed current	电光雷轰
untamed shrew	野生鼩鼱
untempered sword	无势架势
untested voyager	未曾升空的战舰
unto dust	归于尘土
untouched spring	身根温泉
unukalhai	蛇心
unusable	无法使用
unveiled	现出原形
unveiled gallows	缢杀爪
unveiled gibbet	绞决爪
unveiling	显露原形
unverified research	封印术研究楼遗迹
unwavering apparition	罗刹的幻影
unwavering guard	极致防御
unwavering will	心理障壁
unwhere	未知空间
unwilling cargo	强制移动
unwilling host	寄生
unwinged demolisher	无翼古恐龙
unwitting wings	迷惑鳞粉
unworthy	同仇敌忾
unwound	解读
unwoven will	破愿
unyielding mettle	牢固的魔法障壁
unyielding will	灵击波
uolon of fortune	财富呜噜怪
uolosapa	乌洛萨帕
uolosapa loqua	乌洛萨帕·罗库阿
upbraid	咒发突
upburst	顶起
update program	更新循环程序
updraft	上升气流
updrift	震飞
upgraded lance	强化：枪
upgraded shield	强化：盾
upheaval	大怒震
upheld overruling	维持否决
upheld ruling	维持判决
upholder	真神面具
upland iguana	山地鬣蜥
upland mylodon	山地磨齿兽
uplander doom	齐射
uplift sequence	连锁隆起
upon the rocks	触礁
upper acrinthos	卫辅城上层
upper aerial artifice	创造高空层
upper aetheroacoustic exploratory site	陨石勘查坑表层
upper arm	左上臂
upper black tea brook	红茶川水系上游
upper circuits	中央终端上层
upper deck	上甲板
upper decks	上层甲板
upper delivery port	上层输出口
upper exterior	上层2
upper floors	最上层
upper hathoeva river	哈希瓦河上游
upper interior	上层1
upper labyrinth	古代人迷宫2层
upper laser	上方激光
upper lighthouse	大灯塔上部
upper mirage creek	幻河上游
upper origenics	上层
upper pagoda	五堂塔中层
upper passage	上层走廊
upper paths	高径
upper reaches	最下上层
upper ring	上层
upper section	最上层
upper soda-lime float	碱石灰河上游
upper soot creek	污流上游
upper stratum	工厂废墟上层
upper thaliak river	沙利亚克河上流
upper tower of ruin	瓦砾之塔顶层
upper veil	上层警戒区
upper watts river	沃茨河上游
upper yat khaal	亚特卡勒河上游
uppercut	上击
uprooted morbol	离开栖息地的魔界花
upside down	回旋号令
upsweep	海洋怪声
ura brute	乌拉部恶汉
uragnite	乌菊石
uranos cascade	天神瀑泻击
urchinfish	海胆
urianger	于里昂热
urianger's avatar	于里昂热的幻体
uriel blade	神光刃
urna variabilis	多变装置
urolith guard	乌洛里石守卫
urolith sentinel	哨兵乌洛里石
urqocampa	奥阔瓦魔蛾幼虫
urqopacha	奥阔帕恰山
urstrix	复仇枭雄
urth's fount	兀尔德泉
urth's gift	兀尔德恩惠地
usapyon	USA蹦
ussaqeyiq	恋船岛
usurper of frost	希瓦·米特隆
ut'ohmu horizon	乌托姆地平线
utmost caution	极度警戒
utopian sky	乐园绝技
utsusemi	空蝉之术
utter destruction	摧毁
utter immolation	烧尽
utya's aegis	乌特亚前哨
uwabami	蟒蛇
uyagir caves	维亚吉儿古巢
uyagiri warrior	维亚吉儿部战士
uyuypoga	水果树群
uyuyub	孵卵树群
uzumibi onmyoji	埋火家的阴阳师
v'kebbe the stray	小野猫 维·凯碧
v'nbolo	维·恩波萝
vacuum blade	真空刃
vacuum claw	真空爪
vacuum slash	真空斩
vacuum slice	真空斩
vacuum suit	强力机兵
vacuum wave	真空波
vairemont	韦尔蒙
vajrakumara	金刚鸠摩罗
vajralangula	金刚尾
val ant	瓦尔蚁
val antelope	瓦尔羚羊
val antlion	瓦尔蚁狮
val banemite	瓦尔祸蛛蝎
val bear	瓦尔巨熊
val biast	瓦尔雷蛟
val biloko	瓦尔比洛克
val bloodglider	瓦尔血飞蛾
val chigoe	瓦尔沙蚤
val corpse	瓦尔腐尸
val corpse flower	瓦尔尸生花
val galago	瓦尔婴猴
val gigantopithecus	瓦尔巨猿
val griffin	瓦尔狮鹫
val guardian	瓦尔守护者
val hornbill	瓦尔犀鸟
val icetrap	瓦尔寒冰陷阱草
val imp	瓦尔小魔精
val keeper	瓦尔守卫
val leshy	瓦尔莱西
val mammoth	瓦尔长毛象
val mantis	瓦尔螳螂
val minotaur	瓦尔弥诺陶洛斯
val mole	瓦尔鼹鼠
val nanka	瓦尔南加
val nullchu	瓦尔泥口花
val revenant	瓦尔亡魂
val river belly	瓦尔河谷
val river source	瓦尔河源流
val river swale	瓦尔河流域
val roselet	瓦尔小红花
val skatene	瓦尔斯卡尼特
val snipper	瓦尔利螯陆蟹
val specter	瓦尔妖影
val tulihand	瓦尔火尾飞蜥
val worm	瓦尔巨虫
val wraith	瓦尔幽灵
val yeti	瓦尔大脚雪人
val ymir	瓦尔尤弥尔
vale banemite	金谷祸蛛蝎
vale bat	金谷蝙蝠
vale diremite	金谷凶蛛蝎
vale wasp	金蜂水母
valefor	瓦利弗
valentione's ceremony	良缘仪式
valfodr	残杀
valia pira	灵变柱
valiant	英勇装甲
valigarmanda	艳翼蛇鸟
valking	瓦尔维京人偶
valknut	屠戮结
valley aspis	谷地毒蝰
valley barbmole	谷地棘鼹
valley cactuar	谷地仙人掌
valley campeador	谷地勇士
valley cliffkite	谷地壁崖飞鸢
valley digger	谷地挖掘者
valley flowertender	谷地仙人花
valley gedan	谷地獦狚
valley manticore	山谷曼提克
valley megamaguey	谷地巨龙舌兰
valley nopalitender	谷地圆扇刺
valley of living stone	岩石怪异的溪谷
valley of sabotenderous celebrity	仙人列道
valley sabotender	谷地仙人刺
valley saguarotender	谷地巨人刺
valley tumbleclaw	谷地风滚蟹
vallis vulneris	痛苦月谷
valorous ascension	凌空破
valued customer	持有商品
vamp fatale	致命美人
vamp stomp	血魅的靴踏音
vampette fatale	致命蝙蝠
vampire bat	吸血鬼蝙蝠
vampire cup	吸血草杯
vampire vine	吸血藤树
vampiress	吸血小姐
vampiric essence	魔兽吸血药
vampiric fang	吸血鬼之牙
vana'diel march	瓦纳·迪尔进行曲
vanaspati	万相森国
vanaspati eft	万相森国水蜥
vanaspati ink claw	万相森国墨染巨钳虾
vandalous imp	破坏小魔精
vangob scrap	报废的哥布林装甲
vanguard	先锋营
vanguard aerostat	先锋营航空机
vanguard command	本营区
vanguard control room	前哨基地指挥室
vanguard leptocyon	先锋营细犬
vanguard pathfinder	先锋寻路人
vanguard prabhasa	先锋营波罗婆娑
vanguard prototype	魔导先锋试验型
vanguard turret	先锋营炮塔
vanguard's slime	先锋粘液怪
vanisha the one truth	纯心 伐尼夏
vanished	隐形
vanishing daggers	消失魔刃
vanishing horizon	幻影光波
vanishing ray	消失射线
vanishing slope	幻境滩
vanu snap	瓦努拳
vanu stripe	瓦努击
vapor bubble	蒸汽泡
vaporize	雾散
variable combat test	多重攻击检测
variant cure	多变治疗
variant cure set	设置多变治疗
variant eagle eye shot	多变锐眼追击
variant raise	多变复活
variant raise set	设置多变复活
variant rampart	多变铁壁
variant rampart set	设置多变铁壁
variant spirit dart	多变精神镖
variant spirit dart set	设置多变精神镖
variant ultimatum	多变最后通牒
variant ultimatum set	设置多变最后通牒
varis yae galvus	瓦厉斯·耶·加尔乌斯
varshahn	瓦尔桑
varthon	瓦尔松
vasoconstrictor	毒液喷射
vassago	瓦沙克
vassal vessel	下属人偶
vath gate guard	自由脑门卫
vath hunter	自由脑猎人
vault acrocat	金库飞天猫
vault aerostat	金库航空机
vault agavoides	金库东云猬
vault auditor	教皇厅射手
vault bat	金库探索蝙蝠
vault bot	金库机器人
vault crab	金库陆蟹
vault deacon	教皇厅助祭
vault eggplant	金库茄子
vault eyeclops	金库孤眼巨人
vault fluid soul	金库液态灵魂
vault friar	教皇厅修道士
vault gargantua	金库卡冈图亚
vault garlic	金库蒜头
vault gemkeeper	金库执宝精
vault laser cannon	金库激光炮
vault laser turret	金库激光炮塔
vault leptocyon	金库细犬
vault nave	教皇厅中殿
vault of aether	魔力之间
vault of secrets	智力之间
vault of singing crystal	和鸣水晶之间
vault of steel	武力之间
vault of wealth	财力之间
vault oneiron	巡梦金库
vault onion	金库洋葱
vault ostiary	教皇厅修道剑士
vault priest	教皇厅祭司
vault queen	金库王后
vault roadripper	金库开路机
vault scorpion	金库毒蝎
vault tomato	金库番茄
vault torbalan	金库托尔巴兰
vault tree	金库走路树
vault vegetators	金库蔓德拉战队
vault water spirit	金库水灵
vault wind spirit	金库风灵
vault yan	金库羊
vaultkeeper	金库守卫
vaunted hero	应战γ
vaunted villain	求战γ
vauthry's blessing	沃斯里的祝福
vawtsaral br'aax	长牙狞豹
vedrfolnir	维德佛尔尼尔
vegetal vapours	魅惑的香光
veil asunder	八云
veil of darkness	黑暗帷幕
veil of gukumatz	魔装羽蛇
veil of heat	圆焰灼烧
veil of ignorance	中层警戒区
veil of light	新月耐性
veil of mist	浓雾笼罩的大海
veil of shadow	满月耐性
veil of the whorl	水神的面纱
veil sever	血地裂
veiled arrow	影匿箭
veiled gigaworm	蒙面庞然巨虫
veiled in black	黑暗遮蔽
vein splitter	地脉断
velibor the baleful	豪情剑 韦利博尔
velibor's voice	像是韦利博尔的声音
velociraptor	迅猛龙
velodyna ant	威罗迪纳蚁兵
velodyna pugil	威罗迪纳陆鱼
velodyna river	威罗迪纳河
velodyna sarcosuchus	威罗迪纳帝王鳄
velodyna toad	威罗迪纳蟾蜍
velvet drapery	帘子
velveteen ant	丝绒蚁
vena amoris	死亡翅脉
venat's phantom	维涅斯的幻体
venerable gloaming	灵星剑
veneration	崇敬
vengeance	复仇
vengeance of the viper	图拉尔威爪猎手
vengeful aevis	复仇龙鸟
vengeful amphiptere	复仇安菲瑟龙
vengeful archaeornis	复仇古鸟
vengeful belone	附魔佩罗涅·复仇
vengeful bio iii	复仇剧毒菌
vengeful blizzard iii	复仇冰封
vengeful fire iii	复仇爆炎
vengeful flame	怨咒之火
vengeful pyre	怨咒之重火
vengeful soul	复仇之魂
vengeful souls	黑赤招魂
vengeful tulihand	复仇火尾飞蜥
vengeful wadjet	复仇神蜥蜴瓦吉特
vengeful wyvern	复仇双足飞龙
veni vidi vici	我来，我见，我征服
venmont yards	温蒙特造船厂
venom burst	毒气爆发
venom drops	毒液滴落
venom eruption	毒液喷发
venom mist	毒雾喷射
venom pool	毒液飞溅
venom puff	毒气喷发
venom rain	毒液雨
venom shot	毒气发射
venom shower	水毒浴
venom spray	毒液喷射
venom squall	毒液风暴
venom storm	毒气风暴
venom surge	毒液喷涌
venom web	毒蛛网
venomous bite	毒咬箭
venomous breath	毒气吐息
venomous mass	毒液倾泻
venomous python	猛毒大蟒
venomous scourge	滴液灾变
venomous tail	猛毒之尾
venomous thrall	被迷惑的大蛇
venomspill	投毒
venomtongue assassin	毒舌刺客
ventilate	执行冷却
ventricle	心室
venturous kamuy	商贾神威
ventus est	是为疾风
venusian eye	美爱之眼
veraero	赤疾风
veraero iii	赤暴风
vercure	赤治疗
vercure iii	赤愈疗
verdant drop	落翠底
verdant heart	翠之心
verdant path	翠青流
verdant plume	浓绿之羽
verdant tempest	翠青魔风尘
verdant tornado	绿叶龙卷
verdant treant	青翠树精
verdict	终审开庭
verfire	赤火炎
verfire ready	赤火炎预备
verflare	赤核爆
verge line	边缘结界
verge pulse	结界冲击
vergilia van corculum	维吉莉亚·范·柯尔库鲁姆
verholy	赤神圣
veri selen	维里赛冷
verification node	检查系统
vermiculary	妖龙猎场
vermilion aura	赤妖弹
vermilion flame	赤热火
vermilion flight	朱雀翔空
vermilion pledge	赤红诺言
vermilion radiance	赤神圣、赤核爆预备
vermilion scourge	赤红灾变
verraise	赤复活
verstone	赤飞石
verstone ready	赤飞石预备
verthunder	赤闪雷
verthunder iii	赤暴雷
vertical blast	立式火浪
vertical cleave	纵劈
vertical crosshatch	纵向双重抓
vertical kenoma	前后坚守
vertical plunge	立式水浪
vertigo	晕眩
vesper bat	黄昏蝙蝠
vesper bay	黄昏湾
veteran gladiator	熟练的剑术师
veteran of the fierce	老练的战士
veteran trade	熟练技巧
vexed researcher	束手无策的研究员
vexillatio	布旗
via nivalis xlvii	四十七号登山雪道
via praetoria	天营路
via principalis	地营路
via varis	瓦厉斯道
vibrant voices	多彩之都
vicarious vacationer	休假小员
vice and virtue	恶习与美德
vice of apathy	冷漠之恶
vice of greed	贪婪之恶
vice of pride	傲慢之恶
vice of sloth	怠惰之恶
vice of thievery	盗窃之恶
vice of thorns	荆棘环绕
vice of vanity	虚荣之恶
vicegerent to the warden	审理神代言者
vicegerent's head	代言者的头部
vicegerent's left hand	代言者的左手
vicegerent's right hand	代言者的右手
vicepit	强碎灵蝰
vicewinder	强碎灵蛇
vicious charge	双角冲
vicious highwayman	愤怒的盗贼
vicious swipe	狂暴回转
victors march	凯旋大街
victors spoils	封赏别墅
victory	欢呼胜利
victory gate	凯旋门
victory or death	胜利或是死亡
victory reveal	大获全胜
victory slash	必胜斩
vicus messorum	收割村
vidofnir	维德弗尼尔
vidohunir	维多夫尼尔
vigil heir	守塔幼龙
vigilance	警戒
vigilant	影卫
vigilia	守夜
vigorwasp	回复蜜虫
viis hunter	熟练的猎人
vile gnat	卑劣巨蝇
vile kinship	百虫本能
vile utterance	恶言恶语
vile wave	恶意的波动
vilekin swarm	飞虫群
vileskin	百虫肤
village of ilyon asoh	余痕屋群
villainous rebuke	良心谴责
vindthurs	风巨魔
vine hammer	藤锤
vine probe	藤鞭穿刺
vine whip	藤鞭
vinegaroon	醋蝎龙
vinegaroon ambusher	埋伏的醋蝎龙
vinegaroon executioner	处刑醋蝎龙
vineyard bond	葡萄酒港的农夫
violent breach	暴力破坏
violent burst	强爆炸
violent discharge	强制放电
violent earth	大地的热情
violent gomphotherium	愤怒嵌齿象
violent wind	狂风
violent wretch	暴力恶汉
violet back	青背魔鸟
violet bolt	紫电
violet bombfish	紫水的刺球爆弹怪
violet coralshell	紫水珊瑚壳
violet flytrap	紫陷阱草
violet screech	嚎叫紫妖精
violet shark	紫水飞鲨
violet sigh	叹息紫妖精
violet snarl	咆哮紫妖精
violet storm	紫雷波
violet tatsunoko	紫水龙之子
violet triffid	紫罗兰三尖树
violet voltage	紫电旋
violet ward	黛紫管制区
viper poison	尾蛇毒
vira battlemaid	毗罗派斗士
vira beadmaid	毗罗工匠
vira beastmaid	毗罗派驯象师
vira bowmaid	毗罗派猎人
vira nilya	勇巢
viral weapon	病毒兵器
virazahn the deceiver	欺世盗名 维剌赞
virdjala	无垢干谷
virgin tears	少女之泪
virtual boulder	岩石
virtual shift	虚景切换
virtual tears	哭泣表情
virtuosic capriccio	残酷狂想曲
visage capture	用触控板记录
visceral burst	脏腑爆裂
visceral flame	火焰缠身
visceral hate	怨念实体化
visceral whirl	旋骨利爪
viscid emission	胶质排放物
viscous aetheroplasm	吸附式以太炸弹
viscous clot	粘液凝块
viscous discharge	释放黏液
vision of gaia	盖娅的幻影
vision of ryne	琳的幻影
visions of paradise	乐园异象
visitant arch demon	来访上级恶魔
visitant archaeodemon	来访古恶魔
visitant arioch	来访阿里奥克
visitant blackguard	来访黑卫
visitant bloodguard	来访血卫
visitant bomb	来访爆弹怪
visitant dahak	来访扎哈克
visitant evil eye	来访邪视鬼
visitant gnat	来访巨蝇
visitant hellhound	来访地狱犬
visitant imp	来访小魔精
visitant jester	来访小丑
visitant longfingers	来访长指魔
visitant monk	来访鬼鱼
visitant ogre	来访食人魔
visitant persona	来访假面
visitant rider	来访白骑士
visitant satana	来访小恶灵
visitant succubus	来访梦魔
visitant taurus	来访牛头魔
visitant trapper	来访陷阱手
visitant troubadour	来访行吟诗人
visitant vodoriga	来访石像魔
visitant voidskipper	来访虚无巨蝇
vital sight	聚精鱼眼
vital sign	生命活动停滞
vitalis	帝国式活力剂
vitality down	耐力降低
vitalized	生机勃勃
vitalized iksalion	活力化改造鸟人
vitalized reptoid	活力化爬虫半人马
vitalized shabti	活力化沙布提
vitrified fort	熔化的前哨基地
vitriol	言出必行
vitriolic barrage	硫酸弹幕
vitrophyre	岩石弹
vitus quo messalla	维图斯·库奥·梅萨拉
vivere militare est	生者战也
vivid eyes	灵动之眼
vivid gastornis	多彩冠恐鸟
vivifying gleam	单目发光
vlondette's retreat	伏隆德特别墅
vocal guidance system	语音向导
vochstein	弗克施泰因
vodoriga	石像魔
vodoriga biblioclast	毁书石像魔
vodoriga cur	无赖石像魔
vodoriga minion	仆从石像魔
vodoriga piece	奇子·石像魔
vodoriga servant	石像魔随从
vodoriga shade	黑影石像魔
vodoriga sleeper	睡梦石像魔
vodoriga slicer	切刀石像魔
vodoriga snatcher	诱拐石像魔
vodoriga usher	领路石像魔
vodyanoi	伏贾诺
voeburtenburg	孚布特堡
voice from above	沃斯里的声音
voice of authority	权力的呐喊
voice of emet-selch	爱梅特赛尔克的声音
voice of fortitude	坚韧之誉
voice of the land	大地之号
voice of thunder	雷声
voice of valor	勇战之誉
voiceless muse	无声的叙事者
void aero	虚空疾风
void aero iii	虚空暴风
void ark	魔航船虚无方舟
void bio	虚空毒菌
void blizzard	虚空冰结
void blizzard iii	虚空冰封
void call	召唤妖异
void comet	虚空彗星
void crack	虚无裂痕
void crystal	虚无结晶
void dark	虚无黑暗
void death	虚空即死
void dross	虚无遗恨
void echo	虚无回声
void eruption	虚无喷发
void evocation	虚无呼唤
void fire	虚空火炎
void fire iii	虚空爆炎
void flame	虚无火焰
void flare star	虚无耀星
void garm	虚无加姆
void gravity	虚空重力
void hecteyes	虚无百目妖
void herald	虚无先锋
void hound	虚无猎犬
void jumper	虚无蝇王
void lamp	虚无灯
void lantern	虚无灯火
void matter	虚无物质
void meteor	虚空陨石
void miasma	虚无瘴气
void mine	虚雷弹怪
void monk	虚无鬼鱼
void mortar	虚空炮击
void nail	虚无钉
void of repentance	忏悔区
void pact	虚无契约
void paralyze	虚无麻痹
void paralyze iii	虚空强麻痹
void persona	虚无假面
void pitch	虚无淤泥
void pulse	虚无悸动
void quake	虚空地震
void quake iii	虚空爆震
void reaping	虚无收割
void rot	虚无邪气
void scavenger	虚无拾荒者
void slash	虚无斩
void slave	虚无巨魔
void soulcounter	虚无魂魔
void spark	虚无火花
void sprite	虚无元精
void stardust	虚空彗星雨
void stream	虚无奔流
void sweep	虚无横扫
void syricta	虚无希里科塔
void syrup	虚无毒液
void systems overload	虚无系统失控
void thunder	虚空闪雷
void thunder iii	虚空暴雷
void torch	虚无火炬
void tornado	虚空龙卷
void torrent	虚无洪流
void trap	虚无陷阱
void trumpeter	虚无号手
void tyrant	虚无暴君
void vortex	虚无漩涡
void vouivre	虚无薇薇尔飞龙
void wall	虚无墙
void wanderer	虚无流浪者
void ward	虚无罩
void warrior	虚无战士
void water iii	虚空狂水
void wyvern	虚无双足飞龙
voidal turbulence	无之涡流
voidal vortex	无之重涡流
voidblood	虚无之血
voidbound	虚无夹缝
voidcast dais	立方魔法阵
voidcast savior	虚无界的救赎者
voidcleaver	虚无劈砍
voidcluster	虚无晶簇
voidcrystal	虚无水晶
voidfire	虚无火炎
voidgate	虚无之门
voidgate amplifier	扩大虚无之门
voidmancer piece	奇子·虚灵法师
voidmoon arch demon	虚月上级恶魔
voidmoon archaeodemon	虚月古恶魔
voidmoon dahak	虚月扎哈克
voidmoon humbaba	虚月洪巴巴
voidmoon panopt	虚月帕诺普特
voidmoon plague	虚月灾祸之瞳
voidscale	虚无鳞龙
voidsent discarnate	大妖异之影
voidshaker	虚无摇动
voidskipper	虚无巨蝇
voidsphere	虚无晶球
voidstrom	虚无风暴
voidwalker	虚无行者
voidwhorl	暗之涡旋
volant heart	兽心技一式·翔
volatile cerule bomb	破碎青磷爆弹怪
volatile gravity vacuum suit	特定地区专用型强力机兵
volatile memory cache	流逝记忆的狭缝
volcanic activity	火山活动
volcanic bomb	火山爆裂
volcanic coordinates	点火法
volcanic debris	喷石
volcanic drop	火山弹
volcanic gas	火山气体
volcanic glow	火山炽光
volcanic heart	火山之心
volcanic howl	暴烈龙吼
volcanic prism	格鲁格棱晶
volcanic ridgetrap	火山脊陷阱草
volcanic scorpion	熔融蝎
volcanic torches	灼炎创火
volcano anala	火山阿那罗
voll the sharkskinned	苍鲨肌 伏尔
voll's fang	伏尔的鲨鱼牙
volley fire	齐射
vollok shoonsa	沃洛克联王宫
volt strike	雷电强袭
voltaic slash	电击斩
voltburst	电击爆发
voltstream	电压流
voluptuous vivian	撩人魔花薇薇安
volxia of the blade	柳叶刀 伏尔奇希亚
voor sian siran	沃仙曦染
voracious maw	贪婪大口
voracious swing	猛虎断
voracious wolverine	饥饿的貂熊
voretooth	穷奇
vorjirzur the valiant	蛮勇巨身 沃吉祖
vorpal blade	致命斩
vorpal thrust	贯通刺
vorpal trail	利刃寻迹
vorpal wheel	致命旋斩
vortex barrier	风神障壁
vortexer	环旋者
vortical orb	魔风球
votive candle	还愿烛火
vouivre	薇薇尔飞龙
voyager	航海者
vuk'gaii gundu	衮杜乌伽义
vuk'gaii vundu	温杜乌伽义
vuk'laii gundu	衮杜乌腊义
vuk'laii vundu	温杜乌腊义
vuk'loii gundu	衮杜乌洛义
vuk'loii vundu	温杜乌洛义
vuk'maii vundu	温杜乌麻义
vuk'noii gundu	衮杜乌诺义
vuk'poii totem	乌颇义图腾
vuk'poii vundu	温杜乌颇义
vuk'zoii vundu	温杜乌佐义
vulcan burst	火神爆裂
vulcanize	硬质化
vulgar pantera	粗野斑豹
vulnerability down	受伤减轻
vulpangue	狐首虺
vulture	兀鹫
vundu bright totem	温杜明亮图腾
vundu ok bendu	温杜属本杜集落
vundu totem	温杜图腾
vurgar armory	伍伽造兵厂
vurgar mettlegrounds	伍伽试战场
vurgar quarry	伍伽采石坑
vurgar the loyal	伍伽岩兵
wachumeqimeqi	珠串万货街
wachunpelo	瓦丘恩佩洛
wail of mhach	玛哈之嚎哭
wail of the lost	逝者的哀嚎
wailers and waterwheels	水车低鸣
wailing almasty	恸哭阿尔马斯提
wailing atomos	虚声的阿托莫斯
wailing barracks	鬼哭队驻地
wailing wave	阴界波
wailing yeti	痛哭大脚雪人
waiting for golem	最初的岩壁——希帕克纳
waiting wounds	时差剑波
wakamaru	若丸
wake of mhach	玛哈之警醒
wakeful torana	塔门
waken nightmare	恶梦喷出
waking nightmare	恶梦舞场
waking sands	沙之家
waking the dead	返魂
wakizashi	腰刀
wakizashi the hunterling	猎刀人 胁差
wakizashi's red	胁差手下的红甲族
waldeve the recusant	不服者 沃尔迪夫
walk of ascension	升天走廊
walk of divine ascent	至天步廊
walk of fire	灼热走廊
walk of lament	叹息走廊
walk the plank	走跳板
walking dead	死而不僵
walking sapling	徒步花苗
walking tree	走路树
wall crawler	攀墙盲头蟹
wall of bardam	巴儿达木浑朝鲁
walls of the forgotten	无主遗迹
walls of vollok	无敌之圆
wallstone	加固墙壁的建材
waltz of the regalia	王权圆舞曲
wamoura	瓦魔蛾
wamouracampa	瓦魔蛾幼虫
wanderer	彷徨之物
wanderer's campfire	浪人的篝火
wanderer's fate	彷徨咒诅：击退
wanderer's haven	放浪神圣域遗迹
wanderer's heights	奥修昂神殿
wanderer's minuet	放浪神的小步舞曲
wanderer's palace	放浪神古神殿
wanderer's pyre	恐怖的爆炎
wanderer's whimsy	奥修昂之离奇
wandering bogy	徘徊妖魂
wandering bones	徘徊尸鬼
wandering ceratoraptor	徘徊角盗龙
wandering coyote	徘徊郊狼
wandering craklaw	徘徊裂钳蟹
wandering daphnia	徘徊月蚤
wandering death machine	徘徊死亡机器
wandering elder wivre	徘徊古老犀蜴
wandering eye	徘徊之眼
wandering eyes	随心所欲的眼睛
wandering flame	魔焰
wandering fluid soul	徘徊液态灵魂
wandering gowrow	徘徊高牢怪龙
wandering gritclaw	徘徊砂砾巨钳虾
wandering hoptrap	徘徊阱蛇麻
wandering hydrozoan	徘徊水螅虫
wandering knocker	游荡敲石虫
wandering luminion	徘徊遗光
wandering mage	徘徊法师
wandering minstrel	异国的诗人
wandering opken	徘徊欧浦肯
wandering pisaca	徘徊毕舍遮
wandering shot	放浪射击
wandering soldier	徘徊战士
wandering sotormurg	徘徊鸵鸟
wandering soul	徘徊之魂
wandering stairs	彷徨阶梯亭
wandering starmite	徘徊星甲虫
wandering stinkshell	徘徊臭壳蛇颈龟
wandering thunder spirit	徘徊雷灵
wandering trail	魔障轮
wandering volley	放浪群射
wandering waterskin	徘徊水皮水母
wandering weapon	徘徊兵装
wandering well	湿漉漉的水洞
wandering wellspring	祈祷水源
wandering wisp	徘徊妖火
wandering wivre	徘徊犀蜴
wandering wolverine	徘徊貂熊
wandering woolback	徘徊鬃背兽
wandering yeheheceyaa	徘徊舞翼飞龙
wanderlust	迷惘之森
waning cycle	环割圆切
waning grudge	漆黑怨念
waning nocturne	狂战士化的副作用
wanted goblin	悬赏魔物：通缉哥布林
wanting gulo gulo	肥胖的狼獾
wanyudo	轮入道
war and pease	豌豆大爆炸
war bow	旗舰前部
war cry	吼叫
war dance	战舞
war garula	战争加鲁拉
war panther	战豹
war primelephas	战争曙象
war tiger	战虎
war wraith	战争幽灵
war's harvest	生命繁茂之乱
warballoon	战争气球
warbear	战熊
warden's delight	狱长的娱乐场
warden's flame	太阳神的炎扇
warden's grace	光阴神的庇护
warden's hound	看守的猎犬
warden's paean	光阴神的礼赞凯歌
warden's prominence	神火天阳
warden's radiance	阿泽玛之光辉
warden's verdict	太阳神的审判
warden's warmth	神炎
warden's whip	守卫鞭
warder's wrath	魔锁乱流
warding scale	星龙鳞
warehouse a	仓库A
warg betrayer	背信座狼
warlion	战狮
warlock's tide	魔人闪
warlord flame	武神焰
warlord shell	武神甲
warm and fuzzy	幸福的温暖
warm bomb	暖色炸弹
warm glow	慈光
warm grenade	温暖榴弹怪
warm light	暖光
warm tint	暖色调
warmonger	狂热战场
warmspring gasame	温泉拥剑蟹
warmth of family	家人的温暖
warmth of mhach	玛哈之温暖
warmwine sanitorium	温酒疗养院
warning gale	警戒狂风
warning spike	哨兵刺
warp loader	轮式工程车
warp-strike	位移破击
warped flesh	变异的腐烂者
warped light	闪光炮
warped wail	扭曲的哭声
warren warden	悬赏魔物：守洞鼹鼠
warrens	异端者坑道
warring lanner	战争猎鹰
warring triad	三斗神巨像
warringway	战兵威
warrior	战士
warrior of bardam	巴儿达木的战士
warrior of darkness	暗之战士
warrior of light	光之战士
warspite	战怨
warthog	瘤猪
waruochs	战阵原牛
wary merchant	慎重的商人
wash away	冲净
wash out	冲水
wasserspeier	滴水石像鬼
wasshoi	喊口号
waste away	枯萎
waste disposal	废物处理场
waste not	俭约
watch wyvern	守卫双足飞龙
watcher	守望者
watcher's palace	监视者之馆
watchtower	瞭望塔
watchwolf	守卫军狼
water and wine	节制光辉
water arcanum	水天奥秘
water balloon	水气球
water blade	水魔剑
water bomb	水球炸弹
water cannon	水炮
water drop	水块
water familiar	变色水龙
water flip	水中翻跟头
water float	浮水
water homunculus	人造水元素
water iii	狂水
water imp	河童童
water in blue	流水之蓝
water resistance down	水属性耐性降低
water serpent	水蛇
water spirit	水灵
water sprite	水元精
water that sings	鸣水庭园
water wall	水墙
water-dreamer	会做梦的水兽
waterfall	瀑布之画作
waterga iii	狂水III
watergush sneakway	水源地近路
watering wheel	浇水
waters hanu	哈努水边
waterskipper	渡水盲头蟹
watersnaking	水蛇夺浪
watersong	水中漫歌
waterspout	海龙卷
waterwhirl	水柱
watery grasp	流出
watery grave	水牢
watts's anvil	沃茨之锤
waukkeon	招雷巨蛇
wauling pond	嚎叫池
wave cannon	波动炮
wave cannon kyrios	波动炮P
wave kinship	水栖本能
wave of loathing	憎恶的狂涛
wave of malice	邪恶的波动
wave of nausea	疾病激流
wave of turmoil	大骚动
wave repeater	速射式波动炮
wave sphere	完美水球
wave spume	巨浪泡沫
wave whistle	呼浪口哨
waveater cave	吞浪洞窟
waveborne zirnitra	波涛札尼尔查妖蛇
wavebreaker	水波破
wavefoam	气泡波
waverider gate	海人门
wavering heart	兽心技属性：无效
wavespine sahagin	波棘鱼人
wavetooth sahagin	波齿鱼人
wawsatenyazeto	瓦萨特恩亚泽托
wax seal mills	蜡封牧场
waxen flesh	带火
waxing claw	猎犬利爪
waxing cycle	圆切环割
waxing grudge	纯白怨念
waxing nocturne	狂战士化
waxing slice	增盈切割
way of enlightenment	星导之路
way of forgiveness	审问之间
way of naught	圣净院回廊
way of penance	忏悔回廊
way of redemption	赎罪回廊
way of the blade	刀术英灵
way of the fist	拳术英灵
way of the lance	棒术英灵
way of the will	勇气高涨
way of the wise	引导水廊
waymaker bomb	碎岩炸弹
waymark	突进目标
wayward daughter	彼岸花开
wayward dhara	徘徊野陀罗
wayward hatchling	巧儿陆行鸟
wayward soul	死魂爆
weak magitek field	魔导结界：弱
weak wave	小波动
weakness	衰弱
weal of stone	地烈波
weal of wind	风烈波
weapon enhancement	武器强化
weapon motif	武器彩绘
weapon pilfered	武器被偷
weapon throw	武器投掷
weapons drone	炮击无人机
weapons manufacturing	武器工厂
weapons node	炮击系统
weaponsmith rabbit	像是武器工匠的兔子
weather	天气
weather channel	预报成真
weathering	风化大地
weatherproof gaelicat	肥肥风筝猫
weave miasma	瘴气术
weaver's warding	封宝之间
weavers guild	裁衣匠行会
web of lightning	闪电网
webmaiden	蛛网侍女
weddingway's bower	婚庆威的实验园
wee nanka	小南加
weeping arrow	落泪箭
weeping city of mhach	禁忌城邦玛哈
weeping miasma	腐烂毒素
weeping pool	储泪池
weeping ruins	玛哈遗迹
weeping saint	圣人泪
weeping willow	垂柳树人
weggfarr wideaxe	大战斧 维格法尔
weighing of the heart	转生之仪
weight chamber	地下
weight of fortune	过重力
weight of light	强光之兆
weight of nothing	高压波动
weight of the land	大地之重
weight of the rroneek	犎牛的重压
weight of the world	大陆之重
weighted blade	斩机重击
weighted wing	重力之翼
weighty blow	重力炸裂
weighty impact	重轰击
weird spriggan	古怪魔石精
welcome	欢迎
welcome wheel	热烈欢迎的门厅
welding attachment	熔接装置
welkinix	天蟾蜍
well armadillo	大井犰狳
well fed	进食
well huldu	大井爆岩怪
well lizard	大井蜥蜴
well mekhane	吊挂喷水
well of flame	井宿焰
well paid	赏钱
well phoebad	大井弗巴德
well pinax	喷水板画
well-armed larcener	菁灵族的不法之徒
well-armed plunderer	菁灵族的恶汉
well-fed wolf	狰猛的狼
well-moisturized researcher	皮肤很好的研究员
well-trained temple knight	老练的神殿骑士
wellbore	钻井
wellhead lift	源泉之梯
wellspring of regret	逡巡泉
wellwick wood	新植林
wellwick worm	蓝布顿巨虫
wepwawet	乌普奥特
werewood	变种树
werner the braggardly	自大的维尔纳
werner the cowardly	卑鄙的维尔纳
west agelyss river	西永恒川
west balshahn bazaar	西巴尔夏恩大巴扎
west banepool	灾祸池西
west beaconveil	玻璃匠基地西侧
west caliban gap	卡利班古巢西
west colonnade	西柱廊
west flamerock	火岩溶洞西侧
west hammer	三号打桩塔
west hawkers alley	西国际商贩路
west idyllshire	田园郡西
west mourn	彻悟岩窟西
west sanctum lift	庭园西侧升降室
west val river bank	瓦尔河西岸
west vein	西叶脉
west watchtower	西侧监视塔
west wind	西风
west wind of change	西风纹
westbound zorgor	佐戈海峡西侧
westerly reprise	定时诅咒·西风
westerly sanuwa	西方腾云蛇
westerly shift	换位强袭·西
westerly winds	西风魔印
western akyaali	白滨村西部
western columns	西部魔力桥脚
western edge	西缘崖
western kholusian coast	珂露西亚岛西海岸
western marsh ligaka	虹彩水底西侧
western nervure	叶脉绿道西
western onsal hakair	昂萨哈凯尔西部
western plateau	西部台地
western pyre	西炎
western rhalgr's reach	神拳痕西
western risensong quarter	西升歌文化区
western ryurin bridge	西龙鳞桥
western shirogane	白银乡西区
western shirogane subdivision	[扩建区]白银乡西区
western soda-lime tributary	碱石灰河中游南侧
western thanalan	西萨纳兰
weston waters	西方水泉
westshore pier	东栈桥
westshore pier east shroud	东栈桥 黑衣森林东部林区
westward hop-print	西侧小跳印记
westward march	向西进军
westward tide	深宵之海
wet fin	湿润鳍棘
wet plate	湿润
wet rat	潮湿沟鼠
wet sands	涌水沙层
wet whistle	酒鬼馆
wetland warg	湿地座狼
whale oil	鲸油
whale song	白鲸咆哮
whale's breach	鲸角
whale's crown	白鲸头冠
whaleback	鲸背
wharf rat	码头沟鼠
what moves the heart	心动之物
what once was	高贝扎的记忆
what you see	部队特效：鉴别力提高
wheel in motion	龙尾大回旋预备
wheel of deincarnation	环斩
wheel of fableflight	回转幻舞
wheel of fireflight	回转炎舞
wheel of fortune	命运之轮
wheel of impregnability	虚幻之环
wheel of suffering	神锤回环
wheeling shot	转向射线
wheeling thrust	龙尾大回旋
whei morn	死亡待期
whelk ballista	尤弥尔弩炮
whelming loss	负能量波动
when a tree falls	挥汗如雨
when clans collide	影隐忍法贴
where all roads lead	异路同归
where all witness	星海瞭望室
where everything begins	失传的力量
where hearts leap	浮游舞台
where minds toil	贤者研究室
where souls rest	隐者娱乐室
where the dry return	陆人墓标
whetstone	磨鳞训练场
whilom grizzly	昔日灰熊
whilom river	宽慰河
whimper	失落
whip back	甩尾攻击
whip kick	强甲破点踢
whipcrack	爆裂尾
whipjacks	遇难船群
whiplash	甩头
whiplick stance	尾舌鞭
whipping whittret	鞭鼬
whipping winds	风之束缚
whipstream	气流鞭
whiptail	鞭尾跳蜥
whipwind	束风
whirl of rage	愤怒旋风
whirligig	回转
whirling assault	重击回旋斩
whirling gaol	回转牢狱
whirling omen	转向准备
whirling slash	旋回斩
whirling zantetsuken	旋·斩铁剑
whirlpool	大漩涡
whirlwind	空中咆哮
whirlwind slash	旋风斩
whisker wind	晶须之风
whiskerwall kupdi koop	绒绒之壁 库普迪·库普
whisper	维斯帕
whisper a-go-go	维斯帕前进号
whisper in the wind	风的呼声
whisper of existence	冒险者的幻影
whisper of lives past	月之诅咒
whisper of our discontent	不和的诅咒
whisper of the land	大地低语
whisper of the wood	持杖咏唱
whisper-go	维斯帕号
whispered incantation	咏唱记忆术
whispering dawn	仙光的低语
whispering gallery	自由辩论馆
whispering gorge	低语河谷
whispering wind	细语微风
whispering wind sprite	低鸣的风元精
whispers manifest	咏唱记忆唤起
whispers of ire	怨念的咒言
whisperwind cove	柔风海湾
whistle	口笛
whistling miller	口哨磨坊
white agony	奈尔的悲叹
white aisle	白路桥
white antilight	生者暗黑光
white baboon	狒狒
white bavarois	白色奶冻怪
white bear	白熊
white blaze	白光之炎
white breath	苍白吐息
white death	冰雾
white devil	莉维亚专用魔导装甲
white dissonance	侵蚀：白
white falcon	白鹰
white flame	白火
white flash	白光
white funny-bunny	滑稽白兔
white fury	奈尔之怒
white gate	纯白门
white gelato	白明胶怪
white gremlin	白色格雷姆林
white hall	白百合厅
white herald	白帝冲
white hole	白洞
white joker	白鬼鼠王
white knight	白骑士
white knight's tour	白骑士之旅
white lance	白枪
white lanner	白云猎鹰
white lion	纯白雄狮
white mage	白魔法师
white magestone	白魔法石塔
white mana	白魔元
white mana burst	白魔元爆发
white mana wave	白魔元波动
white oil falls	白油瀑布
white pylon	白柱
white rheum	白汁液怪
white rider	白骑士
white shift	白魔元转换
white smoke	白光之火
white stone black	相白质黑
white truffle	白松露
white wall	白壁
white whisper	冰雪诅咒
white whittret	白鼬
white wind	白风
white wolf	白狼
white wolf gate	白狼门
white wolf gate guard	白狼门领路人
white wound	生者之伤
white wraith	白色孤影
white-hot rage	气焰怒涛
whitebrim	白云崖
whitebrim front	白云崖前哨
whitefang	白牙龙
whitefire	白热之炎
whitelick falls	白沙瀑布
whiteout	白化视界
whitespark hepugg roh	白火花 哈普古·秋
whitewater	断流
whitewing hornbill	白翼红角犀鸟
whitherwander	迷茫路
whole self	森罗斗气圈
whoopee cushion	放屁坐垫
whorl of death	死亡之涡
whorl of frenzy	狂乱的旋击
whorl of hurt	痛苦旋风
whorl of the mind	念动涡旋
whorleater	对利维亚桑双体船
whorlstorm	漩涡风暴
wicked blaze	狡诡雷焰
wicked bolt	狡诡落雷
wicked cannon	狡诡加农炮
wicked fire	狡诡火炎
wicked flare	狡诡核爆
wicked hypercannon	狡诡聚能加农炮
wicked jester	邪轮小丑
wicked jolt	狡诡摇荡
wicked replica	狡雷的幻影
wicked slice	凶击
wicked soul	顽皮之魂
wicked spark	狡诡电火花
wicked special	狡诡特技
wicked step	尖脚
wicked swipe	恶毒重击
wicked talon	凶禽爪
wicked thorn	邪棘
wicked thoughts	污浊的情感
wicked thunder	狡雷
wicked tornado	邪气龙卷
wicked water	诅咒之水
wicked wheel	邪轮旋风
wicked whim	逆反
wicked winds whisper	邪风飒飒
widargelt the watcher	紫电 维达盖尔特
wide awake	睡梦粉耐性
wide blaster	广域冲击波
wide volley	广域群射
wide-angle diffuse laser	广扩散激光
wide-angle particle beam	广角式波动炮
wide-angle phaser	广角式跳跃波动炮
wide-angle phaser unlimited	零式广角式跳跃波动炮
wide-eyed	抗睡眠
wide-eyed fawn	幼羚羊
widening twinflame	圆火连焰
widening witch hunt	圆环式魔女狩猎
widespread illness	疫病蔓延
widow's embrace	大蜘蛛陷阱
widow's kiss	蜘蛛陷阱
widow's suitor	求寡蛛蝎
widowmaker	致命斧
wight wailer	鬼哭队尸妖
wightrock	白鬼岩山
wild anguish	兽魂的苦痛
wild baboulas	野性巴布拉斯
wild beasts	野兽群
wild bhujamga	野性曲蛇
wild boar	狂野疣猪
wild bolt	野性电击
wild card	全能牌
wild chamrosh	野性查姆洛什鸟
wild charge	狂野冲锋
wild chocobo	野生陆行鸟
wild claw	野性利爪
wild dhalmel	野生长颈驼
wild dhara	野陀罗
wild dodo	渡渡鸟
wild draught chocobo	野生大陆行鸟
wild dzo	离群犏牛
wild energy	龙光扩散
wild eruption	野火喷发
wild eye	野性目光
wild fete	野园
wild fire beam	扩散火焰光束
wild flying popoto	疯狂飞天新薯
wild hog	狂野野猪
wild hoglet	狂野仔猪
wild horn	野性利角
wild hunt	狂野狩猎
wild ibruq	狂野貒猪
wild instinct	野性本能
wild ivy	藤蔓乱舞
wild jackal	狂野黑豺
wild morbol	狂野魔界花
wild morbol seedling	狂野幼苗
wild opo-opo	野生奥猴
wild rage	兽魂的愤怒
wild ram	野性白牡羊
wild rampage	兽魂的勇猛
wild ratel	狂野蜜獾
wild rattle	狂野喧嚣
wild saiga	野性赛加羚羊
wild sea	狂野飞溅
wild speed	猛冲
wild swallow	归野海燕
wild swine	狂野豚猪
wild weave	魔布散开
wild wild breath	抽抽叹息
wild wolf	狂野黑狼
wild-eyed mage	异端者咒术师
wild-eyed swordsman	异端者剑术师
wild-eyed treant	野瞳树精
wilde wildebeest	野性牛羚
wildebeest	牛羚
wilder fire	大火灾
wildfire	野火
wildfire conditions	热浪
wildfire crucible	炎帝熔解波
wildfire sprite	野火元精
wildfire ward	燎原之炎
wildfire winds	炎帝风翼破
wildfire's fury	炎帝热波冲
wildflower stalls	芳草商店街
wildflower stalls subdivision	[扩建区]芳草商店街
wildlife crossing	奔驰
wildswind	乱流
wile of the tengu	天狗妙计
will breaker	破碎弹
will of darkness	暗意
will of ixion	伊克西翁幻影
will of karash	原初之魂
will of ramuh	拉姆幻影
will of the creator	神明意志
will of the fury	战女神之意
will of the moon	楔石洞
will of the underworld	冥界灵击波
will of the water	支配于水
will of the wind	支配于风
will to live	复苏的意志
will-o'-the-water	鬼水
will-o'-the-wisp	妖火
will-o'-the-wyke	微火
willful	不屈的意志
willful wind	调皮的妖灵
willing to waltz	舞蹈：神秘华尔兹
wily paissa	狡猾猴面雀
wily wall	法力障壁
wily weasel	凶猛的狼獾
wind arcanum	风天奥秘
wind azer	风魔
wind blade	烈风刃
wind blast	烈风爆射
wind chisel	透岩之风
wind cutter	风刃
wind familiar	变色风龙
wind homunculus	人造风元素
wind legatus	暴风使者
wind on the plains	博兹雅的微风
wind resistance down	风属性耐性降低
wind resonance	疾风神髓
wind rose	狂风旋圆
wind rune	风之符文
wind shear	风切斩
wind shot	风击
wind sickle	风镰
wind slash	镰鼬之风
wind sphere	风晶球
wind spirit	风灵
wind spout	喷风
wind sprite	风元精
wind surge	风爆
wind tackle	疾风罗刹冲
wind that summons	呼风殿堂
wind unbound	无拘之风
wind weakness	看穿弱点：风
wind's end	妖蛇之尾
wind's reply	绝空拳
wind's rumination	绝空拳预备
wind-aspected	风属性化
wind-up aerith	迷你爱丽丝
wind-up aidoneus	迷你艾多纽斯
wind-up airship	无敌号模型
wind-up aldgoat	小山羊玩偶
wind-up alisaie	迷你阿莉塞
wind-up alpha	迷你阿尔法
wind-up alphinaud	迷你阿尔菲诺
wind-up amalj'aa	蜥蜴人玩偶
wind-up ananta	阿难陀玩偶
wind-up anima	阿尼玛之形
wind-up ardbert	迷你阿尔博特
wind-up arkasodara	悌阳象族人偶
wind-up athena	迷你雅典娜
wind-up aymeric	迷你艾默里克
wind-up azeyma	迷你阿泽玛
wind-up bahamut	发条巴哈姆特
wind-up barbariccia	迷你巴尔巴莉希娅
wind-up barret	迷你巴雷特
wind-up bartz	迷你巴兹
wind-up bismarck	俾斯麦之形
wind-up brickman	巨像丙
wind-up cagnazzo	迷你凯纳槽
wind-up calofisteri	卡洛菲斯提莉玩偶
wind-up cheerleader	拉拉队小姑娘
wind-up chimera	迷你奇美拉
wind-up cid	迷你西德
wind-up cirina	迷你其日娜
wind-up cloud	迷你克劳德
wind-up cursor	手指光标
wind-up daivadipa	明灯天王之形
wind-up dalamud	发条卫月
wind-up delivery moogle	邮差莫古力娃娃
wind-up dezul qualan	小小迪兹尔
wind-up dragonet	幼龙玩偶
wind-up dulia-chai	迷你杜丽雅
wind-up dullahan	无头骑士模型
wind-up eald'narche	迷你埃尔德纳修
wind-up echidna	小小艾奇德娜
wind-up edda	迷你艾达
wind-up edge	迷你艾吉
wind-up edvya	艾德薇雅人偶
wind-up elvaan	艾尔凡人偶
wind-up erenville	迷你埃伦维尔
wind-up erichthonios	迷你埃里克特翁尼亚斯
wind-up estinien	迷你埃斯蒂尼安
wind-up exdeath	迷你艾克斯迪司
wind-up fafnir	迷你法夫纳
wind-up firion	迷你弗利奥尼尔
wind-up founder	开创者人偶
wind-up fourchenault	迷你富尔什诺
wind-up fran	迷你芙兰
wind-up fuath	水妖人偶
wind-up g'raha tia	迷你古·拉哈
wind-up gaia	迷你盖娅
wind-up garnet	迷你嘉妮特
wind-up garuda	迦楼罗之形
wind-up gentleman	非正宗调查员
wind-up gilgamesh	小小吉尔伽美什
wind-up gnath	骨颌玩偶
wind-up goblin	哥布林玩偶
wind-up godbert	迷你戈德伯特
wind-up golbez	迷你高贝扎
wind-up gosetsu	迷你豪雪
wind-up grebuloff	格雷布洛弗玩偶
wind-up gundu warrior	衮杜玩偶
wind-up gunnhildr	迷你贡希尔德
wind-up halone	迷你哈罗妮
wind-up haurchefant	迷你奥尔什方
wind-up herois	小小守护者
wind-up hien	迷你飞燕
wind-up hobgoblin	大哥布林人偶
wind-up hraesvelgr	迷你赫拉斯瓦尔格
wind-up iceheart	迷你冰之巫女
wind-up ifrit	伊弗利特之形
wind-up illuminatus	青蓝小手
wind-up ixal	鸟人玩偶
wind-up ixion	伊克西翁玩偶
wind-up kain	迷你凯因
wind-up kan-e	袖珍嘉恩·艾
wind-up kangaroo	袋鼠玩偶
wind-up kefka	迷你凯夫卡
wind-up khloe	迷你库洛
wind-up kobold	地灵娃娃
wind-up kobolder	地灵2号娃娃
wind-up kojin	甲人玩偶
wind-up krile	迷你可露儿
wind-up lakshmi	吉祥天女之形
wind-up leader	袖珍领袖
wind-up leviathan	利维亚桑之形
wind-up louisoix	迷你路易索瓦
wind-up lulu	迷你露露
wind-up lyna	迷你莱楠
wind-up lyse	迷你莉瑟
wind-up magnai	迷你玛格奈
wind-up magus	自走法师人偶
wind-up magus sisters	梅加斯三姐妹之形
wind-up matanga	象魔人偶
wind-up meateater	迷你食肉者
wind-up merlwyb	袖珍梅尔维布
wind-up minfilia	迷你敏菲利亚
wind-up mithra	米斯拉人偶
wind-up moenbryda	迷你穆恩布瑞达
wind-up moogle	莫古力娃娃
wind-up moon	发条月亮
wind-up mystel	猫秘玩偶
wind-up namazu	迷你鲶鱼精
wind-up nanamo	迷你娜娜莫
wind-up nero tol scaeva	迷你尼禄
wind-up nidhogg	迷你尼德霍格
wind-up odin	奥丁战偶
wind-up ohl deeh	迷你奥尔·迪
wind-up omega-f	迷你欧米茄F
wind-up omega-m	迷你欧米茄M
wind-up onion knight	洋葱小骑士
wind-up oschon	迷你奥修昂
wind-up palom	迷你帕罗姆
wind-up papalymo	迷你帕帕力莫
wind-up pelupelu	迷你佩鲁佩鲁族
wind-up philos	迷你好友
wind-up pixie	仙子人偶
wind-up porom	迷你普罗姆
wind-up prishe	迷你普利修
wind-up pupu	可幽可幽玩偶
wind-up qalyana	伽黎亚玩偶
wind-up qiqirn	卢恩人玩偶
wind-up ragnarok	诸神黄昏号模型
wind-up ramuh	拉姆之形
wind-up ramza	迷你拉姆萨
wind-up raubahn	袖珍劳班
wind-up ravana	罗波那之形
wind-up red mage	迷你赤魔法师
wind-up red xiii	迷你赤红XIII
wind-up redback	红甲玩偶
wind-up relm	迷你瑞姆
wind-up rikku	迷你琉克
wind-up rosa	迷你罗莎
wind-up rudy	鲁迪玩偶
wind-up runar	迷你鲁纳尔
wind-up rydia	迷你莉迪亚
wind-up ryne	迷你琳
wind-up sadu	迷你纱都
wind-up sahagin	鱼人玩偶
wind-up sasquatch	大脚小猿
wind-up scarmiglione	迷你斯卡米留尼
wind-up scathach	迷你斯卡哈
wind-up sea devil	迷你海魔
wind-up shantotto	香托托人偶
wind-up shinryu	神龙玩偶
wind-up shiva	希瓦之形
wind-up succubus	梦魔娃娃
wind-up sun	发条太阳
wind-up susano	须佐之男之形
wind-up suzaku	朱雀机关人偶
wind-up sylph	妖精娃娃
wind-up tarutaru	塔鲁塔鲁人偶
wind-up tataru	迷你塔塔露
wind-up thancred	迷你桑克瑞德
wind-up themis	迷你特弥斯
wind-up tifa	迷你蒂法
wind-up titan	泰坦之形
wind-up tonberry	冬贝利玩偶
wind-up tsukuyomi	月读之形
wind-up ultros	迷你奥尔特罗斯
wind-up urianger	迷你于里昂热
wind-up vath	自由脑玩偶
wind-up viking	自走维京人偶
wind-up vincent	迷你文森特
wind-up violet	紫妖精娃娃
wind-up vrtra	迷你弗栗多
wind-up warrior of light	光之战士
wind-up weapon	迷你武装重甲
wind-up wuk lamat	迷你乌克·拉玛特
wind-up y'shtola	迷你雅·修特拉
wind-up yda	迷你伊达
wind-up yok huy	尤卡巨人族玩偶
wind-up yotsuyu	迷你夜露
wind-up yuffie	迷你尤菲
wind-up yugiri	迷你夕雾
wind-up yuna	迷你尤娜
wind-up zero	迷你零
wind-up zhloe	迷你熙洛
wind-up zidane	迷你吉坦
wind-up zundu warrior	尊杜玩偶
windage	风压
windbite	风蚀箭
windblossom whirl	风花旋回之术
windborn buccaneer	狂风海盗
windborne end	风之咒痕
windborne hydrozoan	风载水螅虫
windborne seeds	播种之风
windbreaker	防风壁
windbreaking cloudtop	息风云海
windburn	裂伤
windburst	疾强风
windcaller	呼风唤雨
windfang	风之魔技
windfeather whisper	呼风唤羽
winding current	绕组电流
winding flare	光芒阶梯
winding gale	追命狂风
winding walkway	螺旋路
winding wildwinds	环形突风
windlash	寒风旋
windmill	风车
windmire	风涡
window wamoura	天窗瓦魔蛾
window wamouracampa	天窗瓦魔蛾幼虫
windpack	风之戒律
windpipe	抽雾
windraiser	冽风
winds of asphodelos	边境之风
winds of decay	千年狂风
winds of despair	绝望之风
winds of fate	大烈风
winds of promyvion	虚无之风
winds of tartarus	冥狱之风
winds of weight	过重烈风
winds of winter	凛冬之风
winds peak	超级烈风波
windsbreath bellows	风息楼台
windslicer shot	装填冲击弹
windspath gardens	风途园圃
windstooth	風穿刃
windswept cloudtop	摇风云海
windswept echoes	山峡凉风
windswept whispers	山峡夜风
windswrath	狂风呼啸
windtorn cabin	被风吹毁的小屋
windurst	温达斯
windurst walls	石之区
windwall	风壁
windward pass	旅风行路
windward wilds	天堑荒地
windweft	织风桑田
windwhistle	唤风
windwinder	暴风圈
wine back	酒红背魔鸟
wine crate	装酒的木箱
wineport	葡萄酒港
wineport militia captain	葡萄酒港警备团团长
wing and a prayer	苏生神通力
wing cutter	飞翼斩
wing motif	翅膀彩绘
wing muse	翅膀构想
wing of lightning	扇状放电
wing sketch	翅膀素描
wingbeat	翼唤狂风
wingblade swoop	亮刀
wingblow	翼击
winged cataract	展翅飞瀑
winged conception	飞行生物的概念
winged dismantler	有翼安菲瑟龙
winged glide	龙翼滑翔
winged lion	双翼飞狮
winged muse	翅膀构想
winged redemption	完美神的祝福
winged reprobation	断罪飞翔
winged scavenger	有翼拾荒鹰
winged scourge	有翼灾变
winged shield	守护之翼
winged steed	追随少女的天马
winged terror	恐慌之翼
winged walk	羽毛广场
wingmark	翅膀标记
wingrat	翼手蝠
wings dark and light	光与暗的孤翼
wings of death	死暗之翼
wings of destruction	破坏之翼
wings of eternity	永恒之翼
wings of legacy	遗辉之翼
wings of mist	浓雾之翼
wings of nihility	虚王之翼
wings of resolve	奇迹之翼
wings of ruin	天灾之翼
wings of salvation	救世之翼
wings of the knighthood	骑士之翼
wings of the luwatena	猛雕的尾羽
wings of the manukmanai	羽翼闪
wings of the raptor	鸟形态
wings of woe	悲伤之翼
wingsbreadth winds	旋圆的风歌
winners keepers	战利品获得率提高
winsome seed	伊阿姆柏的种子
winsome washery	舔爪
winsome youth	可爱的少女
winter halo	月晕
winter nix	寒冬夜蟾蜍
winter rain	冰雨
winter solstice	寒月
winter's warm boughs	为雪林带来温暖
wipeout	翻板
wirbelwind	回转旋风
wisdom of the aetherweaver	术士的记忆
wisdom of the ancients	古代知识
wisdom of the breathtaker	盗贼的记忆
wisdom of the duelist	剑豪的记忆
wisdom of the elder	贤者的记忆
wisdom of the fiendhunter	弓圣的记忆
wisdom of the guardian	守护者的记忆
wisdom of the indomitable	豪杰的记忆
wisdom of the irregular	狂战士的记忆
wisdom of the martialist	斗士的记忆
wisdom of the ordained	祭司的记忆
wisdom of the platebearer	重骑兵的记忆
wisdom of the skirmisher	武人的记忆
wisdom of the templar	圣骑士的记忆
wisdom of the watcher	斥候的记忆
wisdom on the winds	风之睿智
wisdom's ward	智慧之间
wise to the world	理智同兴
wisent herd	牧牛台
wishbone	大溪谷隘路
wishing star	祈愿星
wisp of darkness	薄暗之云
wisp piece	奇子·妖火
wit's end	渐渐混乱
witch hunt	猎杀女巫
witch's broom	魔女扫帚
witchdrop	落魔崖
witchgleam	辉光电火花
witching harrier	魔法劫匪
witchweed	独脚金
with heart and steel	抗争之力
with hearts aligned	情感所影响的力量
withdraw	吸引
withered belladonna	枯萎剧毒美人
withered kaluk	枯萎卡栌克
withered melia	凋零枯树精
withered sankchinni	凋零山克芹尼
withering	凋零
withering curse	小人诅咒
withering eternity	无终的枯朽
witherwind	风花落叶之术
without sin	免罪
wivre fodder	犀蜴饲料
woad back	靛蓝背魔鸟
woad whisper canyon	轻声谷
wobble-kneed whasbyrm	胆小鬼 瓦斯比尔姆
woe of mhach	玛哈之悲伤
woebegone workshop	假装无人的工房
woeful fulgurance	丧雷
woeful weeper	忧伤的叹息之物
woken biast	觉醒雷蛟
woken drake	觉醒火蛟
woken wind	镰鼬之风
woken zonure	苏醒缠尾蛟
wold wolf	荒原黑狼
wolekdorf	云村
wolf of stone	土狼首
wolf of wind	风狼首
wolf pit	海狼洞
wolf poacher	黑狼偷猎者
wolf pup	小狼
wolf's crossing	咬击十字斩
wolf's heart	狼心
wolf's heart kit	狼心包
wolfish assailant	突袭黑狼
wolfsbane	狼毒乌头
wolverine	貂熊
wolves den	竞技场
wolves den docks	狼狱水上竞技场码头
wolves den pier	狼狱停船场
wolves of shadow	豺狼影府
wolves reign	群狼剑
womandragora	曼妮德拉
wonder square	奇妙广场
wonder square east	奇妙广场东区（多玛方城战）
wonder square west	奇妙广场西区
wondrous lanner	幻奇猎鹰
wondrous tails	天书奇谈
wood eyes	林眼树精
wood golem	树木巨像
wood raider	夺木山魈
wood rail	林秧鸡
wood remembers	老树之怒
wood wailer captain	鬼哭队小队长
wood wailer lance	鬼哭队队员
wood wailer sentry	鬼哭队卫士
wood's embrace	缠绕
woodbat	森林蝙蝠
wooden horse	木马
woodsman	树林人
woolback	鬃背兽
woolen way	羊毛道
wooly inspiration	长毛吸气
wooly merino	毛茸茸的美利奴羊
wooly mossling	长毛苔小妖
wooly woodchuck	毛旱獭
wooly yak	多毛牦牛
woolywart kupqu kogi	软软之弓 库普括·叩吉
word of pain	痛苦之语
word of the wood	古树之杖
words of entrapment	包围号令
words of fervor	乱舞号令
words of halmarut	哈尔马鲁特院
words of lahabrea	拉哈布雷亚院
words of mitron	米特隆院
words of motion	波状号令
words of night	夜袭号令
words of spite	瞄准号令
words of unity	强袭号令
words of winter	凛冬之语
words of woe	灾厄之语
workbench	奇人工作室
worker gazellehawk	羚鹰蜂工蜂
worker hawk	鹰蜂工蜂
workpot	釉药工房
worlar's echo	沃拉的回响
world map	世界地图
world of darkness	暗之世界
world serpent	尘世巨蟒
world shatter	世界破碎
world tree	世界树庭园
world unsundered	古代世界
world's end	世界尽头
world-swallower	吞世巨蛇
worldly affairs	出入国管理所
worldly pursuit	跳鼠痛击
worm of the well	大井巨虫
worm stalker	潜行巨虫
worm's curse	神龙诅咒
worm's head	神龙见首
worm's heart	神龙的核心
worm's tail	神龙见尾
wormhole	虫洞
wormhole formation	次元断绝阵列
wormwail	神龙啸
wormwix scribbletalk	疯言疯语 沃姆威克斯
wormwood altar	古木祭坛
worqor anala	沃刻阿那罗
worqor biast	沃刻雷蛟
worqor bloodsucker	沃刻吸血怪
worqor chirteh	沃刻其特
worqor cloudtrap	沃刻云上陷阱草
worqor iguana	沃刻鬣蜥
worqor lar dor	沃刻拉朵山
worqor longjaw	沃刻巨颚蜥
worqor myrrlith	沃刻密尔里石
worqor pitcher weed	沃刻投射草
worqor sloth	沃刻地懒
worqor snowarbler	沃刻雪莺
worqor tulichu	沃刻地口花
worqor zormor	沃刻佐莫山
worr the whalefin	巨鲸尾 沃尔
worried	表情：担心
worried worker	束手无策的工人
worrisome wave	添乱水波
worse breath	恶臭吐息
worthy of his back	上一任阿谢姆的教导
worthy pursuits	有价之物
wound of the heavens	刚剑试炼场
wounded	负伤
wounded aurochs	负伤原牛
wounded confederate	负伤的海盗
wounded cryodragon	受伤的凌寒巨龙
wounded fighter	受伤的战士
wounded imperial	负伤的帝国兵
wounded merchant	负伤的旅行商人
wounded milalla	受伤的米拉拉族
wounded popularis	负伤的平民派士兵
wounded pyrodragon	受伤的焦热巨龙
woven oath	结誓洞窟
wraithwalk	死灵道
wrath iii	愤怒III
wrath of bozja	博兹雅之愤
wrath of gunnhildr	女王之怒
wrath of halone	战女神之愤
wrath of ruin	亡念激起
wrath of the eikons	众神之怒
wrath of the forsaken	忠诚心
wrath of the harrier	愤怒的恶魔
wrath of the heavens	至天之阵：风枪
wrath of the ronka	隆卡之怒
wrath of the tengu	天狗破魔术
wrath of zeus	宙斯之怒
wrath unfurled	怒不可遏
wrathful	原初的怒震预备
wrathful current	急流之路
wrathful gaja	愤怒伽迦象
wrathful ogre	愤怒食人魔
wrathful rattle	锁哭龙闪·改
wrathful revelation	愤怒的神气
wrathful wire	愤怒之线
wreath of fire	烈火环
wreath of ice	寒冰环
wreath of snakes	蛇神大社
wreath of thorns	荆棘缠绕
wreck to the seaman	水手遇难
wrecking ball	粉碎铁球
wretched lapdog	恶汉的手下
wriggle	蜿蜒
wriggling menace	蠢蠢欲动的魔物
wriggling phlegm	蠕动的痰
wring hands	搓手
wringer	旋转拳
writhing riot	嚣张跋扈
writhing snap	飞蛇之牙
writhing statue	翻滚魔像
wroth clionid	震怒冰海天使
wroth flames	邪念之炎
wroth ghost	怒灵
wroth hydrozoan	震怒水螅虫
wrothful drake	愤怒火蛟
wrothful golem	愤怒巨像
wrothful kshatriya	愤怒的刹帝利
wrothful melia	愤怒枯树精
wrought arms	创造巨手
wrought fire	热能升华
wuk lamat	乌克·拉玛特
wuk lamat's riverboat	公主的河船
wulgaru	乌尔伽鲁
wyrm of light	光之真龙
wyrm tail	太古龙尾
wyrm's lament	圣龙咆哮
wyrm's tongue	大蛇
wyrmclaw	真龙爪击
wyrmfang	圣龙牙
wyrmhound	龙蜥蜴
wyrmwave	真龙波
wyrmwind thrust	天龙点睛
wyvern piece	奇子·双足飞龙
wyvern's ouroblade	回旋锁刃【龙闪】
wyvern's radiance	龙闪
wyvern's rattle	锁哭龙闪
wyvern's siegeflight	锁刃飞翔突进【龙闪】
wyvern's tail	火龙的尾巴
wyvern's vengeance	波状龙闪
wyvern's weal	龙闪炮
x-marked soul	交错刻印
xak tural	萨卡图拉尔
xak tural skygate	萨卡图拉尔关门
xande's clone	赞德克隆体
xanthos	风妖马刻桑图司
xbalyav ty'e	贝壳亭
xbr'aal hunter	灵豹之民猎人
xbr'aal sentry	灵豹之民猎人
xbr'aal youth	灵豹之民青年
xd'aa talat tsoly	钓神基富天坑
xelphatol	塞尔法特尔溪谷
xelphatol bravewing	塞尔法特尔勇翼猛士
xelphatol fatecaller	塞尔法特尔命运术士
xelphatol fogcaller	塞尔法特尔迷雾术士
xelphatol skycaller	塞尔法特尔天空术士
xelphatol strongbeak	塞尔法特尔强枪战士
xelphatol swiftbeak	塞尔法特尔敏捷战士
xelphatol watchwolf	塞尔法特尔守卫黑狼
xelphatol whirltalon	塞尔法特尔旋爪剑士
xelphatol windtalon	塞尔法特尔风爪剑士
xenofauna	异星的飞行生物
xenoflora	异星的树状生物
xenoglossy	异言
xenoprotist	异星的浮游生物
xenoscape antiblaster	宇宙吸取器
xenoscape turboblaster	改良型宇宙吸取器
xenoscaping vacuum suit	喷洒型强力机兵
xeven the vengeful	魔天将 泽文
xeven's voice	像是泽文的声音
xmun hojaw	拳印
xobr'it cinderfield	白烬古战场
xobr'it tsoly	白烬天坑
xtreme aether	极限以太
xtreme firesnaking	极限火蛇夺浪
xtreme spectacular	极限炫技
xtreme watersnaking	极限水蛇夺浪
xtreme wave	极限浪波
xtremes	极限兄弟
xty'iinbek	休提因别克
xty'iinbek tsoly	冥境天坑
xylem lift	木质梯
y'mhitra the learned	博学 雅·蜜特拉
y'nazqha	雅·娜兹卡
y'shtola	雅·修特拉
y'shtola's avatar	雅·修特拉的幻体
y'shuwahe	雅·修瓦艾
ya-te-veo	食人花
yabi two-tails	双尾豹 雅毕·卡塔波
yafaem saltmoor	亚菲姆湿地
yafaemi spider	亚菲姆蜘蛛
yagetsu	夜月
yainu-par	雅努·帕庭院
yainu-par subdivision	[扩建区]雅努·帕庭院
yak awak tsoly	蓝咬鹃天坑
yak t'el	亚克特尔树海
yak t'el squib	亚克特尔爆壳怪
yama arashi	山风
yama-kagura	山神乐
yama-no-shiki	山之式鬼
yamatsumi the harbinger	岁煞 山祇
yanxian tiger	延夏虎
yaquaru	水虎龙亚夸虏
yarr the wavefiend	水魔鬼 涯尔
yarzon biter	欺诈盲头蟹
yarzon bleeder	吸血盲头蟹
yarzon feeder	嗜食盲头蟹
yarzon invader	侵略盲头蟹
yarzon lacerator	撕裂盲头蟹
yarzon lurker	潜伏盲头蟹
yarzon scavenger	清道盲头蟹
yarzon survivor	幸存盲头蟹
yasakani-no-magatama	八尺琼勾玉
yat khaal	亚特卡勒河
yata-no-kagami	八咫镜
yawning hells	地狱热火
yawning maw	大哈欠兽
yawning void	无之巨漩涡
yawtanane grasslands	亚塔纳内草地
yedlihmad	新港
yeheheceyaa	舞翼飞龙
yehehetoaua'pyo	艾海海陶瓦泡
yehn amariyo	伊恩·雅玛里约
yellow bavarois	黄色奶冻怪
yellow coblyn	黄色矿爬虫
yellow dragon	黄龙
yellow funny-bunny	滑稽黄兔
yellow gulal	祈祷色粉：黄色
yellow hall	黄石竹厅
yellow laver	黄色洗液怪
yellow morpho	黄闪蝶
yellow paint	黄色陆行鸟之笔
yellow ranger	黄战士
yellow ranger pose a	战队演武正黄三式
yellow serpent gate	黄蛇门
yellowjacket	黄衫队陆战兵
yellowjacket captain	黄衫队陆尉
yellowjacket drill sergeant	黄衫队训练教官
yellowjacket greenback	新人警备兵
yellowjacket patrol	黄衫队警备兵
yellowjacket recruit	黄衫队新兵
yellowjacket veteran	熟练的警备兵
yesterland	昨日乐园
yetitrap	雪人陷阱草
yggdreant	世树精
yiazmat	鬼龙雅兹玛特
ying-yang	阴·阳
ymir piece	奇子·尤弥尔
ymir shell	奇子·尤弥尔之壳
ymir unshelled	无壳尤弥尔
yojimbo	保镖
yok huy altar	谷地尤卡祭坛
yok huy attestant	谷地见证者
yok huy orb	谷地尤卡球体
yok huy vessel	谷地尤卡器皿
yok huy vigilkeeper	守护遗迹的尤卡巨人
yok tural	尤卡图拉尔
yoki-uzu	妖气涡
yol dance	胡鹰之舞
yol feather	胡鹰的羽毛
yol talon	胡鹰疾爪
yolk mouse	窃蛋鼠
yolk shower	蛋黄冲击
yomeisho	养命唱
yorn pig	豚鼠
yotoli hueloc the austere	英明的约托里·怀罗克
yotsuyu	夜露
you may approach	近侍的敕令
young anole	幼年变色龙
young antelope stag	幼年雄羚羊
young cid	年轻时期的西德
young coeurl	幼年长须豹
young doe	年轻雌鹿
young melia	幼年枯树精
young skyfarer	年轻的飞空艇艇员
young stag	年轻雄鹿
young star	闪光星
young vajralangula	幼年金刚尾
young woolback	幼年鬃背兽
younger tablitaur piece	奇子·牛魔老弟
your answer	你的答案
yowekwa canyon	尤艾卡峡谷
yoweya-hwitto cemetery	尤艾亚·灰得墓地
yoyoroon softhands	心慈手软 约约卢恩
yozakura the fleeting	花遁之夜樱
ysayle's spirit	伊塞勒的灵魂
ystride godhand	神仆 伊斯特里德
yugiri mistwalker	雾中行者 夕雾
yugr'am river	宇格拉姆河
yukidama	雪球
yukikaze	雪风
yukinko	雪童子
yukinko snowflake	小雪童子
yulunggu	虹蛇
yuweyawata	玉韦亚瓦塔
yuweyawata field station	废弃据点玉韦亚瓦塔实验站
yuweyawata village	玉韦亚瓦塔废村
yuyuhase	尤尤哈塞
yuzuka manor	弓束官邸
yx'anpa mul	伊奇丝安帕之星墓
yx'lokwa mul	伊奇丝洛克瓦之星墓
yxtlilton	伊斯特里尔顿
yyasulani station	亚斯拉尼站
yyenisheyni bat	天道蝙蝠
yyupye's halo	尤派光晕农地
zadnor abaddon	扎杜诺尔狱蟾蜍
zadnor banshee	扎杜诺尔班西
zadnor beetle	扎杜诺尔甲虫
zadnor bhoot	扎杜诺尔浮灵
zadnor cliffmole	扎杜诺尔壁崖鼹鼠
zadnor coeurl	扎杜诺尔长须豹
zadnor crawler	扎杜诺尔毛爬虫
zadnor decotitus	扎杜诺尔迪戈泰塔斯
zadnor dhalmel	扎杜诺尔长颈驼
zadnor dullahan	扎杜诺尔无头骑士
zadnor exoray	扎杜诺尔毒菇怪
zadnor gagana	扎杜诺尔迦迦纳怪鸟
zadnor gaur	扎杜诺尔野牛
zadnor golem	扎杜诺尔巨像
zadnor gourmand	扎杜诺尔贪吃鬼
zadnor grizzly	扎杜诺尔灰熊
zadnor harpy	扎杜诺尔哈比鸟
zadnor haunt	扎杜诺尔鬼灵
zadnor hippogryph	扎杜诺尔骏鹰
zadnor leshy	扎杜诺尔莱西
zadnor lycanthrope	扎杜诺尔狼化人
zadnor raptor	扎杜诺尔盗龙
zadnor sasquatch	扎杜诺尔大脚巨猿
zadnor stoneshell	扎杜诺尔石壳蟹
zadnor wamoura	扎杜诺尔瓦魔蛾
zadnor wamouracampa	扎杜诺尔瓦魔蛾幼虫
zadnor wivre	扎杜诺尔犀蜴
zadnor yamaa	扎杜诺尔山羊
zadnor ziz	扎杜诺尔席兹
zaghnal	悬赏魔物：扎戈斧龙
zahar'ak	不悔战阵
zahar'ak archer	不悔弓手
zahar'ak battle drake	不悔战斗火蛟
zahar'ak fortune-teller	赞拉克预言师
zahar'ak guard	赞拉克护卫
zahar'ak hatchling	赞拉克新兵
zahar'ak lancer	不悔枪兵
zahar'ak pugilist	不悔拳手
zahar'ak stalwart	不悔中坚
zahar'ak thaumaturge	不悔咒术法师
zakuro brightblood	鲜血之石榴
zana lyehga	暴风拳 扎纳·莉艾佳
zander the snakeskinner	蟒蛇将 詹德
zangbeto	赞比托
zanig'oh	札尼戈
zanma zanmai	斩魔三昧
zanmato	斩魔刀
zanr'ak	赞拉克
zanr'ak altar	赞拉克祭场
zanr'ak archer	赞拉克弓箭手
zanr'ak battle drake	赞拉克战斗火蛟
zanr'ak encampment	赞拉克侧翼阵
zanr'ak gaolkeeper	赞拉克守狱兵
zanr'ak lancer	赞拉克枪术师
zanr'ak pugilist	赞拉克格斗家
zanr'ak thaumaturge	赞拉克咒术师
zanshin	残心
zanshin ready	残心预备
zantetsuken	斩铁剑
zarjor wash	扎焦水道
zashiki-asobi	宴会游乐
zawtekwa the undertaken	阴魂不散 扎特夸
zeal-blind zozone	糊涂蛋 佐佐涅
zealot of bardam	巴儿达木的信者
zealot's claw	狂热者之爪
zealous glower	热忱怒视
zelenia	泽莲尼娅
zelenia's shade	泽莲尼娅的幻影
zell the adamantine	金刚甲 翟尔
zelma's run	泽尔玛溪谷
zeni masshigura	见钱眼开
zeninage	扔钱
zenith dragonling	天极幼龙
zenos viator galvus	芝诺斯·维托尔·加尔乌斯
zenos yae galvus	芝诺斯·耶·加尔乌斯
zenos's avatar	芝诺斯的化身
zephyr arrow	狰猛烈风箭
zephyr drift	和风流地
zephyr gate	和风陆门
zephyr mantle	和风蔽体
zephyrous zabuton	绵绵坐垫
zero's avatar	零的幻体
zero's domain	零的领域
zero's hideout	零的住所
zero-form particle beam	零式波动炮
zeromus	泽罗姆斯
zesho meppo	是生灭法
zesho meppo ready	是生灭法预备
zeuglodon	械齿鲸
zezeroon stickyfingers	食道乐 泽泽卢恩
zhayolm remnants	扎越尔姆遗迹
ziggurat	赤红神塔
zillion needles	几万针刺
zipacna	希帕克纳
zirgor zormor	基戈佐莫
zirgorteh the open-armed	雪棱拜坛
ziuz'a jakkya	玖兹·阿·嘉奇亚
ziz gorlin	席兹雏鸟
zodiac weapons	黄道武器
zodiark	佐迪亚克
zodiark idol	佐迪亚克偶像
zolm'ak	佐尔玛刻
zolm'ak citadel	佐尔玛刻市区
zombie barber	僵尸美发师
zombie bile	僵尸胆汁
zombie breath	死亡吐息
zombie brobinyak	僵尸布罗宾雅克
zombie dragon	僵尸龙
zombie juice	僵尸果汁
zombie mage	僵尸法师
zombie piece	奇子·僵尸
zombie pikeman	僵尸守卫
zombie sailor	僵尸水手
zombie scales	僵尸鳞屑
zombie soldier	僵尸士兵
zombie storm private	被魅惑的水兵
zombie storm sergeant	被魅惑的海兵
zombie wailer	鬼哭队僵尸
zombie war hound	被魅惑的军犬
zombie wizard	僵尸巫师
zombie wyvern	虚无双足飞龙
zombie-proof	僵尸抗体
zombification	僵尸
zombify	僵尸化
zona seeker	虚无探索者
zoom in	放大
zoomdoom	哥布火箭
zoredonite	佐菊石
zorgor the boundless	佐戈永结桥
zot armored fiend	佐特武装魔神
zot armored weapon	佐特武装重甲
zot death claw	佐特魔导死亡爪
zot gunship	佐特魔导炮艇
zot hypertuned	佐特超级调整兵
zot predator	佐特魔导猎手
zot roader	佐特魔导机车大魔
zot sky armor	佐特魔导浮空装甲
zot umbril	佐特蚀影
zuiko-maru	瑞光丸
zukin shellbreaker	指挥者 头巾
zumshs aath deepdread	深海恶 兹姆嘶·渊斯
zundu fugitive	逃亡的尊杜奴隶
zundu warrior	尊杜族战士
zundu warriors	尊杜族战士们
zundu watch	尊杜哨兵
zuniceratops	祖尼角龙
zuprtik point	斯匹塔克阵地
zuro roggo	歌圣 兹罗·罗格
zwerchhau	交击斩
zymology	腐臭庭园
